                      (        forth.asm):00001         * 6309 Forth based on my 1984/07/16 TRS-80 Model 1 level II ROM implementation.
                      (        forth.asm):00002         *
                      (        forth.asm):00003         * This work is dedicated to Alain Pinaud, author of "Programmer en Forth"
                      (        forth.asm):00004         * published by Editions du P.S.I. in 1983--i.e. my virtual mentor in the field.
                      (        forth.asm):00005         * Special thanks go William Astle for his fantastic LW Tools utility set and
                      (        forth.asm):00006         * to Robert Lipe for his advice on serial line handling. Apache subversion
                      (        forth.asm):00007         * and the sdiff utility also were on my side all the time.
                      (        forth.asm):00008         *
                      (        forth.asm):00009         * Also credited for their help: Justin Poirier (seminal HW design), Daniel
                      (        forth.asm):00010         * Tufvesson (original CompactFlash interface), Peter Minuth (general Forth
                      (        forth.asm):00011         * guruness), Paul E. Bennett (ANSI compatibility advice); Michel Jean, Bill
                      (        forth.asm):00012         * Ragsdale, Pablo Hugo Reda, Matthias Koch, Demitri Peynado and Bernd Paysan
                      (        forth.asm):00013         * for contributed application level code; Carsten Strotmann for most of the
                      (        forth.asm):00014         * benchmarking code (see https://theultimatebenchmark.org/); Gerry Jackson and
                      (        forth.asm):00015         * Steve R. Palmer (see https://github.com/gerryjackson/forth2012-test-suite)
                      (        forth.asm):00016         * for selected bits and pieces of the Forth2012 test suite
                      (        forth.asm):00017         * (see https://forth-standard.org/).
                      (        forth.asm):00018         *
                      (        forth.asm):00019         * This is a native Forth. Not a threaded interpretive implementation.
                      (        forth.asm):00020         * Worth noticing is the fact that the return stack does not hold return
                      (        forth.asm):00021         * addresses at all. All what is stored there is loop indexes and input stream
                      (        forth.asm):00022         * parameters. Actual return addresses are kept in the system stack. All in all,
                      (        forth.asm):00023         * this is the result of the work of a 19 year old, heavily revisited 35 years
                      (        forth.asm):00024         * later. The downside of this implementation is that the generated code is
                      (        forth.asm):00025         * about 30% larger than a threaded interpretive implementation would be.
                      (        forth.asm):00026         * So it goes...
                      (        forth.asm):00027         *
                      (        forth.asm):00028         * Control flow constructs have been re-implemented based on Wonyong Koh's
                      (        forth.asm):00029         * hForth for the 8086. The original code can be consulted at
                      (        forth.asm):00030         * https://github.com/nealcrook/hForth. Of particular interest is
                      (        forth.asm):00031         * 8086/HF86RAM.ASM. Entries on the control flow stack (implemented on a
                      (        forth.asm):00032         * dedicated stack) are two cell entities that consist of a parameter
                      (        forth.asm):00033         * (an address), on the top of which a tag identifying the type of address
                      (        forth.asm):00034         * is pushed. They are:
                      (        forth.asm):00035         *
                      (        forth.asm):00036         * Control-flow stack item    Representation (parameter and type)
                      (        forth.asm):00037         * -----------------------    -------------------------------------
                      (        forth.asm):00038         * dest                       control-flow destination      0
                      (        forth.asm):00039         * orig                       control-flow origin           1
                      (        forth.asm):00040         * of-sys                     OF origin                     2 [1]
                      (        forth.asm):00041         * case-sys                   x (any value)                 3 [1]
                      (        forth.asm):00042         * do-sys                     ?DO origin                    DO destination
                      (        forth.asm):00043         * colon-sys                  xt of current definition     -1 [1]
                      (        forth.asm):00044         *
                      (        forth.asm):00045         * [1] Not implemented in Z79Forth/A.
                      (        forth.asm):00046         * 
                      (        forth.asm):00047         * This mechanism allows for verification of balanced control flow constructs.
                      (        forth.asm):00048         *
                      (        forth.asm):00049         * The code generated is limited to a very small instruction set:
                      (        forth.asm):00050         *
                      (        forth.asm):00051         * LDXOPC        $8E     LDX (immediate)
                      (        forth.asm):00052         * JMPOPC        $7E     JMP (extended)
                      (        forth.asm):00053         * JSROPC        $BD     JSR (extended)
                      (        forth.asm):00054         * RTSOPC        $39     RTS (inherent)
                      (        forth.asm):00055         * BCSOPC        $2503   BCS *+5 (relative) Used in LOOP, +LOOP
                      (        forth.asm):00056         * BNEOPC        $2603   BNE *+5 (relative) Used in ?DO, IF, UNTIL
                      (        forth.asm):00057         *
                      (        forth.asm):00058         * On error (uncaught exception), all stacks will be cleared, BASE will be set to
                      (        forth.asm):00059         * decimal and the system stack pointer (Sreg) will be reset.
                      (        forth.asm):00060         * ABORT ABORT" and QUIT enforce their own ANS94 standard behaviour.
                      (        forth.asm):00061         *
                      (        forth.asm):00062         * RESTRICT is non-standard. It comes from GNU Forth (VolksForth). The " OK"
                      (        forth.asm):00063         * non-prompt string also does, by the way. Thanks to Anton Ertl for his terse
                      (        forth.asm):00064         * yet valuable input.
                      (        forth.asm):00065         *
                      (        forth.asm):00066         * .' (dot-tick) is non-standard. It comes from SwiftForth. It will be supported
                      (        forth.asm):00067         * whether or not the symbolic stack dump has been configured (see SSDFEAT in
                      (        forth.asm):00068         * constants.asm). However, please note that effective symbolic references will
                      (        forth.asm):00069         * be resolved only if the feature was enabled at compilation time. Otherwise
                      (        forth.asm):00070         * a simple HEX print of the cell at the top of the data stack will be
                      (        forth.asm):00071         * performed. This is meant to support Forth source code that does not depend
                      (        forth.asm):00072         * on the feature vector (see examples/dis.4th).
                      (        forth.asm):00073         *
                      (        forth.asm):00074         * MONITOR and ICHECK are also non-standard. They are intended to maintain and
                      (        forth.asm):00075         * verify the integrity of a checksum of the code section of RAM resident
                      (        forth.asm):00076         * words, with the exception of VARIABLEs and CREATEd words. CREATEd words,
                      (        forth.asm):00077         * if subject to the MONITOR treatment will also carry a code section
                      (        forth.asm):00078         * checksum, although this is not the default behaviour. The checksum will
                      (        forth.asm):00079         * consist in an extra byte added to every word's header. MONITOR and ICHECK
                      (        forth.asm):00080         * will be available whether or not the reliability feature has been configured
                      (        forth.asm):00081         * (see RELFEAT in constants.asm). They will only carry effective semantics
                      (        forth.asm):00082         * if the feature was actually enabled at compilation time. This is meant to
                      (        forth.asm):00083         * support Forth source code that does not depend on the feature vector.
                      (        forth.asm):00084         *
                      (        forth.asm):00085         * Experimental MC146818 RTC support: the feature is disabled by default
                      (        forth.asm):00086         * (see RTCFEAT in constants.asm) because it relies on undocumented schematics.
                      (        forth.asm):00087         * Also, the required underlying circuitry is not intended to ever become an
                      (        forth.asm):00088         * integral part of the Z79Forth reference board itself. Some better designed
                      (        forth.asm):00089         * form of it might eventually surface in the form of an extension specification.
                      (        forth.asm):00090         * At the time of this writing this is just a proof of concept, but whether or
                      (        forth.asm):00091         * not the feature is enabled, three extra words will be added to the dictionary.
                      (        forth.asm):00092         * They are RTC@ RTC! and TICKS They can be safely ignored.
                      (        forth.asm):00093         *
                      (        forth.asm):00094         * Forth source code portability note:
                      (        forth.asm):00095         * Because Z79Forth does not use the return stack to store return addresses,
                      (        forth.asm):00096         * it makes it quite easy to write code that is not readily portable to classic
                      (        forth.asm):00097         * threaded interpretive implementations. The resulting code will be simpler but
                      (        forth.asm):00098         * portability will be limited.
                      (        forth.asm):00099         *
                      (        forth.asm):00100         * Miscellaneous notes: RA stands for return address; EP for entry point.
                      (        forth.asm):00101         * CF is a shortcut for CompactFlash. TOS means top of the data/normal stack.
                      (        forth.asm):00102         * Occasionally, CFA is used for code field address which, in this
                      (        forth.asm):00103         * implementation, is a synonym for compilation address. XT means execution
                      (        forth.asm):00104         * token--the ANSI term for a compilation address. MSC stands for most
                      (        forth.asm):00105         * significant cell; LSC for least significant cell.
                      (        forth.asm):00106         *
                      (        forth.asm):00107         * The complete guide to the HD6309 extended instruction set can be found at:
                      (        forth.asm):00108         * https://cyberabi.ipower.com/Downloads/The_6309_Book.pdf. For convenience,
                      (        forth.asm):00109         * and with the author's explicit agreement, this document has been included
                      (        forth.asm):00110         * in this distribution. This is recommended reading for anyone altering this
                      (        forth.asm):00111         * code or trying to make some sense of it!!!
                      (        forth.asm):00112         *
                      (        forth.asm):00113         * This whole effort started out as a porting endeavour and ended up being a
                      (        forth.asm):00114         * substantial rewrite, trying to take advantage of the features of the 6309
                      (        forth.asm):00115         * as much as possible. The primary goals of this implementation are:
                      (        forth.asm):00116         * reliability, performance and code compactness. A number of bugs in the
                      (        forth.asm):00117         * original code have been fixed--some remain for sure!
                      (        forth.asm):00118         *
                      (        forth.asm):00119         * Obligatory literary reference:
                      (        forth.asm):00120         * "The paper is very heavy going, and I should never have read it, had I not
                      (        forth.asm):00121         * written it myself." John E. Littlewood (1885-1977).
                      (        forth.asm):00122         *
                      (        forth.asm):00123         * The original soundtrack for this work is available at:
                      (        forth.asm):00124         * https://youtu.be/YqXZtGyFyDo?t=4023 (J.S. Bach BWV 1080, contrapunctus 14).
                      (        forth.asm):00125         
0000                  (        forth.asm):00126         pragma  opt cd,operandsizewarning
                      (        forth.asm):00127         
                      (        forth.asm):00128                 include constants.asm
                      (    constants.asm):00001         * Begin tunable parameters section.
                      (    constants.asm):00002         
     0000             (    constants.asm):00003         CSSNTVE equ     0               Words and HEX numbers are case sensitive if NZ
     0001             (    constants.asm):00004         SSDFEAT equ     1               Set to 1 to enable the symbolic stack dump feat
     0001             (    constants.asm):00005         RELFEAT set     1               Set to 1 to enable the reliability feature
     0000             (    constants.asm):00006         MCCABE  set     0               Exception support require this to be disabled
                      (    constants.asm):00007         
     0000             (    constants.asm):00008         RTCFEAT equ     0               Cool but the reliability feature must go...
     0000             (    constants.asm):00009         DEBUG   set     0               Enforce assertions and miscellaneous checks
     0001             (    constants.asm):00010         HVNMI   equ     1               NMI handler support
     0000             (    constants.asm):00011         HVNMI2  equ     0               NMI handler support (async input debugging)
                      (    constants.asm):00012         * Loop count for MS. This is busy waiting, so we depend on the CPU clock speed.
     031A             (    constants.asm):00013         MSLCNT  equ     794             at 4 MHz native mode
                      (    constants.asm):00014         *MSLCNT equ     994             at 5 MHz native mode
                      (    constants.asm):00015         
                      (    constants.asm):00016         * End tunable parameters section.
                      (    constants.asm):00017         
                      (    constants.asm):00018                 IFNE    RTCFEAT
0000                  (    constants.asm):00019         RELFEAT set     0               RTCFEAT disables RELFEAT
                      (    constants.asm):00020                 ELSE
                      (    constants.asm):00021                 IFNE    HVNMI
                      (    constants.asm):00022                 IFNE    HVNMI2
0000                  (    constants.asm):00023         RELFEAT set     0               (HVNMI and HVNMI2) disable RELFEAT
                      (    constants.asm):00024                 ENDC                    HVNMI2
                      (    constants.asm):00025                 ENDC                    HVNMI
                      (    constants.asm):00026                 ENDC                    RTCFEAT
                      (    constants.asm):00027         
                      (    constants.asm):00028         * Intrinsic ANS94 support prevents both DEBUG and the reliability feature.
     0000             (    constants.asm):00029         RELFEAT set     0
     0000             (    constants.asm):00030         DEBUG   set     0
                      (    constants.asm):00031         
                      (    constants.asm):00032         * Memory map.
     0000             (    constants.asm):00033         RAMSTRT equ     $0000
     8000             (    constants.asm):00034         RAMSIZE equ     $8000
     C000             (    constants.asm):00035         IOSTRT  equ     $C000
     E000             (    constants.asm):00036         ROMSTRT equ     $E000
     FFF0             (    constants.asm):00037         VECTBL  equ     $FFF0
                      (    constants.asm):00038         
                      (    constants.asm):00039         * Base address for global variables (direct page addressed).
     0100             (    constants.asm):00040         VARSPC  equ     $100
                      (    constants.asm):00041         
                      (    constants.asm):00042         * The 74HCT138 (U7) IO address decoder maps one 1 KB area per usable device.
     C000             (    constants.asm):00043         DEV0    equ     $C000           Compact Flash memory module (optional)
     C400             (    constants.asm):00044         DEV1    equ     $C400
     C800             (    constants.asm):00045         DEV2    equ     $C800
     CC00             (    constants.asm):00046         DEV3    equ     $CC00
     D000             (    constants.asm):00047         DEV4    equ     $D000
     D400             (    constants.asm):00048         DEV5    equ     $D400           MC146818 RTC (optional)
     D800             (    constants.asm):00049         DEV6    equ     $D800           HD63B50 unit 0
     DC00             (    constants.asm):00050         DEV7    equ     $DC00
                      (    constants.asm):00051         
     D800             (    constants.asm):00052         ACIACTL equ     DEV6
     D801             (    constants.asm):00053         ACIADAT equ     DEV6+1
                      (    constants.asm):00054         
                      (    constants.asm):00055         * ACIA control register bits.
     0003             (    constants.asm):00056         ACRST   equ     %00000011       ACIA master reset
                      (    constants.asm):00057         
                      (    constants.asm):00058         * 1.84320 MHz Y1: 115200 bps in the direct path, 38400 bps in the DIV3 path
     0001             (    constants.asm):00059         ACDIV16 equ     %00000001       ACIA div 16
                      (    constants.asm):00060         
     0014             (    constants.asm):00061         AC8N1   equ     %00010100       ACIA 8N1
     0000             (    constants.asm):00062         ACRTS0  equ     %00000000       ACIA RTS# low
     0040             (    constants.asm):00063         ACRTS1  equ     %01000000       ACIA RTS# high
     0080             (    constants.asm):00064         ACRDINT equ     %10000000       IRQ on RDRF
                      (    constants.asm):00065         
     0043             (    constants.asm):00066         ACIRSET equ     ACRTS1|ACRST
     00D5             (    constants.asm):00067         ACIRTS1 equ     ACRTS1|ACRDINT|AC8N1|ACDIV16
     0095             (    constants.asm):00068         ACIRTS0 equ     ACRTS0|ACRDINT|AC8N1|ACDIV16
                      (    constants.asm):00069         
                      (    constants.asm):00070         * ACIA status register bits.
     0001             (    constants.asm):00071         ACIRDRF equ     %00000001       Receive data register full
     0002             (    constants.asm):00072         ACITDRE equ     %00000010       Transmit data register empty
     0020             (    constants.asm):00073         ACIOVRN equ     %00100000       Overrun status register bit
     0080             (    constants.asm):00074         ACIISVC equ     %10000000       Interrupt needs servicing
                      (    constants.asm):00075         
                      (    constants.asm):00076         * Compact Flash parameters.
     C000             (    constants.asm):00077         CFBASE  equ     DEV0
     C000             (    constants.asm):00078         CFDATAR equ     CFBASE          R/W data register
     C001             (    constants.asm):00079         CFERROR equ     CFBASE+1        RO error register
     C001             (    constants.asm):00080         CFFEATR equ     CFBASE+1        WO features register
     C002             (    constants.asm):00081         CFSCNTR equ     CFBASE+2        R/W sector count register
     C003             (    constants.asm):00082         CFSNUMR equ     CFBASE+3        R/W sector number register
     C004             (    constants.asm):00083         CFCLOWR equ     CFBASE+4        R/W cylinder low register
     C005             (    constants.asm):00084         CFCHIGR equ     CFBASE+5        R/W cylinder high register
     C006             (    constants.asm):00085         CFDRHDR equ     CFBASE+6        R/W drive/head register
     C007             (    constants.asm):00086         CFSTATR equ     CFBASE+7        RO status register
     C007             (    constants.asm):00087         CFCOMDR equ     CFBASE+7        WO command register
                      (    constants.asm):00088         
                      (    constants.asm):00089         * CF status bits.
     0080             (    constants.asm):00090         CFBSYB  equ     %10000000       BSY status bit
     0040             (    constants.asm):00091         CFRDYB  equ     %01000000       RDY status bit
     0020             (    constants.asm):00092         CFDWFB  equ     %00100000       DWF status bit (not used)
     0010             (    constants.asm):00093         CFDSCB  equ     %00010000       DSC status bit (not used)
     0008             (    constants.asm):00094         CFDRQB  equ     %00001000       DRQ status bit
     0001             (    constants.asm):00095         CFERRB  equ     %00000001       ERR status bit
                      (    constants.asm):00096         
     0200             (    constants.asm):00097         CFSCSZ  equ     $200            Compact Flash (IDE) sector size
                      (    constants.asm):00098         
                      (    constants.asm):00099         * CF commands.
     00EC             (    constants.asm):00100         CFIDDEV equ     $EC             Identify Device
     00EF             (    constants.asm):00101         CFSETFT equ     $EF             Set Feature
     0020             (    constants.asm):00102         CFRSCTS equ     $20             Read Sectors
     0030             (    constants.asm):00103         CFWSCTS equ     $30             Write Sectors
                      (    constants.asm):00104         
                      (    constants.asm):00105         * Buffer in-memory structure:
                      (    constants.asm):00106         * data: 1024 bytes.
                      (    constants.asm):00107         * term: Deprecated: 1 byte set to 0.
                      (    constants.asm):00108         * flags: 1 byte.
                      (    constants.asm):00109         * blknum: 2 bytes.
     0001             (    constants.asm):00110         BINUSE  equ     1               Buffer is allocated (the blknum field is valid)
     0002             (    constants.asm):00111         BMAPPD  equ     2               Block has been read from the CF device
     0004             (    constants.asm):00112         BDIRTY  equ     4               Block has been marked for update
     0400             (    constants.asm):00113         BLKSIZ  equ     2*CFSCSZ        Block size is 2 CF sectors (1 KB)
                      (    constants.asm):00114         * Buffer field offsets.
                      (    constants.asm):00115         * BOTERM is deprecated in the ANS94 implementation.
                      (    constants.asm):00116         *BOTERM equ     BLKSIZ  Base buffer to the 'term' field offset
     0401             (    constants.asm):00117         BOFLAGS equ     BLKSIZ+1        Base buffer to the 'flags' field offset
     0402             (    constants.asm):00118         BOBLKNO equ     BLKSIZ+2        Base buffer to the 'blknum' field offset
                      (    constants.asm):00119         
     0410             (    constants.asm):00120         BFDISP  equ     BUF1-BUF0       Offset between resident buffers
                      (    constants.asm):00121         
                      (    constants.asm):00122                 IFNE    RTCFEAT
                      (    constants.asm):00123         * MC146818 RTC registers.
0000                  (    constants.asm):00124         RTAS    equ     DEV5            Latch target register address offset
0000                  (    constants.asm):00125         RTDS    equ     (DEV5+1)        Actual target register access
                      (    constants.asm):00126         * RTC internal register offsets.
0000                  (    constants.asm):00127         RTOSEC  equ     0               Seconds
0000                  (    constants.asm):00128         RTOSECA equ     1               Seconds alarm
0000                  (    constants.asm):00129         RTOMIN  equ     2               Minutes
0000                  (    constants.asm):00130         RTOMINA equ     3               Minutes alarm
0000                  (    constants.asm):00131         RTOHOUR equ     4               Hours
0000                  (    constants.asm):00132         RTOHRA  equ     5               Hours alarm
0000                  (    constants.asm):00133         RTODOW  equ     6               Day of week
0000                  (    constants.asm):00134         RTODOM  equ     7               Day of month
0000                  (    constants.asm):00135         RTOMON  equ     8               Month
0000                  (    constants.asm):00136         RTOYEAR equ     9               Year
0000                  (    constants.asm):00137         RTOREGA equ     10              Register A
0000                  (    constants.asm):00138         RTOREGB equ     11              Register B
0000                  (    constants.asm):00139         RTOREGC equ     12              Register C
0000                  (    constants.asm):00140         RTOREGD equ     13              Register D
0000                  (    constants.asm):00141         RTOUMB  equ     14              Base of user defined NVRAM storage
0000                  (    constants.asm):00142         RTUMSZ  equ     50              Size of user defined NVRAM storage
0000                  (    constants.asm):00143         RTOPRES equ     (RTOUMB+RTUMSZ-1) RTC NVRAM offset for dectecting dev presence
                      (    constants.asm):00144         
                      (    constants.asm):00145         * Register A bits.
0000                  (    constants.asm):00146         RTAUIP  equ     $80             Update in progress
0000                  (    constants.asm):00147         RTADVRS equ     $70             Divider reset, not in operation
0000                  (    constants.asm):00148         RTADV32 equ     $20             In operation, 32 KHz time base
0000                  (    constants.asm):00149         RTARS64 equ     $A              32 KHz time base, 64 Hz PI (every 15.625 ms)
                      (    constants.asm):00150         
                      (    constants.asm):00151         * Register B bits.
0000                  (    constants.asm):00152         RTBSET  equ     $80
0000                  (    constants.asm):00153         RTBPIE  equ     $40
0000                  (    constants.asm):00154         RTBDM   equ     4               Set to 1 for binary register contents
0000                  (    constants.asm):00155         RTB24   equ     2               Set to 1 for 24 hour format
                      (    constants.asm):00156         
                      (    constants.asm):00157         * Register C bits.
0000                  (    constants.asm):00158         RTCPF   equ     $40             Periodic interrupt pending flag
                      (    constants.asm):00159                 ENDC                    RTCFEAT
                      (    constants.asm):00160         
                      (    constants.asm):00161         * ASCII trivia.
     0000             (    constants.asm):00162         NUL     equ     0               End of string marker
     0003             (    constants.asm):00163         ETX     equ     3               Control-C (intr)
     0008             (    constants.asm):00164         BS      equ     8               Backspace
     0009             (    constants.asm):00165         HT      equ     9               Horizontal tab
     000A             (    constants.asm):00166         LF      equ     $0A             Aka new line
     000D             (    constants.asm):00167         CR      equ     $0D             Carriage return
     0015             (    constants.asm):00168         NAK     equ     $15             Control-U (kill)
     0020             (    constants.asm):00169         SP      equ     $20             Aka BL in Forth
     0013             (    constants.asm):00170         XOFF    equ     $13             Aka DC3
     0011             (    constants.asm):00171         XON     equ     $11             Aka DC1
                      (    constants.asm):00172         
                      (    constants.asm):00173         * Stack sizes.
     0100             (    constants.asm):00174         NSTKSZ  equ     256             Expressed in bytes. Now only limited by RAM size
     0100             (    constants.asm):00175         RSTKSZ  equ     256             Expressed in bytes. Up to 64 nested loops
     0080             (    constants.asm):00176         CSTKSZ  equ     128             Expressed in bytes. Up to 32 double cells
     0030             (    constants.asm):00177         ESTKSZ  equ     (8*6)           Expressed in bytes. 8 exception frames.
                      (    constants.asm):00178         
                      (    constants.asm):00179         * Buffer sizes.
     0084             (    constants.asm):00180         CMDBFSZ equ     132             Command line entry buffer
     0050             (    constants.asm):00181         HEXBFSZ equ     80
     0048             (    constants.asm):00182         TBUFSZ  equ     72              Used by VLIST to print word name and CVNSTR
     0054             (    constants.asm):00183         PADBSZ  equ     84              79-STANDARD mandates a minimum of 64 bytes
     0040             (    constants.asm):00184         SERBSZ  equ     64              Serial buffer size. Needs to be a power of 2
                      (    constants.asm):00185         
                      (    constants.asm):00186         * Dictionary flag masks.
     0080             (    constants.asm):00187         IMDFLM  equ     $80             Immediate flag mask
     0040             (    constants.asm):00188         DEFFLM  equ     $40             Compilation only flag mask
                      (    constants.asm):00189                 IFNE    RELFEAT
0000                  (    constants.asm):00190         MONFLM  equ     $20             Monitored flag mask. This indicates that the
                      (    constants.asm):00191         *                               word to which it relates might be checked for
                      (    constants.asm):00192         *                               integrity. This applies by default to all words
                      (    constants.asm):00193         *                               defined with : and all constants. It might
                      (    constants.asm):00194         *                               also apply to any other CREATEd object by
                      (    constants.asm):00195         *                               resorting to the MONITOR word. Using MONITOR
                      (    constants.asm):00196         *                               on variable word contents is guaranteed to
                      (    constants.asm):00197         *                               raise ICHECK's attention.
                      (    constants.asm):00198                 ENDC
                      (    constants.asm):00199         
                      (    constants.asm):00200         * Division function codes and options.
     0000             (    constants.asm):00201         DVFSLMD equ     0               Function is /MOD
     0001             (    constants.asm):00202         DVFMOD  equ     1               Function is MOD
     0002             (    constants.asm):00203         DVFDIV  equ     2               Function is /
     0008             (    constants.asm):00204         DVOA1D  equ     8               Argument 1 is a double (FM/MOD SM/REM)
     0010             (    constants.asm):00205         DVOWSYM equ     16              Want symmetric division (default is floored)
     0007             (    constants.asm):00206         DVFMASK equ     7               Mask for extracting function codes
                      (    constants.asm):00207         
     001F             (    constants.asm):00208         WRLNMSK equ     $1F             31 character is the maximum word length
                      (    constants.asm):00209         
                      (    constants.asm):00210         * 6309 opcodes.
     008E             (    constants.asm):00211         LDXOPC  equ     $8E             LDX (immediate)
     007E             (    constants.asm):00212         JMPOPC  equ     $7E             JMP (extended)
     00BD             (    constants.asm):00213         JSROPC  equ     $BD             JSR (extended)
     0039             (    constants.asm):00214         RTSOPC  equ     $39             RTS (inherent)
     2503             (    constants.asm):00215         BCSOPC  equ     $2503           BCS *+5 (relative)
     2603             (    constants.asm):00216         BNEOPC  equ     $2603           BNE *+5 (relative)
     00C7             (    constants.asm):00217         ILLOPC  equ     $C7             An illegal operation code. Meant to raise a trap
                      (    constants.asm):00218         
     0001             (    constants.asm):00219         CFLAG   equ     1               CC bit 0 (C)
     0004             (    constants.asm):00220         ZFLAG   equ     4               CC bit 2 (Z)
     0010             (    constants.asm):00221         IFLAG   equ     $10             CC bit 4 (I)
     0040             (    constants.asm):00222         FFLAG   equ     $40             CC bit 6 (F)
                      (    constants.asm):00223         
                      (    constants.asm):00224         * RAM based execution token for @.
     0E34             (    constants.asm):00225         RAMFTCH set     WDICSPC+4       Dictionary header overhead is word's length + 3
                      (    constants.asm):00226                 IFNE    RELFEAT         The reliability features adds one byte to the
0000                  (    constants.asm):00227         RAMFTCH set     WDICSPC+5       header: a checksum.
                      (    constants.asm):00228                 ENDC
                      (    constants.asm):00229         
                      (    constants.asm):00230         * Error condition codes passed through Breg to SYSTHR8.
     FFFF             (    constants.asm):00231         EABORT  equ     -1      STD -- ABORT
     FFFE             (    constants.asm):00232         EABRTQ  equ     -2      STD -- ABORT"
     FFFD             (    constants.asm):00233         EDSOVF  equ     -3      STD -- DS overflow
     FFFC             (    constants.asm):00234         EDSUDF  equ     -4      STD -- DS underflow
     FFFB             (    constants.asm):00235         ERSOVF  equ     -5      STD -- RS overflow
     FFFA             (    constants.asm):00236         ERSUDF  equ     -6      STD -- RS underflow
     FFF7             (    constants.asm):00237         ESSEGV  equ     -9      STD -- Illegal argument (CHAR FIND PICK EXECUTE)
     FFF6             (    constants.asm):00238         EDIVZR  equ     -10     STD -- Division by zero (TRAP)
     FFF5             (    constants.asm):00239         EOORNG  equ     -11     STD -- OoR error
     FFF3             (    constants.asm):00240         EUNDEF  equ     -13     STD -- ? / Undefined word
     FFF2             (    constants.asm):00241         ESTATE  equ     -14     STD -- Incorrect STATE
     FFF0             (    constants.asm):00242         ENONAM  equ     -16     STD -- Missing word (POSTPONE : CREATE)
     FFED             (    constants.asm):00243         ENAMLN  equ     -19     STD -- Name too long
     FFEC             (    constants.asm):00244         ERONLY  equ     -20     STD -- RO word
     FFEB             (    constants.asm):00245         ENOSUP  equ     -21     STD -- IO error or TRAP (ILOP)
     FFEA             (    constants.asm):00246         EILCST  equ     -22     STD -- Illegal construct
     FFE4             (    constants.asm):00247         EUINTR  equ     -28     STD -- SIGINT
     FFE1             (    constants.asm):00248         ENOCRE  equ     -31     STD -- Not CREATEd
                      (    constants.asm):00249         * Allocated against the standard specification. These are not catchable--i.e.
                      (    constants.asm):00250         * we branch directly to ERRHDLR (under the 16 bit interface). They're not
                      (    constants.asm):00251         * recoverable anyway.
     FFE0             (    constants.asm):00252         EINOOR  equ     -32     >IN OoR
     FFDF             (    constants.asm):00253         EESOVF  equ     -33     ES overflow
                      (    constants.asm):00254         
                      (        forth.asm):00129         
                      (        forth.asm):00130         * Unchecked NPUSH. This is for situations in which there is absolutely no
                      (        forth.asm):00131         * chance of overflow. For instance, in case we just popped 2 cells and push
                      (        forth.asm):00132         * back one or two.
0000                  (        forth.asm):00133         UCNPUSH MACRO   NOEXPAND
                      (        forth.asm):00134                 pshu    x
                      (        forth.asm):00135                 ENDM
                      (        forth.asm):00136         
                      (        forth.asm):00137         * Unchecked NPOP. To be used only after trusted words have been invoked, i.e.
                      (        forth.asm):00138         * when one is positively sure that the data stack contains at least one cell.
0000                  (        forth.asm):00139         UCNPOP  MACRO   NOEXPAND
                      (        forth.asm):00140                 pulu    x
                      (        forth.asm):00141                 ENDM
                      (        forth.asm):00142         
                      (        forth.asm):00143         * Make sure minimum data stack requirements are satisfied upon word entry.
                      (        forth.asm):00144         * The requirement is expressed in cell size--2 bytes on the 6309.
                      (        forth.asm):00145         * \1 specifies the required number of cells.
0000                  (        forth.asm):00146         MINDREQ MACRO   NOEXPAND
                      (        forth.asm):00147                 ldd     #NSTBOT-(\1*2)  Cell count one expects to be stacked up
                      (        forth.asm):00148                 bra     CHKNDPT         No return if the condition is not met
                      (        forth.asm):00149                 ENDM
                      (        forth.asm):00150         
                      (        forth.asm):00151         * Reliability feature support: execution tokens.
                      (        forth.asm):00152         * \1 has the opcode we want to emit.
                      (        forth.asm):00153         * \2 has the execution token address, as if the header overhead always
                      (        forth.asm):00154         * was 3 bytes.
0000                  (        forth.asm):00155         RFXT    MACRO   NOEXPAND
                      (        forth.asm):00156                 IFNE    RELFEAT
                      (        forth.asm):00157                 \1      \2+1
                      (        forth.asm):00158                 ELSE
                      (        forth.asm):00159                 \1      \2
                      (        forth.asm):00160                 ENDC                    RELFEAT
                      (        forth.asm):00161                 ENDM
                      (        forth.asm):00162         
                      (        forth.asm):00163         * Reliability feature support: variable word header contents.
                      (        forth.asm):00164         * This is a dummy checksum only used for EEPROM resident words.
                      (        forth.asm):00165         * Those never are checked for code integrity by MONITOR.
0000                  (        forth.asm):00166         RFCS    MACRO   NOEXPAND
                      (        forth.asm):00167                 IFNE    RELFEAT
                      (        forth.asm):00168                 fcb     ILLOPC          Illegal opcode
                      (        forth.asm):00169                 ENDC                    RELFEAT
                      (        forth.asm):00170                 ENDM
                      (        forth.asm):00171         
                      (        forth.asm):00172         *******************************************************************************
                      (        forth.asm):00173         * RAM definitions. We cannot initialize globals from the assembly defs.
                      (        forth.asm):00174         * All we can do here is define addresses and size things up.
                      (        forth.asm):00175         
                      (        forth.asm):00176         * RAMSTRT is 0. We leave page 0 unused as a bug proof area.
                      (        forth.asm):00177         * When compiled in debug mode, this area is filled with illegal
                      (        forth.asm):00178         * instruction opcodes ($C7).
                      (        forth.asm):00179         
                      (        forth.asm):00180                 org     VARSPC
                      (        forth.asm):00181         
                      (        forth.asm):00182         * Global pointers.
0100                  (        forth.asm):00183         RSP     rmb     2               The return stack pointer
0102                  (        forth.asm):00184         CSP     rmb     2               The control flow stack pointer
0104                  (        forth.asm):00185         ESP     rmb     2               The exception stack pointer
0106                  (        forth.asm):00186         QUAD    rmb     4               Needed for CSROL1 on the control flow stack
010A                  (        forth.asm):00187         TOKENSP rmb     2               Token start pointer (STRS)
010C                  (        forth.asm):00188         TOKENEP rmb     2               Token end pointer (STRE)
010E                  (        forth.asm):00189         LSTWAD  rmb     2               Last defined word header pointer--LAST
0110                  (        forth.asm):00190         DICEND  rmb     2               Current end of the dictionary--HERE
0112                  (        forth.asm):00191         BLSTWAD rmb     2               Backup (was IX)
0114                  (        forth.asm):00192         BDICEND rmb     2               Backup (was IY)
0116                  (        forth.asm):00193         PLOAD   rmb     2               Word payload if found by SWDIC
0118                  (        forth.asm):00194         FNDPLD  rmb     2               Last code payload reported by FIND
011A                  (        forth.asm):00195         RECADDR rmb     2               Used by RECURSE
011C                  (        forth.asm):00196         JSRLAST rmb     2               Last compilation address of #JSROPC
011E                  (        forth.asm):00197         FWDREF  rmb     2               Address of the last forward reference
0120                  (        forth.asm):00198         RAKEVAR rmb     2               Linked list of LEAVE forward references
0122                  (        forth.asm):00199         VLPRVEP rmb     2               Used in WORDS to compute word code length
0124                  (        forth.asm):00200         VLPRVHD rmb     2               Used in WORDS to compute word code length
0126                  (        forth.asm):00201         MRUBUFA rmb     2               Most recently used buffer address
0128                  (        forth.asm):00202         BSBFADR rmb     2               Base buffer address for the input stream
                      (        forth.asm):00203         
                      (        forth.asm):00204         * Global variables.
012A                  (        forth.asm):00205         UBASE   rmb     2               Base for numbers input and output--BASE
012C                  (        forth.asm):00206         USTATE  rmb     2               0 if interpreting, 255 if compiling--STATE
012E                  (        forth.asm):00207         ISLEN   rmb     2               Input stream length
0130                  (        forth.asm):00208         ISEADDR rmb     2               End of input stream address (excluded)
0132                  (        forth.asm):00209         UTOIN   rmb     2               User variable for >IN
0134                  (        forth.asm):00210         UBLK    rmb     2               User variable for BLK
0136                  (        forth.asm):00211         USCR    rmb     2               User variable for SCR (output for LIST)
0138                  (        forth.asm):00212         TIKSHI  rmb     2               RTC clock ticks updated on FIRQ
013A                  (        forth.asm):00213         TIKSLOW rmb     2               RTC clock ticks updated on FIRQ
                      (        forth.asm):00214                 IFNE    DEBUG
013C                  (        forth.asm):00215         CCREG   rmb     2               A DEBUG variable for predicates (see CMP2)
                      (        forth.asm):00216                 ENDC                    DEBUG
                      (        forth.asm):00217                 IFNE    HVNMI
                      (        forth.asm):00218                 IFNE    HVNMI2
013C                  (        forth.asm):00219         SBDROPC rmb     2               Char. drop count for serial input (see FIRQHDL)
                      (        forth.asm):00220                 ENDC                    HVNMI2
                      (        forth.asm):00221                 ENDC                    HVNMI
013C                  (        forth.asm):00222         ANCMPF  rmb     1               Anonymous compilation flag
013D                  (        forth.asm):00223         BALNCD  rmb     1               Balanced flag for control flow constructs
013E                  (        forth.asm):00224         BASBKUP rmb     1               BASE backup when a base prefix is in use
013F                  (        forth.asm):00225         DIVFCN  rmb     1               Flag used by /, MOD and /MOD
0140                  (        forth.asm):00226         DIVDBL  rmb     1               DIV: N1 is a double (flag)
0141                  (        forth.asm):00227         DIVSYM  rmb     1               DIV: symmetric division required (flag)
0142                  (        forth.asm):00228         MULFCN  rmb     1               Flag used by *, M*
0143                  (        forth.asm):00229         F83DIVF rmb     1               FORTH-83 adjusment flag for floored division
0144                  (        forth.asm):00230         STSLFCN rmb     1               Flag used by */, */MOD
0145                  (        forth.asm):00231         CVTFCN  rmb     1               CVT: 0 => # semantics, 1 => #S semantics
0146                  (        forth.asm):00232         ISNEGF  rmb     1               Number being scanned is negative
0147                  (        forth.asm):00233         ISDBLF  rmb     1               Number being scanned is a double
0148                  (        forth.asm):00234         CVISSGN rmb     1               Flag: should CVNSTR consider numbers as signed
0149                  (        forth.asm):00235         CURTOKL rmb     1               Current token length. Set by SWDIC
014A                  (        forth.asm):00236         SVCTOKL rmb     1               Saved current token length. Set by NUMCVT
014B                  (        forth.asm):00237         IMDFLG  rmb     1               Immediate flag
014C                  (        forth.asm):00238         DEFFLG  rmb     1               Define flag
014D                  (        forth.asm):00239         RTCAVL  rmb     1               NZ if real time clock is present
014E                  (        forth.asm):00240         CFCARDP rmb     1               NZ if CF card present
014F                  (        forth.asm):00241         CFCMMIR rmb     1               Last CF command issued
0150                  (        forth.asm):00242         CFERRCD rmb     1               and the corresponding error code
0151                  (        forth.asm):00243         SRCID   rmb     1               ANSI SOURCE-ID (internal only)
                      (        forth.asm):00244                 IFNE    MCCABE
0152                  (        forth.asm):00245         CYCLO   rmb     1               McCabe cyclomatic complexity counter
                      (        forth.asm):00246                 ENDC
0152                  (        forth.asm):00247         SQUOTFN rmb     1               NZ only if running WORD from S" (or .")
                      (        forth.asm):00248         
                      (        forth.asm):00249         * Serial buffer parameters. Queing happens on FIRQ.
                      (        forth.asm):00250         * Dequeing occurs when GETCH is invoked.
0153                  (        forth.asm):00251         SERBENQ rmb     1               Enqueue offset
0154                  (        forth.asm):00252         SERBDEQ rmb     1               Dequeue offset
0155                  (        forth.asm):00253         SERBCNT rmb     1               Buffer byte count
0156                  (        forth.asm):00254         XMITOK  rmb     1               Software flow control on output flag
0157                  (        forth.asm):00255         SERBUF  rmb     SERBSZ          The actual buffer
                      (        forth.asm):00256         
0197                  (        forth.asm):00257         TBUFF   rmb     TBUFSZ          Output for CVNSTR
01DF                  (        forth.asm):00258         HEXBUF  rmb     HEXBFSZ
022F                  (        forth.asm):00259         CMDBUF  rmb     CMDBFSZ
                      (        forth.asm):00260         
02B3                  (        forth.asm):00261         PADBUF  rmb     PADBSZ          PAD lives here.
0307                  (        forth.asm):00262         APADBUF rmb     PADBSZ          Alternate PAD here. Used by <#, #, #S, #>
                      (        forth.asm):00263         
                      (        forth.asm):00264         * The normal (data) stack.
035B 00               (        forth.asm):00265                 align   2
                      (        forth.asm):00266         * Overflow area for exception processing.
035C                  (        forth.asm):00267                 rmb     2               2 bytes for the uncaught exception number.
     035E             (        forth.asm):00268         NSTTOP  equ     *               U's value when the data stack is full
035E                  (        forth.asm):00269                 rmb     NSTKSZ
     045E             (        forth.asm):00270         NSTBOT  equ     *               U's value when the data stack is empty
                      (        forth.asm):00271         
                      (        forth.asm):00272         * The return stack.
     045E             (        forth.asm):00273         RSTTOP  equ     *
045E                  (        forth.asm):00274                 rmb     RSTKSZ
     055E             (        forth.asm):00275         RSTBOT  equ     *
                      (        forth.asm):00276         
                      (        forth.asm):00277         * The control flow stack.
     055E             (        forth.asm):00278         CSTTOP  equ     *
055E                  (        forth.asm):00279                 rmb     CSTKSZ
     05DE             (        forth.asm):00280         CSTBOT  equ     *
                      (        forth.asm):00281         
                      (        forth.asm):00282         * The exception stack.
     05DE             (        forth.asm):00283         ESTTOP  equ     *
05DE                  (        forth.asm):00284                 rmb     ESTKSZ
     060E             (        forth.asm):00285         ESTBOT  equ     *
                      (        forth.asm):00286         
060E 0000             (        forth.asm):00287                 align   16
0610                  (        forth.asm):00288         BUF0    rmb     BLKSIZ+4
                      (        forth.asm):00289         
0A14 0000000000000000 (        forth.asm):00290                 align   16
     00000000
0A20                  (        forth.asm):00291         BUF1    rmb     BLKSIZ+4
                      (        forth.asm):00292         
                      (        forth.asm):00293         *******************************************************************************
                      (        forth.asm):00294         * Writable dictionary section begins right here. We cannot have anything
                      (        forth.asm):00295         * statically defined at this point. Therefore, FORTHIN moves the code for @
                      (        forth.asm):00296         * to this location and sets up DICEND and LSTWAD accordingly. All the RAM
                      (        forth.asm):00297         * beyond this point (after the reallocated @ implementation) is user defined
                      (        forth.asm):00298         * material. Note that builtin words, though they cannot be forgotten (to the
                      (        forth.asm):00299         * extent they are ROM resident--not to mention inter-word dependencies),
                      (        forth.asm):00300         * might still be overridden by user definitions. WORDS will happily ignore
                      (        forth.asm):00301         * that fact and list everything in the dictionary linked list order.
                      (        forth.asm):00302         
0E24 0000000000000000 (        forth.asm):00303                 align   16
     00000000
     0E30             (        forth.asm):00304         WDICSPC equ     *
                      (        forth.asm):00305         
                      (        forth.asm):00306         *******************************************************************************
                      (        forth.asm):00307         * ROM code begins.
                      (        forth.asm):00308         
                      (        forth.asm):00309                 org     ROMSTRT
                      (        forth.asm):00310         
                      (        forth.asm):00311         * Trap handler: division by zero or illegal opcode. See page 4-10 of "The 6309
                      (        forth.asm):00312         * Book" for a description of interrupt stacks in native 6309 mode.
E000 8EFF17           (        forth.asm):00313 (3)     IODZHDL ldx     #DV0ERRM        Assume division by zero TRAP
E003 C6F6             (        forth.asm):00314 (2)             ldb     #EDIVZR         "Division by zero" error code
E005 113C80           (        forth.asm):00315 (4)             bitmd   #$80            Division by zero?
E008 2608             (        forth.asm):00316 (3)             bne     @reslvd
E00A 113C40           (        forth.asm):00317 (4)             bitmd   #$40            Illegal opcode...
E00D 8EFF11           (        forth.asm):00318 (3)             ldx     #IOPERRM        ...is the only other possibility
E010 C6EB             (        forth.asm):00319 (2)             ldb     #ENOSUP         "Operation not supported" error code
E012 E762             (        forth.asm):00320 (4+1)   @reslvd stb     2,s             Pass error code to SYSTHR8 (via B)
E014 BDE2F4           (        forth.asm):00321 (7)             jsr     PUTS
E017 EC6C             (        forth.asm):00322 (5+1)           ldd     12,s            Return code address (PC)
E019 108E01DF         (        forth.asm):00323 (4)             ldy     #HEXBUF
E01D BDE197           (        forth.asm):00324 (7)             jsr     HDMP4   
E020 8E01DF           (        forth.asm):00325 (3)             ldx     #HEXBUF
E023 BDE2F4           (        forth.asm):00326 (7)             jsr     PUTS
E026 BDE2DA           (        forth.asm):00327 (7)             jsr     PUTSP
                      (        forth.asm):00328         
                      (        forth.asm):00329         * Observability: preserve the user return address in the system stack.
                      (        forth.asm):00330         * This is similar to what we do in FIRQ/@sigint, except that the interrupt
                      (        forth.asm):00331         * stack is much deeper.
                      (        forth.asm):00332         * Note: not preserving W is safe in this context.
E029 1F41             (        forth.asm):00333 (4)             tfr     s,x             Source address
E02B 327E             (        forth.asm):00334 (4+1)           leas    -2,s            One extra cell on the system stack
E02D 1F43             (        forth.asm):00335 (4)             tfr     s,u             Destination address
E02F 1086000E         (        forth.asm):00336 (4)             ldw     #14             Block length in bytes
E033 113813           (        forth.asm):00337 (6+?)           tfm     x+,u+           Memory move
                      (        forth.asm):00338         
E036 8EEA60           (        forth.asm):00339 (3)             ldx     #SYSTHR8
E039 AF6C             (        forth.asm):00340 (5+1)           stx     12,s            Resume execution in the exception dispatcher
E03B 3B               (        forth.asm):00341 (17+?)          rti
                      (        forth.asm):00342         
     E03C             (        forth.asm):00343         SWI3HDL equ     *
     E03C             (        forth.asm):00344         SWI2HDL equ     *
     E03C             (        forth.asm):00345         IRQHDL  equ     *
     E03C             (        forth.asm):00346         SWIHDL  equ     *
                      (        forth.asm):00347                 IFEQ    HVNMI
E03C                  (        forth.asm):00348         NMIHDL                          This should never happen
                      (        forth.asm):00349                 ENDC
E03C 3B               (        forth.asm):00350 (17+?)          rti
                      (        forth.asm):00351         
                      (        forth.asm):00352         * Interrupts are disabled by default upon reset.
                      (        forth.asm):00353         * NMI# will not be "armed" until S is initialized.
E03D 113D01           (        forth.asm):00354 (5)     RSTHDL  ldmd    #1              Establish 6309 native mode
                      (        forth.asm):00355         
E040 8643             (        forth.asm):00356 (2)             lda     #ACIRSET
E042 B7D800           (        forth.asm):00357 (4)             sta     ACIACTL         ACIA master reset
E045 86D5             (        forth.asm):00358 (2)             lda     #ACIRTS1
E047 B7D800           (        forth.asm):00359 (4)             sta     ACIACTL         RTS# high, 8N1
                      (        forth.asm):00360         
E04A 8EFE88           (        forth.asm):00361 (3)             ldx     #BOOTMSG        Identity statement
                      (        forth.asm):00362         
                      (        forth.asm):00363         * Send the NUL terminated string pointed to by X to the ACIA.
                      (        forth.asm):00364         * The RAM is not yet assumed to be working.
E04D C602             (        forth.asm):00365 (2)     INIT    ldb     #ACITDRE
E04F A680             (        forth.asm):00366 (4+1)   @init0  lda     ,x+
E051 270A             (        forth.asm):00367 (3)             beq     RAMCHK          NUL marks the end of the string
E053 F5D800           (        forth.asm):00368 (4)     @init1  bitb    ACIACTL         Wait for TDRE bit to be set
E056 27FB             (        forth.asm):00369 (3)             beq     @init1
E058 B7D801           (        forth.asm):00370 (4)             sta     ACIADAT         Transmit data
E05B 20F2             (        forth.asm):00371 (3)             bra     @init0          Next char, if any
                      (        forth.asm):00372         
                      (        forth.asm):00373         * RAM0 32 KB self test (destructive).
E05D 8E0000           (        forth.asm):00374 (3)     RAMCHK  ldx     #RAMSTRT
E060 AF84             (        forth.asm):00375 (5+0)   @ramch1 stx     ,x
E062 AC84             (        forth.asm):00376 (5+0)           cmpx    ,x
E064 2609             (        forth.asm):00377 (3)             bne     RAMFAIL
E066 3002             (        forth.asm):00378 (4+1)           leax    2,x
E068 8C8000           (        forth.asm):00379 (3)             cmpx    #RAMSTRT+RAMSIZE
E06B 26F3             (        forth.asm):00380 (3)             bne     @ramch1
E06D 2012             (        forth.asm):00381 (3)             bra     RAMOK
                      (        forth.asm):00382         
E06F C680             (        forth.asm):00383 (2)     RAMFAIL ldb     #128            Busy waiting between consecutive probes
E071 108E8000         (        forth.asm):00384 (4)     @ramf1  ldy     #$8000
E075 313F             (        forth.asm):00385 (4+1)   @ramf2  leay    -1,y
E077 26FC             (        forth.asm):00386 (3)             bne     @ramf2
E079 5A               (        forth.asm):00387 (1)             decb
E07A 26F5             (        forth.asm):00388 (3)             bne     @ramf1
E07C 8EFEE3           (        forth.asm):00389 (3)             ldx     #RAMFM
E07F 20CC             (        forth.asm):00390 (3)             bra     INIT            Here we go again
                      (        forth.asm):00391         
                      (        forth.asm):00392         * RAM Initialization to all $C7 if DEBUG mode is enabled else zeroes.
E081 8E0000           (        forth.asm):00393 (3)     RAMOK   ldx     #RAMSTRT
E084 3101             (        forth.asm):00394 (4+1)           leay    1,x
E086 10867FFF         (        forth.asm):00395 (4)             ldw     #RAMSIZE-1
                      (        forth.asm):00396                 IFNE    DEBUG
                      (        forth.asm):00397                 lda     #ILLOPC
                      (        forth.asm):00398                 sta     ,x
                      (        forth.asm):00399                 ELSE
E08A 6F84             (        forth.asm):00400 (6+0)           clr     ,x
                      (        forth.asm):00401                 ENDC                    DEBUG
E08C 113812           (        forth.asm):00402 (6+?)           tfm     x+,y+
                      (        forth.asm):00403         
                      (        forth.asm):00404         * Initialize the system stack pointer and the direct page base address register.
E08F 10CE8000         (        forth.asm):00405 (4)             lds     #RAMSTRT+RAMSIZE
E093 8601             (        forth.asm):00406 (2)             lda     #VARSPC/256
E095 1F8B             (        forth.asm):00407 (4)             tfr     a,dp
     01               (        forth.asm):00408                 SETDP   VARSPC/256
                      (        forth.asm):00409         
                      (        forth.asm):00410         * Serial buffer parameters initialization. We are doing this here because
                      (        forth.asm):00411         * PUTS requires prior software flow control initialization.
                      (        forth.asm):00412                 IFNE    DEBUG
                      (        forth.asm):00413                 clrd
                      (        forth.asm):00414                 std     SERBENQ         Two birds with one stone
                      (        forth.asm):00415                 sta     SERBCNT
                      (        forth.asm):00416                 IFNE    HVNMI
                      (        forth.asm):00417                 IFNE    HVNMI2
                      (        forth.asm):00418                 std     SBDROPC         Initialize chararacter drop count
                      (        forth.asm):00419                 ENDC                    HVNMI2
                      (        forth.asm):00420                 ENDC                    HVNMI
                      (        forth.asm):00421                 ENDC                    DEBUG
E097 8601             (        forth.asm):00422 (2)             lda     #1              Initialize software flow control on output
E099 9756             (        forth.asm):00423 (3)             sta     XMITOK
                      (        forth.asm):00424         
E09B 8EFED3           (        forth.asm):00425 (3)             ldx     #RAMOKM
E09E BDE2F4           (        forth.asm):00426 (7)             jsr     PUTS
E0A1 BDE368           (        forth.asm):00427 (7)             jsr     FORTHIN         Global variables initialization
E0A4 BDE95B           (        forth.asm):00428 (7)             jsr     CFINIT          CompactFlash card initialization
                      (        forth.asm):00429                 IFNE    RTCFEAT
                      (        forth.asm):00430                 jsr     RTCINIT         Real time clock initialization
                      (        forth.asm):00431                 ENDC                    RTCFEAT
                      (        forth.asm):00432         
                      (        forth.asm):00433         * Lower RTS and enable FIRQ.
E0A7 8695             (        forth.asm):00434 (2)             lda     #ACIRTS0
E0A9 B7D800           (        forth.asm):00435 (4)             sta     ACIACTL
E0AC 1CBF             (        forth.asm):00436 (2)             andcc   #^FFLAG
                      (        forth.asm):00437         
E0AE 0D4E             (        forth.asm):00438 (4)             tst     CFCARDP
E0B0 2706             (        forth.asm):00439 (3)             beq     INTERP
                      (        forth.asm):00440         
                      (        forth.asm):00441         * A CF card is present, LOAD block #1.
E0B2 8E0001           (        forth.asm):00442 (3)             ldx     #1
E0B5 BDF83F           (        forth.asm):00443 (7)             jsr     LOAD1
                      (        forth.asm):00444         
                      (        forth.asm):00445         * The interpreter main loop.
E0B8 104F             (        forth.asm):00446 (2)     INTERP  clrd
E0BA DD34             (        forth.asm):00447 (4)             std     UBLK            Interpreting from the console. Set BLK to 0
E0BC 9751             (        forth.asm):00448 (3)             sta     SRCID           Clear SOURCE-ID. Not invoked in EVALUATE context
E0BE BDE16C           (        forth.asm):00449 (7)             jsr     READLN          Acquire the next input line (>IN is cleared)
E0C1 8D02             (        forth.asm):00450 (6)             bsr     _INTERP
E0C3 20F3             (        forth.asm):00451 (3)     MINTLRA bra     INTERP
                      (        forth.asm):00452         
                      (        forth.asm):00453         * The interpreter itself, as a subroutine.
E0C5 BDE3A4           (        forth.asm):00454 (7)     _INTERP jsr     SCNSTOK         Scan for the beginning of a word at address X
E0C8 2710             (        forth.asm):00455 (3)             beq     @oeistr         This is the end
E0CA 0D2D             (        forth.asm):00456 (4)             tst     USTATE+1        We do ignore the upper byte
E0CC 264D             (        forth.asm):00457 (3)             bne     COMP            We are compiling
E0CE BDE4C0           (        forth.asm):00458 (7)             jsr     SWDIC           Updates TOKENEP, CURTOKL, IMDFLG/DEFFLG
E0D1 261C             (        forth.asm):00459 (3)             bne     @exec           Word found, execute it
E0D3 BDE3FC           (        forth.asm):00460 (7)             jsr     NUMCVT
     E0D6             (        forth.asm):00461         NMCVIRA equ     *
E0D6 9E0C             (        forth.asm):00462 (4)             ldx     TOKENEP
E0D8 20EB             (        forth.asm):00463 (3)             bra     _INTERP         Next token, please!
                      (        forth.asm):00464         * End of input stream condition is recognized. We are looking at the past here.
E0DA 0D51             (        forth.asm):00465 (4)     @oeistr tst     SRCID           Were we running a string via EVALUATE?
E0DC 2604             (        forth.asm):00466 (3)             bne     @done           No feedback if that was the case
E0DE DC34             (        forth.asm):00467 (4)             ldd     UBLK
E0E0 2701             (        forth.asm):00468 (3)             beq     @feedbk         We are back from the console
E0E2 39               (        forth.asm):00469 (4)     @done   rts                     We're done here
E0E3 8EFEF6           (        forth.asm):00470 (3)     @feedbk ldx     #OKFEEDB        Provide OK feedback
E0E6 0D2D             (        forth.asm):00471 (4)             tst     USTATE+1
E0E8 2702             (        forth.asm):00472 (3)             beq     @okfb
E0EA 3003             (        forth.asm):00473 (4+1)           leax    3,x             Skip ' OK' if we were compiling
E0EC 7EE2F4           (        forth.asm):00474 (3)     @okfb   jmp     PUTS            Back to whoever invoked us
E0EF 964C             (        forth.asm):00475 (3)     @exec   lda     DEFFLG
E0F1 2705             (        forth.asm):00476 (3)             beq     @introk         Compilation only flag is not set
E0F3 C6F2             (        forth.asm):00477 (2)             ldb     #ESTATE         Incorrect STATE
E0F5 BDEA60           (        forth.asm):00478 (7)             jsr     SYSTHR8         No return
     E0F8             (        forth.asm):00479         INTISRA equ     *               For symbolic stack debugging purposes
E0F8 8D0C             (        forth.asm):00480 (6)     @introk bsr     WIEN2IN         Ask Vienna for its opinion about >IN
E0FA 8EE101           (        forth.asm):00481 (3)             ldx     #INTRPRA        The return address
E0FD 3410             (        forth.asm):00482 (4+2)           pshs    x
E0FF 1F25             (        forth.asm):00483 (4)             tfr     y,pc            An indirect call to Y
E101 BDE8C9           (        forth.asm):00484 (7)     INTRPRA jsr     BKIN2PT         Derive X from BLK, >IN
E104 20BF             (        forth.asm):00485 (3)             bra     _INTERP
                      (        forth.asm):00486         
                      (        forth.asm):00487         * The Vienna anomaly: have >IN point one character further into the input
                      (        forth.asm):00488         * stream if the end of the input stream has not been reached yet and
                      (        forth.asm):00489         * the next available character is BL. This simplifies WORD and is required
                      (        forth.asm):00490         * for the GNU Forth based PARSE implementation.
E106 9E0C             (        forth.asm):00491 (4)     WIEN2IN ldx     TOKENEP
E108 DC30             (        forth.asm):00492 (4)             ldd     ISEADDR
E10A 103701           (        forth.asm):00493 (4)             cmpr    d,x
E10D 2708             (        forth.asm):00494 (3)             beq     @noskip         End of input stream reached already
E10F 8620             (        forth.asm):00495 (2)             lda     #SP
E111 A184             (        forth.asm):00496 (4+0)           cmpa    ,x
E113 2602             (        forth.asm):00497 (3)             bne     @noskip
E115 3001             (        forth.asm):00498 (4+1)           leax    1,x
E117 1F10             (        forth.asm):00499 (4)     @noskip tfr     x,d
E119 204C             (        forth.asm):00500 (3)             bra     U2INFRD         Derive >IN from D
                      (        forth.asm):00501         
                      (        forth.asm):00502         * The compiler.
                      (        forth.asm):00503         * Upon entry TOKENSP has been set by a prior call to SCNSTOK.
E11B BDE4C0           (        forth.asm):00504 (7)     COMP    jsr     SWDIC           Updates TOKENEP, CURTOKL, IMDFLG/DEFFLG
E11E 271C             (        forth.asm):00505 (3)             beq     @cmpnum         Word @ TOKENSP is not in the dictionary
E120 0D4B             (        forth.asm):00506 (4)             tst     IMDFLG
E122 2710             (        forth.asm):00507 (3)             beq     @notimd
E124 8DE0             (        forth.asm):00508 (6)             bsr     WIEN2IN         Ask Vienna for its opinion about >IN
E126 8EE12D           (        forth.asm):00509 (3)             ldx     #COMPLRA        Word is immediate. Execute it
E129 3410             (        forth.asm):00510 (4+2)           pshs    x               Return to COMPLRA
E12B 1F25             (        forth.asm):00511 (4)             tfr     y,pc            An indirect call to Y
E12D BDE8C9           (        forth.asm):00512 (7)     COMPLRA jsr     BKIN2PT         Derive X from BLK, >IN
E130 9F0C             (        forth.asm):00513 (4)             stx     TOKENEP
E132 2091             (        forth.asm):00514 (3)             bra     _INTERP         Branch back to the interpreter
E134 1F21             (        forth.asm):00515 (4)     @notimd tfr     y,x
E136 8D20             (        forth.asm):00516 (6)             bsr     EMXASXT         Emit X as an execution token
E138 9E0C             (        forth.asm):00517 (4)     @cmpdon ldx     TOKENEP
E13A 2089             (        forth.asm):00518 (3)             bra     _INTERP
E13C BDE3FC           (        forth.asm):00519 (7)     @cmpnum jsr     NUMCVT
     E13F             (        forth.asm):00520         NMCVCRA equ     *
E13F 0D47             (        forth.asm):00521 (4)             tst     ISDBLF
E141 2607             (        forth.asm):00522 (3)             bne     @cmpdbl
E143 3710             (        forth.asm):00523                 UCNPOP                  TOS to X
E145 BDE589           (        forth.asm):00524 (7)             jsr     LITER
E148 20EE             (        forth.asm):00525 (3)             bra     @cmpdon
                      (        forth.asm):00526         * The following is some sort of half baked 2LITERAL.
                      (        forth.asm):00527         * Please note that NUMCVT guarantees us that at least two cells are stacked up.
E14A AE42             (        forth.asm):00528 (5+1)   @cmpdbl ldx     2,u
E14C BDE589           (        forth.asm):00529 (7)             jsr     LITER           LSC
E14F AEC4             (        forth.asm):00530 (5+0)           ldx     ,u
E151 BDE589           (        forth.asm):00531 (7)             jsr     LITER           MSC
E154 3344             (        forth.asm):00532 (4+1)           leau    4,u             2DROP
E156 20E0             (        forth.asm):00533 (3)             bra     @cmpdon
                      (        forth.asm):00534         
                      (        forth.asm):00535         * Emit (in a code generation understanding) X as an execution token.
                      (        forth.asm):00536         * In essence, this simply inserts JSR <X> at HERE.
                      (        forth.asm):00537         * Note: this code provides support for trailing JSR elimination.
                      (        forth.asm):00538         * On input: X has the target execution token.
                      (        forth.asm):00539         * On output: Y will have HERE, A will be altered, X will be preserved.
E158 109E10           (        forth.asm):00540 (5)     EMXASXT ldy     DICEND
E15B 109F1C           (        forth.asm):00541 (5)             sty     JSRLAST         JSRLAST points to the latest JSR code emission
E15E 86BD             (        forth.asm):00542 (2)             lda     #JSROPC         JSR extended
E160 BDE5A0           (        forth.asm):00543 (7)             jsr     VARCON2         Compile a JSR to the execution token
E163 109F10           (        forth.asm):00544 (5)             sty     DICEND
E166 39               (        forth.asm):00545 (4)             rts
                      (        forth.asm):00546         
                      (        forth.asm):00547         * Derive UTOIN from D's current value. D is altered.
E167 9328             (        forth.asm):00548 (4)     U2INFRD subd    BSBFADR
E169 DD32             (        forth.asm):00549 (4)             std     UTOIN
E16B 39               (        forth.asm):00550 (4)             rts
                      (        forth.asm):00551         
                      (        forth.asm):00552         * Used by INTERP and REFILL.
E16C 8E022F           (        forth.asm):00553 (3)     READLN  ldx     #CMDBUF
E16F 9F28             (        forth.asm):00554 (4)             stx     BSBFADR
E171 C684             (        forth.asm):00555 (2)             ldb     #CMDBFSZ
E173 BDE315           (        forth.asm):00556 (7)             jsr     GETS
E176 4F               (        forth.asm):00557 (1)             clra
E177 DD2E             (        forth.asm):00558 (4)             std     ISLEN           GETS returns the entered character count via B
E179 5F               (        forth.asm):00559 (1)             clrb
E17A DD30             (        forth.asm):00560 (4)             std     ISEADDR         Clear end of input stream address (included)
E17C DD32             (        forth.asm):00561 (4)             std     UTOIN           and >IN as well
E17E 39               (        forth.asm):00562 (4)             rts
                      (        forth.asm):00563         
                      (        forth.asm):00564         * Store the HEX representation of the lower nibble of A to Y+.
E17F 3404             (        forth.asm):00565 (4+1)   HEX1D   pshs    b
E181 C630             (        forth.asm):00566 (2)             ldb     #'0
E183 840F             (        forth.asm):00567 (2)             anda    #$0f
E185 810A             (        forth.asm):00568 (2)             cmpa    #10
E187 2502             (        forth.asm):00569 (3)             bcs     @hex1d1
E189 C637             (        forth.asm):00570 (2)             ldb     #'A-10
E18B 103098           (        forth.asm):00571 (4)     @hex1d1 addr    b,a
E18E A7A0             (        forth.asm):00572 (4+1)           sta     ,y+
E190 3584             (        forth.asm):00573 (4+3)           puls    b,pc            RTS implied
                      (        forth.asm):00574         
E192 44               (        forth.asm):00575 (1)     ADIV16  lsra
E193 44               (        forth.asm):00576 (1)             lsra
E194 44               (        forth.asm):00577 (1)             lsra
E195 44               (        forth.asm):00578 (1)             lsra
E196 39               (        forth.asm):00579 (4)             rts
                      (        forth.asm):00580         
                      (        forth.asm):00581         * Hexdump D to 4 bytes starting at Y.  Upon return, Y will point 1 byte
                      (        forth.asm):00582         * after the last character emitted. D is preserved.
E197 3406             (        forth.asm):00583 (4+2)   HDMP4   pshs    d
E199 8DF7             (        forth.asm):00584 (6)             bsr     ADIV16
E19B 8DE2             (        forth.asm):00585 (6)             bsr     HEX1D
E19D A6E4             (        forth.asm):00586 (4+0)           lda     ,s
E19F 8DDE             (        forth.asm):00587 (6)             bsr     HEX1D
E1A1 A661             (        forth.asm):00588 (4+1)           lda     1,s
E1A3 8DED             (        forth.asm):00589 (6)             bsr     ADIV16
E1A5 8DD8             (        forth.asm):00590 (6)             bsr     HEX1D
E1A7 A661             (        forth.asm):00591 (4+1)           lda     1,s
E1A9 8DD4             (        forth.asm):00592 (6)             bsr     HEX1D
E1AB 6FA4             (        forth.asm):00593 (6+0)           clr     ,y
E1AD 3586             (        forth.asm):00594 (4+4)           puls    d,pc            RTS implied
                      (        forth.asm):00595         
E1AF 3406             (        forth.asm):00596 (4+2)   HDMP2   pshs    d
E1B1 8DDF             (        forth.asm):00597 (6)             bsr     ADIV16
E1B3 8DCA             (        forth.asm):00598 (6)             bsr     HEX1D
E1B5 A6E4             (        forth.asm):00599 (4+0)           lda     ,s
E1B7 8DC6             (        forth.asm):00600 (6)             bsr     HEX1D
E1B9 6FA4             (        forth.asm):00601 (6+0)           clr     ,y
E1BB 3586             (        forth.asm):00602 (4+4)           puls    d,pc            RTS implied
                      (        forth.asm):00603         
                      (        forth.asm):00604                 IFNE    HVNMI
                      (        forth.asm):00605         * Add string pointed to by X starting at the address stored in Y.
E1BD 3402             (        forth.asm):00606 (4+1)   ADDS    pshs    a
E1BF A680             (        forth.asm):00607 (4+1)   @adds1  lda     ,x+
E1C1 A7A0             (        forth.asm):00608 (4+1)           sta     ,y+
E1C3 26FA             (        forth.asm):00609 (3)             bne     @adds1
E1C5 3582             (        forth.asm):00610 (4+3)           puls    a,pc            RTS implied
                      (        forth.asm):00611         
E1C7 8DF4             (        forth.asm):00612 (6)     NMI2DM  bsr     ADDS
E1C9 313F             (        forth.asm):00613 (4+1)           leay    -1,y            Backward over NUL
E1CB 20E2             (        forth.asm):00614 (3)             bra     HDMP2
                      (        forth.asm):00615         
E1CD 8DEE             (        forth.asm):00616 (6)     NMI4DM  bsr     ADDS
E1CF 313F             (        forth.asm):00617 (4+1)           leay    -1,y            Backward over NUL
E1D1 20C4             (        forth.asm):00618 (3)             bra     HDMP4
                      (        forth.asm):00619         
E1D3 8E0197           (        forth.asm):00620 (3)     NMIDML  ldx     #TBUFF
E1D6 BDE2F4           (        forth.asm):00621 (7)             jsr     PUTS
E1D9 7EE300           (        forth.asm):00622 (3)             jmp     PUTCR
                      (        forth.asm):00623         
                      (        forth.asm):00624         * All registers are stacked in native mode.
E1DC B6D800           (        forth.asm):00625 (4)     NMIHDL  lda     ACIACTL
E1DF 3402             (        forth.asm):00626 (4+1)           pshs    a
E1E1 9656             (        forth.asm):00627 (3)             lda     XMITOK
E1E3 3402             (        forth.asm):00628 (4+1)           pshs    a
E1E5 8601             (        forth.asm):00629 (2)             lda     #1
E1E7 9756             (        forth.asm):00630 (3)             sta     XMITOK
                      (        forth.asm):00631         * Stack structure at this point
                      (        forth.asm):00632         * 0     saved XMITOK: 1 byte
                      (        forth.asm):00633         * 1     saved ACIA status register: 1 byte
                      (        forth.asm):00634         * 2     CC
                      (        forth.asm):00635         * 3     D
                      (        forth.asm):00636         * 5     W
                      (        forth.asm):00637         * 7     DP
                      (        forth.asm):00638         * 8     X
                      (        forth.asm):00639         * 10    Y
                      (        forth.asm):00640         * 12    U
                      (        forth.asm):00641         * 14    PC
E1E9 BDE300           (        forth.asm):00642 (7)             jsr     PUTCR
                      (        forth.asm):00643         
                      (        forth.asm):00644         * First line: CC, D, W, DP, X, Y, U, PC, S
E1EC 108E0197         (        forth.asm):00645 (4)             ldy     #TBUFF
E1F0 8EE21F           (        forth.asm):00646 (3)             ldx     #CCREGM
E1F3 A662             (        forth.asm):00647 (4+1)           lda     2,s             CC in the system stack
E1F5 8DD0             (        forth.asm):00648 (6)             bsr     NMI2DM
                      (        forth.asm):00649         
E1F7 EC63             (        forth.asm):00650 (5+1)           ldd     3,s             D in the system stack
E1F9 8DD2             (        forth.asm):00651 (6)             bsr     NMI4DM
                      (        forth.asm):00652         
E1FB EC65             (        forth.asm):00653 (5+1)           ldd     5,s             W in the system stack
E1FD 8DCE             (        forth.asm):00654 (6)             bsr     NMI4DM
                      (        forth.asm):00655         
E1FF A667             (        forth.asm):00656 (4+1)           lda     7,s             DP in the system stack
E201 8DC4             (        forth.asm):00657 (6)             bsr     NMI2DM
                      (        forth.asm):00658         
E203 EC68             (        forth.asm):00659 (5+1)           ldd     8,s             X in the system stack
E205 8DC6             (        forth.asm):00660 (6)             bsr     NMI4DM
                      (        forth.asm):00661         
E207 EC6A             (        forth.asm):00662 (5+1)           ldd     10,s            Y in the system stack
E209 8DC2             (        forth.asm):00663 (6)             bsr     NMI4DM
                      (        forth.asm):00664         
E20B EC6C             (        forth.asm):00665 (5+1)           ldd     12,s            U in the system stack
E20D 8DBE             (        forth.asm):00666 (6)             bsr     NMI4DM
                      (        forth.asm):00667         
E20F EC6E             (        forth.asm):00668 (5+1)           ldd     14,s            PC in the system stack
E211 8DBA             (        forth.asm):00669 (6)             bsr     NMI4DM
                      (        forth.asm):00670         
E213 33E810           (        forth.asm):00671 (4+1)           leau    16,s            S in the system stack
E216 1F30             (        forth.asm):00672 (4)             tfr     u,d
E218 8DB3             (        forth.asm):00673 (6)             bsr     NMI4DM
                      (        forth.asm):00674         
E21A 8DB7             (        forth.asm):00675 (6)             bsr     NMIDML
                      (        forth.asm):00676         
                      (        forth.asm):00677                 IFNE    HVNMI2
                      (        forth.asm):00678         * Second line: ACIST, XMTOK, SBASE, SBENQ, SBDEQ, SBCNT, SBDROPC
                      (        forth.asm):00679                 ldy     #TBUFF
                      (        forth.asm):00680                 ldx     #ACISTM
                      (        forth.asm):00681                 lda     1,s             ACIA status register in the system stack
                      (        forth.asm):00682                 bsr     NMI2DM
                      (        forth.asm):00683         
                      (        forth.asm):00684                 lda     ,s              XMITOK in the system stack
                      (        forth.asm):00685                 bsr     NMI2DM
                      (        forth.asm):00686         
                      (        forth.asm):00687                 ldd     #SERBUF         SERBUF address
                      (        forth.asm):00688                 bsr     NMI4DM
                      (        forth.asm):00689         
                      (        forth.asm):00690                 lda     SERBENQ         SERBENQ 8 bit offset
                      (        forth.asm):00691                 bsr     NMI2DM
                      (        forth.asm):00692         
                      (        forth.asm):00693                 lda     SERBDEQ         SERBDEQ 8 bit offset
                      (        forth.asm):00694                 bsr     NMI2DM
                      (        forth.asm):00695         
                      (        forth.asm):00696                 lda     SERBCNT
                      (        forth.asm):00697                 bsr     NMI2DM
                      (        forth.asm):00698         
                      (        forth.asm):00699                 ldd     SBDROPC         Number of bytes dropped because SERBUF was full
                      (        forth.asm):00700                 bsr     NMI4DM
                      (        forth.asm):00701         
                      (        forth.asm):00702                 bsr     NMIDML
                      (        forth.asm):00703                 ENDC                    HVNMI2
                      (        forth.asm):00704         
E21C 3262             (        forth.asm):00705 (4+1)           leas    2,s             System stack cleanup
E21E 3B               (        forth.asm):00706 (17+?)          rti
                      (        forth.asm):00707         
E21F 43432000         (        forth.asm):00708         CCREGM  fcn     'CC '
E223 20442000         (        forth.asm):00709         DREGM   fcn     ' D '
E227 20572000         (        forth.asm):00710         WREGM   fcn     ' W '
E22B 2044502000       (        forth.asm):00711         DPREGM  fcn     ' DP '
E230 20582000         (        forth.asm):00712         XREGM   fcn     ' X '
E234 20592000         (        forth.asm):00713         YREGM   fcn     ' Y '
E238 20552000         (        forth.asm):00714         UREGM   fcn     ' U '
E23C 2050432000       (        forth.asm):00715         PCREGM  fcn     ' PC '
E241 20532000         (        forth.asm):00716         SREGM   fcn     ' S '
                      (        forth.asm):00717                 IFNE    HVNMI2
E245                  (        forth.asm):00718         ACISTM  fcn     'AS '           ACIA status register
E245                  (        forth.asm):00719         XMTOKM  fcn     ' XO '          XMITOK--software flow control (one byte)
E245                  (        forth.asm):00720         SBASEM  fcn     ' SB '          Serial FIFO base address (two bytes)
E245                  (        forth.asm):00721         SBENQM  fcn     ' EN '          FIFO enqueue offset (one byte)
E245                  (        forth.asm):00722         SBSEQM  fcn     ' DE '          FIFO dequeue offset (one byte)
E245                  (        forth.asm):00723         SBCNTM  fcn     ' CN '          FIFO queued byte count (one byte)
E245                  (        forth.asm):00724         SBDRPM  fcn     ' DR '          Number of characters dropped (two bytes)
                      (        forth.asm):00725                 ENDC                    HVNMI2
                      (        forth.asm):00726         
                      (        forth.asm):00727                 ENDC                    HVNMI
                      (        forth.asm):00728         
                      (        forth.asm):00729         * Returns the length of the string pointed to by X (terminator excluded) in W.
E245 3410             (        forth.asm):00730 (4+2)   SLEN    pshs    x
E247 105F             (        forth.asm):00731 (2)             clrw
E249 105C             (        forth.asm):00732 (2)     @slen1  incw
E24B A680             (        forth.asm):00733 (4+1)           lda     ,x+
E24D 26FA             (        forth.asm):00734 (3)             bne     @slen1
E24F 105A             (        forth.asm):00735 (2)             decw
E251 3590             (        forth.asm):00736 (4+4)           puls    x,pc            RTS implied
                      (        forth.asm):00737         
                      (        forth.asm):00738                 include console.asm
                      (      console.asm):00001         * FIRQ interrupt handler. This is entered on RDRF (input available).
E253 3416             (      console.asm):00002 (4+4)   FIRQHDL pshs    x,d
                      (      console.asm):00003                 IFNE    RTCFEAT
                      (      console.asm):00004                 jsr     RTCIHDL         Check for RTC periodic interrupt
                      (      console.asm):00005                 ENDC                    RTCFEAT
E255 B6D800           (      console.asm):00006 (4)             lda     ACIACTL
E258 8580             (      console.asm):00007 (2)             bita    #ACIISVC        Does the ACIA need input service?
E25A 2731             (      console.asm):00008 (3)             beq     @nsintr         No. This is not the IRQ source we're looking for
                      (      console.asm):00009                 IFNE    DEBUG
                      (      console.asm):00010                 bita    #ACIRDRF
                      (      console.asm):00011                 beq     @nsintr         ACIA RDRF status bit should be set in all cases
                      (      console.asm):00012                 bita    #ACIOVRN        ACIA data overrun on read?
                      (      console.asm):00013                 beq     @datval         No, incoming data is valid
                      (      console.asm):00014                 ldb     ACIADAT         Clear overrun bit and INTACK
                      (      console.asm):00015                 ldb     #'%             Error indicating character is %
                      (      console.asm):00016                 bra     @chkovf
                      (      console.asm):00017                 ENDC                    DEBUG
                      (      console.asm):00018         * Out of band characters processing.
E25C F6D801           (      console.asm):00019 (4)     @datval ldb     ACIADAT         Incoming data byte to B and INTACK
E25F C103             (      console.asm):00020 (2)             cmpb    #ETX            Control-C?
E261 272D             (      console.asm):00021 (3)             beq     @sigint         Yes
E263 C113             (      console.asm):00022 (2)             cmpb    #XOFF
E265 273F             (      console.asm):00023 (3)             beq     @outngo         Output is being suspended
E267 C111             (      console.asm):00024 (2)             cmpb    #XON
E269 273E             (      console.asm):00025 (3)             beq     @outok          Output is being re-enabled
E26B 9655             (      console.asm):00026 (3)     @chkovf lda     SERBCNT
E26D 810F             (      console.asm):00027 (2)             cmpa    #15             At high water level mark?
E26F 2609             (      console.asm):00028 (3)             bne     @sbenq          No, proceed without negating RTS#
E271 3404             (      console.asm):00029 (4+1)           pshs    b
E273 C6D5             (      console.asm):00030 (2)             ldb     #ACIRTS1
E275 F7D800           (      console.asm):00031 (4)             stb     ACIACTL         Negate RTS#
E278 3504             (      console.asm):00032 (4+1)           puls    b
E27A 8140             (      console.asm):00033 (2)     @sbenq  cmpa    #SERBSZ
                      (      console.asm):00034                 IFNE    HVNMI2
                      (      console.asm):00035                 beq     @nsdrop         Serial input buffer physically full
                      (      console.asm):00036                 ELSE
E27C 270F             (      console.asm):00037 (3)             beq     @nsintr         Serial input buffer physically full
                      (      console.asm):00038                 ENDC                    HVNMI2
E27E 4C               (      console.asm):00039 (1)             inca
E27F 9755             (      console.asm):00040 (3)             sta     SERBCNT         Update incoming FIFO byte count
E281 8E0157           (      console.asm):00041 (3)             ldx     #SERBUF
E284 9653             (      console.asm):00042 (3)             lda     SERBENQ         Enqueue offset to A
E286 E786             (      console.asm):00043 (4+1)           stb     a,x             Enqueue incoming character
E288 4C               (      console.asm):00044 (1)             inca
E289 843F             (      console.asm):00045 (2)             anda    #SERBSZ-1       Modulo arithmetic
E28B 9753             (      console.asm):00046 (3)             sta     SERBENQ
E28D 3516             (      console.asm):00047 (4+4)   @nsintr puls    d,x
E28F 3B               (      console.asm):00048 (17+?)          rti
                      (      console.asm):00049         * Control-C was recognized.
E290 3264             (      console.asm):00050 (4+1)   @sigint leas    4,s             Drop D and X
E292 9654             (      console.asm):00051 (3)             lda     SERBDEQ
E294 9753             (      console.asm):00052 (3)             sta     SERBENQ
E296 0F55             (      console.asm):00053 (5)             clr     SERBCNT         Serial input buffer has been emptied
                      (      console.asm):00054         * We have an FIRQ stack here: PC\CC and we want to insert the original
                      (      console.asm):00055         * return address below it before performing an RTI. The RTI PC address needs
                      (      console.asm):00056         * to be #SYSTHR8. Essentially, we're shifting up the system stack by two bytes,
                      (      console.asm):00057         * while keeping the original return address on the system stack for debugging
                      (      console.asm):00058         * purposes.
E298 327E             (      console.asm):00059 (4+1)           leas    -2,s
E29A A662             (      console.asm):00060 (4+1)           lda     2,s             Original CC
E29C A7E4             (      console.asm):00061 (4+0)           sta     ,s
E29E 8EEA60           (      console.asm):00062 (3)             ldx     #SYSTHR8        Execution continues in the exception dispatcher
E2A1 AF61             (      console.asm):00063 (5+1)           stx     1,s             User level return address for RTI
E2A3 C6E4             (      console.asm):00064 (2)             ldb     #EUINTR         EUINTR error code is passed through B
E2A5 3B               (      console.asm):00065 (17+?)          rti
E2A6 4F               (      console.asm):00066 (1)     @outngo clra
E2A7 2002             (      console.asm):00067 (3)             bra     @sxmsta
E2A9 8601             (      console.asm):00068 (2)     @outok  lda     #1
E2AB 9756             (      console.asm):00069 (3)     @sxmsta sta     XMITOK          Update XMIT status flag
E2AD 20DE             (      console.asm):00070 (3)             bra     @nsintr
                      (      console.asm):00071                 IFNE    HVNMI2
                      (      console.asm):00072         * Increment character drop count (displayed by NMIHDL).
E2AF                  (      console.asm):00073         @nsdrop ldd     SBDROPC
                      (      console.asm):00074                 incd
                      (      console.asm):00075                 std     SBDROPC
                      (      console.asm):00076                 bra     @nsintr
                      (      console.asm):00077                 ENDC                    HVNMI2
                      (      console.asm):00078         
                      (      console.asm):00079         * We do not have to talk to the ACIA directly, unless SERBCNT is zero,
                      (      console.asm):00080         * in which case we have to lower RTS#, so as to accept incoming characters.
                      (      console.asm):00081         * This can only be called from base level!
E2AF 3416             (      console.asm):00082 (4+4)   GETCH   pshs    x,d
E2B1 0D55             (      console.asm):00083 (4)     @again  tst     SERBCNT
E2B3 260F             (      console.asm):00084 (3)             bne     @sbdind         We have incoming material
E2B5 C695             (      console.asm):00085 (2)             ldb     #ACIRTS0
E2B7 F7D800           (      console.asm):00086 (4)             stb     ACIACTL         Assert RTS#
E2BA 1CBF             (      console.asm):00087 (2)             andcc   #^FFLAG         Unmask FIRQ
E2BC 8E0001           (      console.asm):00088 (3)             ldx     #1
E2BF BDF8B1           (      console.asm):00089 (7)             jsr     MILLIS1         Busy waiting for one millisecond
E2C2 20ED             (      console.asm):00090 (3)             bra     @again          Try again
                      (      console.asm):00091         * Serial buffer data indication.
E2C4 1A40             (      console.asm):00092 (2)     @sbdind orcc    #FFLAG          Mask FIRQ
E2C6 0A55             (      console.asm):00093 (5)             dec     SERBCNT
E2C8 1CBF             (      console.asm):00094 (2)             andcc   #^FFLAG         Unmask FIRQ
E2CA 8E0157           (      console.asm):00095 (3)             ldx     #SERBUF
E2CD 9654             (      console.asm):00096 (3)             lda     SERBDEQ         Dequeue offset to A
E2CF E686             (      console.asm):00097 (4+1)           ldb     a,x             Buffered input character to B
E2D1 E7E4             (      console.asm):00098 (4+0)           stb     ,s              Incoming character to A in the caller's stack
E2D3 4C               (      console.asm):00099 (1)             inca
E2D4 843F             (      console.asm):00100 (2)             anda    #SERBSZ-1       Modulo arithmetic
E2D6 9754             (      console.asm):00101 (3)             sta     SERBDEQ
E2D8 3596             (      console.asm):00102 (4+6)           puls    d,x,pc          Same as it ever was (RTS implied)
                      (      console.asm):00103         
                      (      console.asm):00104         * BL EMIT is such a common thing...
E2DA 3402             (      console.asm):00105 (4+1)   PUTSP   pshs    a
E2DC 8620             (      console.asm):00106 (2)             lda     #SP
E2DE 8D02             (      console.asm):00107 (6)             bsr     PUTCH
E2E0 3582             (      console.asm):00108 (4+3)           puls    a,pc
                      (      console.asm):00109         
E2E2 3404             (      console.asm):00110 (4+1)   PUTCH   pshs    b
E2E4 C602             (      console.asm):00111 (2)             ldb     #ACITDRE
E2E6 F5D800           (      console.asm):00112 (4)     @tdrdrn bitb    ACIACTL
E2E9 27FB             (      console.asm):00113 (3)             beq     @tdrdrn         Drain the transmit data register
E2EB 0D56             (      console.asm):00114 (4)     @wfxon  tst     XMITOK          Software flow control on output
E2ED 27FC             (      console.asm):00115 (3)             beq     @wfxon          Wait for XON
E2EF B7D801           (      console.asm):00116 (4)             sta     ACIADAT         Transmit data
E2F2 3584             (      console.asm):00117 (4+3)           puls    b,pc            RTS implied
                      (      console.asm):00118         
                      (      console.asm):00119         * Send NUL terminated string pointed to by X to the ACIA.
E2F4 3416             (      console.asm):00120 (4+4)   PUTS    pshs    x,d
E2F6 A680             (      console.asm):00121 (4+1)   @puts1  lda     ,x+
E2F8 2704             (      console.asm):00122 (3)             beq     @puts2          NUL marks the end of the string
E2FA 8DE6             (      console.asm):00123 (6)             bsr     PUTCH
E2FC 20F8             (      console.asm):00124 (3)             bra     @puts1
E2FE 3596             (      console.asm):00125 (4+6)   @puts2  puls    d,x,pc          RTS implied
                      (      console.asm):00126         
E300 3410             (      console.asm):00127 (4+2)   PUTCR   pshs    x
E302 8EFEE0           (      console.asm):00128 (3)             ldx     #CRLFSTR
E305 8DED             (      console.asm):00129 (6)             bsr     PUTS
E307 3590             (      console.asm):00130 (4+4)           puls    x,pc            RTS implied
                      (      console.asm):00131         
E309 8608             (      console.asm):00132 (2)     _BS     lda     #BS
E30B 8DD5             (      console.asm):00133 (6)             bsr     PUTCH          Output BS
E30D 8620             (      console.asm):00134 (2)             lda     #SP
E30F 8DD1             (      console.asm):00135 (6)             bsr     PUTCH          Clear character
E311 8608             (      console.asm):00136 (2)             lda     #BS
E313 20CD             (      console.asm):00137 (3)             bra     PUTCH          And go back again
                      (      console.asm):00138         
                      (      console.asm):00139         * Receive CR terminated string and store it to X.
                      (      console.asm):00140         * Upon entry B contains the receiving buffer length.
                      (      console.asm):00141         * On exit, B will contain the number of characters
                      (      console.asm):00142         * entered. A and X are preserved.
E315 5D               (      console.asm):00143 (1)     GETS    tstb
E316 2601             (      console.asm):00144 (3)             bne     @gets0          If B is zero, do nothing
E318 39               (      console.asm):00145 (4)             rts
E319 3416             (      console.asm):00146 (4+4)   @gets0  pshs    x,d
E31B 8D92             (      console.asm):00147 (6)     @gets1  bsr     GETCH
E31D 8108             (      console.asm):00148 (2)             cmpa    #BS             Backspace?
E31F 260B             (      console.asm):00149 (3)             bne     @gets3
E321 E161             (      console.asm):00150 (4+1)           cmpb    1,s             B upon routine entry
E323 27F6             (      console.asm):00151 (3)             beq     @gets1          Do not go beyond the beginning of the buffer
E325 8DE2             (      console.asm):00152 (6)             bsr     _BS
E327 301F             (      console.asm):00153 (4+1)           leax    -1,x
E329 5C               (      console.asm):00154 (1)             incb
E32A 20EF             (      console.asm):00155 (3)             bra     @gets1
E32C 8115             (      console.asm):00156 (2)     @gets3  cmpa    #NAK            Kill input?
E32E 260B             (      console.asm):00157 (3)             bne     @gets5
                      (      console.asm):00158         * While B != 1,S (initial buffer length), decrement X, increment B.
E330 E161             (      console.asm):00159 (4+1)   @gets4  cmpb    1,s
E332 27E7             (      console.asm):00160 (3)             beq     @gets1
E334 8DD3             (      console.asm):00161 (6)             bsr     _BS
E336 301F             (      console.asm):00162 (4+1)           leax     -1,x
E338 5C               (      console.asm):00163 (1)             incb
E339 20F5             (      console.asm):00164 (3)             bra     @gets4
                      (      console.asm):00165         * Regular input handling: echo input character.
E33B 810D             (      console.asm):00166 (2)     @gets5  cmpa    #CR
E33D 2707             (      console.asm):00167 (3)             beq     @gets6          Minicom only sends CR
E33F 8DA1             (      console.asm):00168 (6)             bsr     PUTCH
E341 A780             (      console.asm):00169 (4+1)           sta     ,x+
E343 5A               (      console.asm):00170 (1)             decb
E344 26D5             (      console.asm):00171 (3)             bne     @gets1
E346 8620             (      console.asm):00172 (2)     @gets6  lda     #SP             End of buffer reached or CR entered
E348 8D98             (      console.asm):00173 (6)             bsr     PUTCH
E34A 1F10             (      console.asm):00174 (4)             tfr     x,d
E34C A362             (      console.asm):00175 (5+1)           subd    2,s             Actual number of characters entered
E34E E761             (      console.asm):00176 (4+1)           stb     1,s             Stored to B (through the system stack).         
E350 3596             (      console.asm):00177 (4+6)           puls    d,x,pc          RTS implied
                      (      console.asm):00178         
                      (        forth.asm):00739         
                      (        forth.asm):00740         * Clear the data stack.
E352 CE045E           (        forth.asm):00741 (3)     NCLR    ldu     #NSTBOT
E355 39               (        forth.asm):00742 (4)             rts
                      (        forth.asm):00743         
                      (        forth.asm):00744         * Clear the return stack.
E356 8E055E           (        forth.asm):00745 (3)     RCLR    ldx     #RSTBOT
E359 9F00             (        forth.asm):00746 (4)             stx     RSP
E35B 39               (        forth.asm):00747 (4)             rts
                      (        forth.asm):00748         
                      (        forth.asm):00749         * Clear the control flow stack.
E35C 8E05DE           (        forth.asm):00750 (3)     CCLR    ldx     #CSTBOT
E35F 9F02             (        forth.asm):00751 (4)             stx     CSP
E361 39               (        forth.asm):00752 (4)             rts
                      (        forth.asm):00753         
                      (        forth.asm):00754         * Clear the exception stack.
E362 8E060E           (        forth.asm):00755 (3)     ECLR    ldx     #ESTBOT
E365 9F04             (        forth.asm):00756 (4)             stx     ESP
E367 39               (        forth.asm):00757 (4)             rts
                      (        forth.asm):00758         
E368 8DE8             (        forth.asm):00759 (6)     FORTHIN bsr     NCLR            Initialize the data stack
E36A 8DEA             (        forth.asm):00760 (6)             bsr     RCLR            Initialize the return stack
E36C 8DEE             (        forth.asm):00761 (6)             bsr     CCLR            Initialize the control flow stack
E36E 8DF2             (        forth.asm):00762 (6)             bsr     ECLR            Initialize the exception stack
                      (        forth.asm):00763         * Relocate '@' code to RAM and set it up as the last dictionary entry (RO).
E370 8EFE74           (        forth.asm):00764 (3)             ldx     #THEEND         Source address for tfm
E373 1086000C         (        forth.asm):00765 (4)             ldw     #(REALEND-THEEND) Byte count for tfm
E377 108E0E30         (        forth.asm):00766 (4)             ldy     #WDICSPC        Destination address for tfm
E37B 109F0E           (        forth.asm):00767 (5)             sty     LSTWAD
E37E 113812           (        forth.asm):00768 (6+?)           tfm     x+,y+
E381 109F10           (        forth.asm):00769 (5)             sty     DICEND
                      (        forth.asm):00770                 IFNE    RELFEAT
                      (        forth.asm):00771                 RFXT    jsr,MONITOR+10  XT for MONITOR (monitor @ in RAM)
                      (        forth.asm):00772                 ENDC                    RELFEAT
E384 BDEA3D           (        forth.asm):00773 (7)             jsr     EMPTYB          Buffer related initializations
                      (        forth.asm):00774                 IFNE    DEBUG
                      (        forth.asm):00775                 clrd
                      (        forth.asm):00776                 std     USTATE          Initial mode is interpretation
                      (        forth.asm):00777                 std     USCR            Clear SCR
                      (        forth.asm):00778                 std     UBLK            Clear BLK
                      (        forth.asm):00779                 std     UTOIN           Clear >IN
                      (        forth.asm):00780                 std     MRUBUFA         Clear most the recently used buffer address
                      (        forth.asm):00781                 sta     SRCID
                      (        forth.asm):00782                 ENDC                    DEBUG
E387 7EFC4A           (        forth.asm):00783                 RFXT    jmp,DECIMAL+10  XT for DECIMAL. Default base is decimal
                      (        forth.asm):00784         
                      (        forth.asm):00785         * Input stream end reached? If ISEADDR is clear, compute it, then compare
                      (        forth.asm):00786         * X to it. EOL condition should be handled if we return from this with ZFLAG
                      (        forth.asm):00787         * set. BSBFADR and ISLEN must have been previously initialized.
E38A 3406             (        forth.asm):00788 (4+2)   ISERCHD pshs    d
E38C DC30             (        forth.asm):00789 (4)             ldd     ISEADDR
E38E 2606             (        forth.asm):00790 (3)             bne     @cont
                      (        forth.asm):00791         * Input stream end address (ISEADDR) needs to be initialized.
E390 DC28             (        forth.asm):00792 (4)             ldd     BSBFADR
E392 D32E             (        forth.asm):00793 (4)             addd    ISLEN
E394 DD30             (        forth.asm):00794 (4)             std     ISEADDR
E396 103710           (        forth.asm):00795 (4)     @cont   cmpr    x,d             CC = (D - X)
E399 3506             (        forth.asm):00796 (4+2)           puls    d
E39B 2501             (        forth.asm):00797 (3)             blo     @inoor
E39D 39               (        forth.asm):00798 (4)             rts
E39E CCFFE0           (        forth.asm):00799 (3)     @inoor  ldd     #EINOOR         >IN Out of range
E3A1 BDE749           (        forth.asm):00800 (7)             jsr     ERRHDLR         An uncatchable exception. No return
                      (        forth.asm):00801         
                      (        forth.asm):00802         * Scan for the next non-space character pointed to by X.
                      (        forth.asm):00803         * Return with ZFLAG set if an end of input stream condition is recognized,
                      (        forth.asm):00804         * otherwise ZFLAG will be clear. A is altered.
                      (        forth.asm):00805         * Update TOKENSP in all cases.
E3A4 8DE4             (        forth.asm):00806 (6)     SCNSTOK bsr     ISERCHD         End of input stream reached?
E3A6 2708             (        forth.asm):00807 (3)             beq     @scstk1         Yes, update TOKENSP and return w. ZFLAG set
E3A8 A680             (        forth.asm):00808 (4+1)           lda     ,x+
E3AA 8120             (        forth.asm):00809 (2)             cmpa    #SP
E3AC 27F6             (        forth.asm):00810 (3)             beq     SCNSTOK
E3AE 301F             (        forth.asm):00811 (4+1)           leax    -1,x            Backward one character
                      (        forth.asm):00812         * LEA affects ZFLAG but it will remain clear at this point.
E3B0 1FA8             (        forth.asm):00813 (4)     @scstk1 tfr     cc,a
E3B2 9F0A             (        forth.asm):00814 (4)             stx     TOKENSP         This affects ZFLAG!!!
E3B4 1F8A             (        forth.asm):00815 (4)             tfr     a,cc
E3B6 39               (        forth.asm):00816 (4)             rts
                      (        forth.asm):00817         
                      (        forth.asm):00818         * Scan for the next white space character as an end of token marker.
                      (        forth.asm):00819         * Upon entry:
                      (        forth.asm):00820         * - X points to the input stream.
                      (        forth.asm):00821         * Upon return:
                      (        forth.asm):00822         * - X will point to the next space character or one character after the
                      (        forth.asm):00823         *   end of the input stream.
                      (        forth.asm):00824         * - CURTOKL will hold the current token length (returned in B).
                      (        forth.asm):00825         * - TOKENEP will point to the end of the current token.
                      (        forth.asm):00826         * - A is altered.
                      (        forth.asm):00827         * This routine assumes there was an identified start of token in the past,
                      (        forth.asm):00828         * i.e. that X was not pointing to a BL character upon entry.
E3B7 5F               (        forth.asm):00829 (1)     SCNETOK clrb
E3B8 8DD0             (        forth.asm):00830 (6)     @scetok bsr     ISERCHD         End of input stream reached?
E3BA 270A             (        forth.asm):00831 (3)             beq     @scetk1
E3BC A680             (        forth.asm):00832 (4+1)           lda     ,x+
E3BE 5C               (        forth.asm):00833 (1)             incb
E3BF 8120             (        forth.asm):00834 (2)             cmpa    #SP
E3C1 26F5             (        forth.asm):00835 (3)             bne     @scetok
E3C3 301F             (        forth.asm):00836 (4+1)           leax    -1,x            Keep pointing at the trailing space
E3C5 5A               (        forth.asm):00837 (1)             decb                    Uncount BL as that was the end of token marker
E3C6 1FA8             (        forth.asm):00838 (4)     @scetk1 tfr     cc,a
E3C8 9F0C             (        forth.asm):00839 (4)             stx     TOKENEP
E3CA D749             (        forth.asm):00840 (3)             stb     CURTOKL
E3CC 1F8A             (        forth.asm):00841 (4)             tfr     a,cc
E3CE 39               (        forth.asm):00842 (4)             rts
                      (        forth.asm):00843         
E3CF 8DB9             (        forth.asm):00844 (6)     NXTCHAR bsr     ISERCHD
E3D1 2702             (        forth.asm):00845 (3)             beq     @gtnxc1         End of input stream detected. Return with Z set
E3D3 A680             (        forth.asm):00846 (4+1)           lda     ,x+
E3D5 39               (        forth.asm):00847 (4)     @gtnxc1 rts
                      (        forth.asm):00848         
                      (        forth.asm):00849         * Check for numeric literal BASE prefix. On entry X has the input stream
                      (        forth.asm):00850         * pointer. On exit, BASE is altered if needed and the original BASE saved
                      (        forth.asm):00851         * to BASBKUP. If BASE was not changed, BASBKUP will be zero.
                      (        forth.asm):00852         * D is altered, X is updated if a BASE prefix is detected, other registers
                      (        forth.asm):00853         * are untouched.
E3D6 E684             (        forth.asm):00854 (4+0)   CKNBPFX ldb     ,x              B has a potential base prefix character
E3D8 3410             (        forth.asm):00855 (4+2)           pshs    x
E3DA 8EFFE4           (        forth.asm):00856 (3)             ldx     #BASALST        A associative list (A-list) of BASE prefixes
E3DD A681             (        forth.asm):00857 (4+2)   @pflkup lda     ,x++            Potential BASE prefix character to A
E3DF 2707             (        forth.asm):00858 (3)             beq     @nopfix         Reached the end of the A-list. No prefix found
E3E1 103798           (        forth.asm):00859 (4)             cmpr    b,a             Prefix match?
E3E4 2707             (        forth.asm):00860 (3)             beq     @pfxfnd         Yes
E3E6 20F5             (        forth.asm):00861 (3)             bra     @pflkup         Perform base prefix lookup
E3E8 0F3E             (        forth.asm):00862 (5)     @nopfix clr     BASBKUP         Nothing to be restored to BASE
E3EA 3510             (        forth.asm):00863 (4+2)           puls    x
E3EC 39               (        forth.asm):00864 (4)             rts
E3ED 962B             (        forth.asm):00865 (3)     @pfxfnd lda     UBASE+1
E3EF 973E             (        forth.asm):00866 (3)             sta     BASBKUP         Back up the current BASE value
E3F1 A61F             (        forth.asm):00867 (4+1)           lda     -1,x            The BASE specified by the prefix
E3F3 972B             (        forth.asm):00868 (3)             sta     UBASE+1         Update BASE
E3F5 3510             (        forth.asm):00869 (4+2)           puls    x
E3F7 3001             (        forth.asm):00870 (4+1)           leax    1,x             Skip the prefix from the input stream
E3F9 0A49             (        forth.asm):00871 (5)             dec     CURTOKL         For the sanity of NUMCVT
E3FB 39               (        forth.asm):00872 (4)             rts
                      (        forth.asm):00873         
                      (        forth.asm):00874         * NUMCVT performs a signed string to number conversion. The input string is
                      (        forth.asm):00875         * acquired from the input stream. Note that this routine always is called
                      (        forth.asm):00876         * after a dictionary lookup (SWDIC), so TOKENEP and CURTOKL are guaranteed
                      (        forth.asm):00877         * to have been set previously. There are two ways out this routine:
                      (        forth.asm):00878         * - redirection to the error handler (Undefined word), or
                      (        forth.asm):00879         * - a converted cell or double cell returned through the data stack.
                      (        forth.asm):00880         *   Upon return, ISDBLF being NZ will indicate a double.
E3FC 0F46             (        forth.asm):00881 (5)     NUMCVT  clr     ISNEGF          Assume the result is positive
E3FE 0F47             (        forth.asm):00882 (5)             clr     ISDBLF          Assume the result is not a double number
E400 9649             (        forth.asm):00883 (3)             lda     CURTOKL
E402 974A             (        forth.asm):00884 (3)             sta     SVCTOKL         Save CURTOKL's value upon entry
E404 9E0A             (        forth.asm):00885 (4)             ldx     TOKENSP
E406 8DCE             (        forth.asm):00886 (6)             bsr     CKNBPFX         Check for numeric literal BASE prefix
                      (        forth.asm):00887         * Check for optional minus sign.
E408 A684             (        forth.asm):00888 (4+0)           lda     ,x
E40A 812D             (        forth.asm):00889 (2)             cmpa    #'-
E40C 2606             (        forth.asm):00890 (3)             bne     @ncini
E40E 0A49             (        forth.asm):00891 (5)             dec     CURTOKL
E410 0C46             (        forth.asm):00892 (5)             inc     ISNEGF          Remember to negate the result before returning
E412 3001             (        forth.asm):00893 (4+1)           leax    1,x             Skip the negativity!
E414 1F12             (        forth.asm):00894 (4)     @ncini  tfr     x,y             Backup input stream pointer
E416 1FC1             (        forth.asm):00895 (4)             tfr     0,x             Initialize the result
E418 BDE803           (        forth.asm):00896 (7)             jsr     NPUSH           LSC
E41B BDE803           (        forth.asm):00897 (7)             jsr     NPUSH           MSC
E41E 1F21             (        forth.asm):00898 (4)             tfr     y,x             Restore the input stream pointer
E420 BDE803           (        forth.asm):00899 (7)             jsr     NPUSH           Base scanning address
E423 4F               (        forth.asm):00900 (1)             clra
E424 D649             (        forth.asm):00901 (3)             ldb     CURTOKL
E426 1F01             (        forth.asm):00902 (4)             tfr     d,x             Token length to X (might include a trailing .)
E428 BDE803           (        forth.asm):00903 (7)             jsr     NPUSH
E42B BDF565           (        forth.asm):00904                 RFXT    jsr,TONUMBR+10
                      (        forth.asm):00905         * At this point, at least four cells are on the data stack.
E42E 3710             (        forth.asm):00906                 UCNPOP
E430 1F10             (        forth.asm):00907 (4)             tfr     x,d             Number of unconverted characters to D
E432 3710             (        forth.asm):00908                 UCNPOP                  Address of the last non convertible char to X
E434 104D             (        forth.asm):00909 (2)             tstd
E436 2717             (        forth.asm):00910 (3)             beq     @ncadj          Not dealing with a double
E438 10830001         (        forth.asm):00911 (4)             cmpd    #1
E43C 2625             (        forth.asm):00912 (3)             bne     @ncnogo         At most one character must be unconverted
E43E A684             (        forth.asm):00913 (4+0)           lda     ,x
E440 812E             (        forth.asm):00914 (2)             cmpa    #'.             Was a double number meant?
E442 261F             (        forth.asm):00915 (3)             bne     @ncnogo         No, we do not have a winner...
E444 0C47             (        forth.asm):00916 (5)             inc     ISDBLF
                      (        forth.asm):00917         * Double cell number adjustments.
E446 0D46             (        forth.asm):00918 (4)             tst     ISNEGF          Are we dealing with a negative number?
E448 2728             (        forth.asm):00919 (3)             beq     RSBSPFX         No. Restore BASE if needed--the end
E44A BDF47C           (        forth.asm):00920                 RFXT    jsr,DNEG+10     Acknowledge the negativity
E44D 2023             (        forth.asm):00921 (3)             bra     RSBSPFX         Restore BASE if needed--the end
                      (        forth.asm):00922         * Single cell number adjustments.
E44F ECC1             (        forth.asm):00923 (5+2)   @ncadj  ldd     ,u++            MSC Should be zero
E451 2707             (        forth.asm):00924 (3)             beq     @cvsnok
E453 8D1D             (        forth.asm):00925 (6)             bsr     RSBSPFX         Restore BASE if a prefix was specified
E455 C6F5             (        forth.asm):00926 (2)             ldb     #EOORNG         Out of range error if not
E457 BDEA60           (        forth.asm):00927 (7)             jsr     SYSTHR8         No return
E45A 0D46             (        forth.asm):00928 (4)     @cvsnok tst     ISNEGF          Are we dealing with a negative number?
E45C 2714             (        forth.asm):00929 (3)             beq     RSBSPFX         No. Restore BASE if needed--the end
E45E BDF052           (        forth.asm):00930                 RFXT    jsr,NEGATE+9    Acknowledge the negativity
E461 200F             (        forth.asm):00931 (3)             bra     RSBSPFX         Restore BASE if needed--the end
E463 3344             (        forth.asm):00932 (4+1)   @ncnogo leau    4,u             Drop two cells from the data stack
E465 8D0B             (        forth.asm):00933 (6)             bsr     RSBSPFX         Restore BASE if a prefix was specified
E467 964A             (        forth.asm):00934 (3)             lda     SVCTOKL
E469 9749             (        forth.asm):00935 (3)             sta     CURTOKL         Restore CURTOKL's original value
E46B 9E0A             (        forth.asm):00936 (4)             ldx     TOKENSP         Beginning address of the current token
E46D C6F3             (        forth.asm):00937 (2)             ldb     #EUNDEF         Undefined (X points to the offending word)
E46F BDEA60           (        forth.asm):00938 (7)             jsr     SYSTHR8         No return
     E472             (        forth.asm):00939         NUMCVRA equ     *               For symbolic stack dump purposes
                      (        forth.asm):00940         
                      (        forth.asm):00941         * Restore BASE if a numeric literal BASE prefix was detected.
                      (        forth.asm):00942         * X is to be preserved at all cost!
E472 963E             (        forth.asm):00943 (3)     RSBSPFX lda     BASBKUP
E474 2702             (        forth.asm):00944 (3)             beq     @theend
E476 972B             (        forth.asm):00945 (3)             sta     UBASE+1
E478 39               (        forth.asm):00946 (4)     @theend rts
                      (        forth.asm):00947         
                      (        forth.asm):00948         * Convert number stored in X to a string (depending on BASE value).
                      (        forth.asm):00949         * Output is stored in the global TBUFF buffer. X is preserved.
E479 0F46             (        forth.asm):00950 (5)     CVNSTR  clr     ISNEGF
E47B 1F10             (        forth.asm):00951 (4)             tfr     x,d
E47D 0D48             (        forth.asm):00952 (4)             tst     CVISSGN         Are we to perform a signed conversion?
E47F 2708             (        forth.asm):00953 (3)             beq     @cvnst1
E481 104D             (        forth.asm):00954 (2)             tstd
E483 2A04             (        forth.asm):00955 (3)             bpl     @cvnst1
E485 0C46             (        forth.asm):00956 (5)             inc     ISNEGF          Number being converted is negative
E487 1040             (        forth.asm):00957 (2)             negd
E489 1F06             (        forth.asm):00958 (4)     @cvnst1 tfr     d,w
E48B 104F             (        forth.asm):00959 (2)             clrd
E48D 108E01AA         (        forth.asm):00960 (4)             ldy     #TBUFF+19       Sign + 16 digits + terminator + 1
E491 6FA2             (        forth.asm):00961 (6+1)           clr     ,-y             End of string marker
E493 119E2A           (        forth.asm):00962 (35)    @cvnst2 divq    UBASE           D returns the modulo and W the quotient
E496 8630             (        forth.asm):00963 (2)             lda     #'0
E498 C10A             (        forth.asm):00964 (2)             cmpb    #10
E49A 2502             (        forth.asm):00965 (3)             bcs     @cvnst3
                      (        forth.asm):00966         * BASE has letters among its valid numbers.
E49C 8637             (        forth.asm):00967 (2)             lda     #'A-10
E49E 103089           (        forth.asm):00968 (4)     @cvnst3 addr    a,b
E4A1 E7A2             (        forth.asm):00969 (4+1)           stb     ,-y
E4A3 104F             (        forth.asm):00970 (2)             clrd
E4A5 105D             (        forth.asm):00971 (2)             tstw
E4A7 26EA             (        forth.asm):00972 (3)             bne     @cvnst2
E4A9 C620             (        forth.asm):00973 (2)             ldb     #SP
E4AB 0D46             (        forth.asm):00974 (4)             tst     ISNEGF
E4AD 2702             (        forth.asm):00975 (3)             beq     @cvnst4
E4AF C62D             (        forth.asm):00976 (2)             ldb     #'-
E4B1 E7A2             (        forth.asm):00977 (4+1)   @cvnst4 stb     ,-y
                      (        forth.asm):00978         * We need to insert leading spaces up to the beginning of the output buffer.
E4B3 C620             (        forth.asm):00979 (2)             ldb     #SP
E4B5 108C0197         (        forth.asm):00980 (4)     @cvnst5 cmpy    #TBUFF
E4B9 2601             (        forth.asm):00981 (3)             bne     @cvnst6
E4BB 39               (        forth.asm):00982 (4)             rts
E4BC E7A2             (        forth.asm):00983 (4+1)   @cvnst6 stb     ,-y
E4BE 20F5             (        forth.asm):00984 (3)             bra     @cvnst5
                      (        forth.asm):00985         
                      (        forth.asm):00986         * Search word beginning at address TOKENSP in the dictionary.
                      (        forth.asm):00987         * Upon return Z will be set if the word was not found.
                      (        forth.asm):00988         * Otherwise, Y will point to the code section of the word.
                      (        forth.asm):00989         * CSSNTVE (defined in constants.asm) defines whether the
                      (        forth.asm):00990         * dictionary match is case sensitive or not.
                      (        forth.asm):00991         * Important note: if the word is found TOKENEP will be copied to TOKENSP.
E4C0 9E0A             (        forth.asm):00992 (4)     SWDIC   ldx     TOKENSP
E4C2 BDE3B7           (        forth.asm):00993 (7)             jsr     SCNETOK         B has CURTOKL, update TOKENEP
E4C5 9E10             (        forth.asm):00994 (4)     SWDIC1  ldx     DICEND          Entry point for the ANSI FIND
E4C7 9F22             (        forth.asm):00995 (4)             stx     VLPRVEP         Last dictionary entry code address + 1
E4C9 9E0A             (        forth.asm):00996 (4)             ldx     TOKENSP
E4CB 109E0E           (        forth.asm):00997 (5)             ldy     LSTWAD          Latest word header address to Y
E4CE 2606             (        forth.asm):00998 (3)     @swrdc0 bne     @swrdc1
E4D0 1FC2             (        forth.asm):00999 (4)             tfr     0,y             Word not found. Z is set
E4D2 109F16           (        forth.asm):01000 (5)             sty     PLOAD
E4D5 39               (        forth.asm):01001 (4)             rts
E4D6 A6A4             (        forth.asm):01002 (4+0)   @swrdc1 lda     ,y              Word attribute to A
E4D8 841F             (        forth.asm):01003 (2)             anda    #WRLNMSK        Extract word length
E4DA 3420             (        forth.asm):01004 (4+2)           pshs    y
E4DC 103789           (        forth.asm):01005 (4)             cmpr    a,b             Word length match?
E4DF 2638             (        forth.asm):01006 (3)             bne     @swrdc3         No, point to next dictionary entry
E4E1 3121             (        forth.asm):01007 (4+1)           leay    1,y
E4E3 A6A0             (        forth.asm):01008 (4+1)   @swrdc2 lda     ,y+
                      (        forth.asm):01009                 IFNE    CSSNTVE
                      (        forth.asm):01010                 cmpa    ,x+             Case sensitive dictionary
                      (        forth.asm):01011                 ELSE
E4E5 1F9E             (        forth.asm):01012 (4)             tfr     b,e             Case insensitive search (preferred)
E4E7 E680             (        forth.asm):01013 (4+1)           ldb     ,x+
E4E9 C161             (        forth.asm):01014 (2)             cmpb    #'a
E4EB 2506             (        forth.asm):01015 (3)             bcs     @nochg
E4ED C17B             (        forth.asm):01016 (2)             cmpb    #'z+1
E4EF 2402             (        forth.asm):01017 (3)             bcc     @nochg
E4F1 C020             (        forth.asm):01018 (2)             subb    #'a-'A
E4F3 103789           (        forth.asm):01019 (4)     @nochg  cmpr    a,b
E4F6 1FE9             (        forth.asm):01020 (4)             tfr     e,b
                      (        forth.asm):01021                 ENDC                    CSSNTVE
E4F8 261F             (        forth.asm):01022 (3)             bne     @swrdc3
E4FA 5A               (        forth.asm):01023 (1)             decb
E4FB 26E6             (        forth.asm):01024 (3)             bne     @swrdc2
                      (        forth.asm):01025         * Word match!
E4FD 3510             (        forth.asm):01026 (4+2)           puls    x
E4FF E684             (        forth.asm):01027 (4+0)           ldb     ,x              Word attribute byte to B
E501 4F               (        forth.asm):01028 (1)             clra
E502 58               (        forth.asm):01029 (1)             lslb                    Bit 7 to CFLAG
E503 49               (        forth.asm):01030 (1)             rola                    CFLAG to A
E504 974B             (        forth.asm):01031 (3)             sta     IMDFLG          Set IMMEDIATE flag
E506 4F               (        forth.asm):01032 (1)             clra
E507 58               (        forth.asm):01033 (1)             lslb                    Bit 6 to CFLAG
E508 49               (        forth.asm):01034 (1)             rola                    CFLAG to A
E509 974C             (        forth.asm):01035 (3)             sta     DEFFLG          Set DEFINE (compilation only) flag
E50B 9E0C             (        forth.asm):01036 (4)             ldx     TOKENEP
E50D 9F0A             (        forth.asm):01037 (4)             stx     TOKENSP
                      (        forth.asm):01038                 IFNE    RELFEAT
                      (        forth.asm):01039                 leay    3,y             Skip back pointer and checksum. Return XT
                      (        forth.asm):01040                 ELSE
E50F 3122             (        forth.asm):01041 (4+1)           leay    2,y             Skip back pointer. Return XT
                      (        forth.asm):01042                 ENDC                    RELFEAT
E511 DC22             (        forth.asm):01043 (4)             ldd     VLPRVEP
E513 103220           (        forth.asm):01044 (4)             subr    y,d
E516 DD16             (        forth.asm):01045 (4)             std     PLOAD
E518 39               (        forth.asm):01046 (4)             rts                     NZ since there is no zero payload word
E519 3520             (        forth.asm):01047 (4+2)   @swrdc3 puls    y
E51B 109F22           (        forth.asm):01048 (5)             sty     VLPRVEP
E51E 4F               (        forth.asm):01049 (1)             clra
E51F E6A0             (        forth.asm):01050 (4+1)           ldb     ,y+
E521 C41F             (        forth.asm):01051 (2)             andb    #WRLNMSK
E523 31AB             (        forth.asm):01052 (4+2)           leay    d,y
E525 9E0A             (        forth.asm):01053 (4)             ldx     TOKENSP
E527 D649             (        forth.asm):01054 (3)             ldb     CURTOKL
E529 10AEA4           (        forth.asm):01055 (6+0)           ldy     ,y              Point to previous word header
E52C 20A0             (        forth.asm):01056 (3)             bra     @swrdc0
                      (        forth.asm):01057         
                      (        forth.asm):01058         * Create new dictionary entry. The word name being created is acquired from
                      (        forth.asm):01059         * the input stream. Warning, this requires a writable dictionary!
                      (        forth.asm):01060         * The new end of the dictionary is returned in Y. W is preserved.
E52E 1038             (        forth.asm):01061 (6)     LOCWRT  pshsw
E530 9E10             (        forth.asm):01062 (4)             ldx     DICEND
                      (        forth.asm):01063                 IFNE    DEBUG
                      (        forth.asm):01064                 cmpx    #ROMSTRT
                      (        forth.asm):01065                 bcs     @locwr0
                      (        forth.asm):01066                 ldb     #ERONLY         Assertion failure (trying to write to ROM!)
                      (        forth.asm):01067                 jsr     SYSTHR8         No return
E532                  (        forth.asm):01068         LWAFRA  equ     *
E532                  (        forth.asm):01069         @locwr0
                      (        forth.asm):01070                 ENDC                    DEBUG
E532 9F14             (        forth.asm):01071 (4)             stx     BDICEND         Back pointer up
E534 9E0E             (        forth.asm):01072 (4)             ldx     LSTWAD
E536 9F12             (        forth.asm):01073 (4)             stx     BLSTWAD         Back pointer up
E538 BDE8C9           (        forth.asm):01074 (7)             jsr     BKIN2PT         Derive X from BLK, >IN
E53B BDE3A4           (        forth.asm):01075 (7)             jsr     SCNSTOK         Locate token starting address
E53E 2605             (        forth.asm):01076 (3)             bne     @locwr1
E540 C6F0             (        forth.asm):01077 (2)             ldb     #ENONAM         EOIS condition recognized: missing word name
E542 BDEA60           (        forth.asm):01078 (7)             jsr     SYSTHR8         No return
     E545             (        forth.asm):01079         LWMNRA  equ     *               LOCWRT missing word name return address
E545 BDE3B7           (        forth.asm):01080 (7)     @locwr1 jsr     SCNETOK         X has TOKENEP, B has CURTOKL
E548 109E0A           (        forth.asm):01081 (5)             ldy     TOKENSP
E54B 103221           (        forth.asm):01082 (4)             subr    y,x
E54E 3410             (        forth.asm):01083 (4+2)           pshs    x               Word length to the system stack
E550 9E10             (        forth.asm):01084 (4)             ldx     DICEND
E552 A661             (        forth.asm):01085 (4+1)           lda     1,s             Word length LSB in the system stack
E554 8120             (        forth.asm):01086 (2)             cmpa    #1+WRLNMSK      Max word length is 31, 79-STANDARD compliant
E556 2505             (        forth.asm):01087 (3)             blo     @locwr2
E558 C6ED             (        forth.asm):01088 (2)             ldb     #ENAMLN         Word name is too long
E55A BDEA60           (        forth.asm):01089 (7)             jsr     SYSTHR8         No return
E55D A780             (        forth.asm):01090 (4+1)   @locwr2 sta     ,x+             Word length to dictionary
E55F 10A6E1           (        forth.asm):01091 (6+2)           ldw     ,s++            16-bit word length to W
E562 1E12             (        forth.asm):01092 (5)             exg     x,y             Y points to the dictionary, X has TOKENSP
                      (        forth.asm):01093                 IFNE    CSSNTVE
                      (        forth.asm):01094                 tfm     x+,y+           Word name to dictionary, as is
                      (        forth.asm):01095                 ELSE
E564 1FF9             (        forth.asm):01096 (4)             tfr     f,b             Force dictionary entry to upper case
E566 A680             (        forth.asm):01097 (4+1)   @locwr3 lda     ,x+
E568 8161             (        forth.asm):01098 (2)             cmpa    #'a
E56A 2506             (        forth.asm):01099 (3)             bcs     @locwr4
E56C 817B             (        forth.asm):01100 (2)             cmpa    #'z+1
E56E 2402             (        forth.asm):01101 (3)             bcc     @locwr4
E570 8020             (        forth.asm):01102 (2)             suba    #'a-'A          To upper case
E572 A7A0             (        forth.asm):01103 (4+1)   @locwr4 sta     ,y+
E574 5A               (        forth.asm):01104 (1)             decb
E575 26EF             (        forth.asm):01105 (3)             bne     @locwr3
                      (        forth.asm):01106                 ENDC                    CSSNTVE
E577 1F10             (        forth.asm):01107 (4)             tfr     x,d
E579 BDE167           (        forth.asm):01108 (7)             jsr     U2INFRD         Derive >IN from D
E57C 9E0E             (        forth.asm):01109 (4)             ldx     LSTWAD
E57E AFA1             (        forth.asm):01110 (5+2)           stx     ,y++            Back pointer to dictionary
                      (        forth.asm):01111                 IFNE    RELFEAT
                      (        forth.asm):01112                 clr     ,y+             Initialize the checksum header field
                      (        forth.asm):01113                 ENDC                    RELFEAT
E580 109F10           (        forth.asm):01114 (5)             sty     DICEND
E583 109F1A           (        forth.asm):01115 (5)             sty     RECADDR         Should we resort to recursion later on
E586 1039             (        forth.asm):01116 (6)             pulsw
E588 39               (        forth.asm):01117 (4)             rts
                      (        forth.asm):01118         
                      (        forth.asm):01119         * Compile 'ldx  #X; jsr NPUSH'.
                      (        forth.asm):01120         * DICEND is updated and returned in Y.
E589 109E10           (        forth.asm):01121 (5)     LITER   ldy     DICEND
E58C 868E             (        forth.asm):01122 (2)             lda     #LDXOPC         LDX immediate
E58E 8D10             (        forth.asm):01123 (6)             bsr     VARCON2
E590 86BD             (        forth.asm):01124 (2)             lda     #JSROPC         JSR extended
E592 109F1C           (        forth.asm):01125 (5)             sty     JSRLAST         JSRLAST points to the latest JSR code emission
E595 8D06             (        forth.asm):01126 (6)             bsr     VARCON1
E597 109F10           (        forth.asm):01127 (5)             sty     DICEND
E59A 39               (        forth.asm):01128 (4)             rts
                      (        forth.asm):01129         
                      (        forth.asm):01130         * Compile 'jmp  NPUSH'.
                      (        forth.asm):01131         * Y points to the end of the dictionary on entry and on exit.
E59B 867E             (        forth.asm):01132 (2)     VARCON  lda     #JMPOPC         JMP extended
E59D 8EE803           (        forth.asm):01133 (3)     VARCON1 ldx     #NPUSH
E5A0 A7A0             (        forth.asm):01134 (4+1)   VARCON2 sta     ,y+
E5A2 AFA1             (        forth.asm):01135 (5+2)           stx     ,y++
E5A4 39               (        forth.asm):01136 (4)             rts
                      (        forth.asm):01137         
                      (        forth.asm):01138         * Used by U<, U>, <, >.
E5A5 BDEA1E           (        forth.asm):01139 (7)     CMP2    jsr     MIN2PST         At least 2 cells must be stacked up
E5A8 10AEC4           (        forth.asm):01140 (6+0)   CMP2RA  ldy     ,u
E5AB AE42             (        forth.asm):01141 (5+1)           ldx     2,u
E5AD 103721           (        forth.asm):01142 (4)             cmpr    y,x
E5B0 1FA9             (        forth.asm):01143 (4)             tfr     cc,b
                      (        forth.asm):01144                 IFNE    DEBUG
                      (        forth.asm):01145                 clra
                      (        forth.asm):01146                 std     CCREG
                      (        forth.asm):01147                 ENDC                    DEBUG
E5B2 1FC1             (        forth.asm):01148 (4)             tfr     0,x
E5B4 3344             (        forth.asm):01149 (4+1)           leau    4,u
E5B6 1F9A             (        forth.asm):01150 (4)             tfr     b,cc
E5B8 39               (        forth.asm):01151 (4)             rts
                      (        forth.asm):01152         
                      (        forth.asm):01153         * Used by CMOVE, CMOVE>, MOVE.
E5B9 BDEA23           (        forth.asm):01154 (7)     ACQMOVP jsr     MIN3PST         At least 3 cells must be stacked up
E5BC 10A6C4           (        forth.asm):01155 (6+0)   ACQVMRA ldw     ,u              Byte count
E5BF 10AE42           (        forth.asm):01156 (6+1)           ldy     2,u             Destination address
E5C2 AE44             (        forth.asm):01157 (5+1)           ldx     4,u             Source address
E5C4 3346             (        forth.asm):01158 (4+1)           leau    6,u             Drop 3 cells from the user stack
E5C6 39               (        forth.asm):01159 (4)             rts
                      (        forth.asm):01160         
                      (        forth.asm):01161         * FDCTSYM enveadours to match the address stored in Y to a dictionary entry.
                      (        forth.asm):01162         * Upon a successful flexible match, it will output a string in the form of
                      (        forth.asm):01163         * <wordname>+<offset> to the string pointed to by X. <wordname> refers to the
                      (        forth.asm):01164         * code entry point of the matched word. <offset> will be expressed in hex.
                      (        forth.asm):01165         * If a match is found, Z will be clear, otherwise it will be set.
                      (        forth.asm):01166         * A candidate for a word code address must meet the following criteria:
                      (        forth.asm):01167         * ((Y U>= #EBUFS) AND (Y U< #THEEND)) OR ((Y U>= #WDICSPC) AND (Y U< DICEND)).
                      (        forth.asm):01168         * Upon return:
                      (        forth.asm):01169         * - the string pointed to by X will updated with its symbolic match
                      (        forth.asm):01170         *   (NUL terminated), if there is one. X itself might have been altered.
                      (        forth.asm):01171         * - Y should be preserved.
                      (        forth.asm):01172         * EBUFS (EMPTY-BUFFERS) header address is the last word in the dictionary.
                      (        forth.asm):01173                 IFNE    SSDFEAT
E5C7 3430             (        forth.asm):01174 (4+4)   FDCTSYM pshs    y,x     
E5C9 1F21             (        forth.asm):01175 (4)             tfr     y,x             Potential execution token to X
E5CB 8CEA2D           (        forth.asm):01176 (3)             cmpx    #EBUFS
E5CE 2505             (        forth.asm):01177 (3)             blo     @fdstr2 
E5D0 8CFE74           (        forth.asm):01178 (3)             cmpx    #THEEND
E5D3 250C             (        forth.asm):01179 (3)             blo     @fdsmtc
E5D5 8C0E30           (        forth.asm):01180 (3)     @fdstr2 cmpx    #WDICSPC        Term 2 of the predicate for a valid word addr
E5D8 2504             (        forth.asm):01181 (3)             blo     @fdsnom
E5DA 9C10             (        forth.asm):01182 (4)             cmpx    DICEND
E5DC 2503             (        forth.asm):01183 (3)             blo     @fdsmtc
E5DE 4F               (        forth.asm):01184 (1)     @fdsnom clra                    No match (Z is set)
E5DF 35B0             (        forth.asm):01185 (4+6)           puls    x,y,pc          RTS implied
E5E1 9E0E             (        forth.asm):01186 (4)     @fdsmtc ldx     LSTWAD          Potential match. Scan upward from LAST
                      (        forth.asm):01187         * X points to the latest word header, Y has an execution token.
E5E3 109610           (        forth.asm):01188 (5)             ldw     DICEND          W points to the end of the code section
E5E6 3410             (        forth.asm):01189 (4+2)   @fdslop pshs    x               Pointer to the current word header
E5E8 E680             (        forth.asm):01190 (4+1)           ldb     ,x+
E5EA C41F             (        forth.asm):01191 (2)             andb    #WRLNMSK
E5EC 3A               (        forth.asm):01192 (1)             abx                     Skip word name string
E5ED EC81             (        forth.asm):01193 (5+2)           ldd     ,x++            Backlink to D
                      (        forth.asm):01194                 IFNE    RELFEAT
                      (        forth.asm):01195                 leax    1,x             Skip the checksum
                      (        forth.asm):01196                 ENDC                    RELFEAT
E5EF 103712           (        forth.asm):01197 (4)             cmpr    x,y
E5F2 252F             (        forth.asm):01198 (3)             blo     @fdsnwd
E5F4 103762           (        forth.asm):01199 (4)             cmpr    w,y
E5F7 222A             (        forth.asm):01200 (3)             bhi     @fdsnwd         An equal address is allowed here, in case
                      (        forth.asm):01201         * jsr SYSTHR8 is the last instruction for the word under consideration.
                      (        forth.asm):01202         * This happens to be the case for FORGET and LPAR.
                      (        forth.asm):01203         * Y matches the code range for the current word.
E5F9 3510             (        forth.asm):01204 (4+2)           puls    x
E5FB E680             (        forth.asm):01205 (4+1)           ldb     ,x+
E5FD C41F             (        forth.asm):01206 (2)             andb    #WRLNMSK
E5FF 1F9F             (        forth.asm):01207 (4)             tfr     b,f
E601 114F             (        forth.asm):01208 (2)             clre                    W has the matched word length
E603 10AEE4           (        forth.asm):01209 (6+0)           ldy     ,s              Y points to the target buffer
E606 113812           (        forth.asm):01210 (6+?)           tfm     x+,y+
E609 6FA4             (        forth.asm):01211 (6+0)           clr     ,y              We need this in case the offset is zero
                      (        forth.asm):01212         * Offset processing.
                      (        forth.asm):01213                 IFNE    RELFEAT
                      (        forth.asm):01214                 leax    3,x             Skip backlink and checksum
                      (        forth.asm):01215                 ELSE
E60B 3002             (        forth.asm):01216 (4+1)           leax    2,x             Skip backlink
                      (        forth.asm):01217                 ENDC                    RELFEAT
E60D EC62             (        forth.asm):01218 (5+1)           ldd     2,s             Execution token to D
E60F 103210           (        forth.asm):01219 (4)             subr    x,d             Offset between XT and word entry point to D
E612 270B             (        forth.asm):01220 (3)             beq     @skoffs         Skip displaying the offset if it is zero
E614 3402             (        forth.asm):01221 (4+1)           pshs    a               Preserve the offset's MSB
E616 862B             (        forth.asm):01222 (2)             lda     #'+
E618 A7A0             (        forth.asm):01223 (4+1)           sta     ,y+
E61A 3502             (        forth.asm):01224 (4+1)           puls    a               Restore the offset's MSB
E61C BDE197           (        forth.asm):01225 (7)             jsr     HDMP4           Dump hex incarnation of the offset to Y
E61F 1CFB             (        forth.asm):01226 (2)     @skoffs andcc   #^ZFLAG         Clear ZFLAG
E621 35B0             (        forth.asm):01227 (4+6)           puls    x,y,pc          RTS implied
                      (        forth.asm):01228         * Point to the next word.
E623 1039             (        forth.asm):01229 (6)     @fdsnwd pulsw                   Retrieve current word header address
E625 104D             (        forth.asm):01230 (2)             tstd
E627 27B5             (        forth.asm):01231 (3)             beq     @fdsnom         Just met the last dictionary entry
E629 1F01             (        forth.asm):01232 (4)             tfr     d,x             Point to previous word header
E62B 10810E30         (        forth.asm):01233 (4)             cmpw    #WDICSPC        Are we transitioning from RAM to ROM?
E62F 26B5             (        forth.asm):01234 (3)             bne     @fdslop         No singularity
E631 1086FE74         (        forth.asm):01235 (4)             ldw     #THEEND         Won't be able to diagnose the ROM based @...
E635 20AF             (        forth.asm):01236 (3)             bra     @fdslop
                      (        forth.asm):01237         
                      (        forth.asm):01238         * Find the best possible symbolic approximation of Y and store it to the
                      (        forth.asm):01239         * buffer pointed to by X.
                      (        forth.asm):01240         * On entry:
                      (        forth.asm):01241         * - Y has a code address which is to be matched with a symbolic name + offset.
                      (        forth.asm):01242         * - X points to a buffer where the resolution is to be stored.
                      (        forth.asm):01243         * On return:
                      (        forth.asm):01244         * - Y is to be preserved.
                      (        forth.asm):01245         * - the output buffer will be updated with the best symbolic match (NUL term'd).
E637 3430             (        forth.asm):01246 (4+4)   FINDSYM pshs    y,x
E639 8D8C             (        forth.asm):01247 (6)             bsr     FDCTSYM         Search the dictionary first (flexible match)
E63B 261B             (        forth.asm):01248 (3)             bne     @dctmfn         Dictionary match found
E63D 8EE65C           (        forth.asm):01249 (3)             ldx     #NDCTWKS        Search kernel symbols for an exact match
E640 EC81             (        forth.asm):01250 (5+2)   @fsmlop ldd     ,x++
E642 270B             (        forth.asm):01251 (3)             beq     @fsmfnd         End of well known symbols list?
E644 103720           (        forth.asm):01252 (4)             cmpr    y,d
E647 2706             (        forth.asm):01253 (3)             beq     @fsmfnd
                      (        forth.asm):01254         * No well known symbol match. Skip string.
E649 A680             (        forth.asm):01255 (4+1)   @fsmskp lda     ,x+
E64B 26FC             (        forth.asm):01256 (3)             bne     @fsmskp
E64D 20F1             (        forth.asm):01257 (3)             bra     @fsmlop
E64F 10AEE4           (        forth.asm):01258 (6+0)   @fsmfnd ldy     ,s
E652 A680             (        forth.asm):01259 (4+1)   @fsmfn2 lda     ,x+
E654 A7A0             (        forth.asm):01260 (4+1)           sta     ,y+
E656 26FA             (        forth.asm):01261 (3)             bne     @fsmfn2
E658 3262             (        forth.asm):01262 (4+1)   @dctmfn leas    2,s             Drop X from the system stack
E65A 35A0             (        forth.asm):01263 (4+4)           puls    y,pc            RTS implied
                      (        forth.asm):01264         
                      (        forth.asm):01265         * Non-dictionary well known symbols.
E65C E823             (        forth.asm):01266         NDCTWKS fdb     DPOPRA          Data stack underflow
E65E 44504F50524100   (        forth.asm):01267                 fcn     'DPOPRA'
E665 E811             (        forth.asm):01268                 fdb     DPSHRA          Data stack overflow
E667 44505348524100   (        forth.asm):01269                 fcn     'DPSHRA'
E66E E85E             (        forth.asm):01270                 fdb     RPOPRA          Return stack underflow
E670 52504F50524100   (        forth.asm):01271                 fcn     'RPOPRA'
E677 E845             (        forth.asm):01272                 fdb     RPSHRA          Return stack overflow
E679 52505348524100   (        forth.asm):01273                 fcn     'RPSHRA'
                      (        forth.asm):01274         * SYSTHRO is never visible 'an sich' (except when disassembling 'THROW') since,
                      (        forth.asm):01275         * when the default handler (ERRHDLR) is involved, it will start a symbolic
                      (        forth.asm):01276         * stack dump from the address following the corresponding 'jsr SYSTHR8' return
                      (        forth.asm):01277         * address.
E680 EA19             (        forth.asm):01278                 fdb     CKDPTRA         Not enough parameters supplied
E682 434B445054524100 (        forth.asm):01279                 fcn     'CKDPTRA'
E68A EA0F             (        forth.asm):01280                 fdb     CHKNDPT         Check data stack minimum depth
E68C 43484B4E44505400 (        forth.asm):01281                 fcn     'CHKNDPT'
E694 E5A8             (        forth.asm):01282                 fdb     CMP2RA          Missing operand in any of U<, U>, <, >
E696 434D5032524100   (        forth.asm):01283                 fcn     'CMP2RA'
E69D E5BC             (        forth.asm):01284                 fdb     ACQVMRA         Three operands missing in any of CMOVE,
                      (        forth.asm):01285         *                               CMOVE>, MOVE
E69F 414351564D524100 (        forth.asm):01286                 fcn     'ACQVMRA'
E6A7 E0C3             (        forth.asm):01287                 fdb     MINTLRA         Main interpreter loop return address
E6A9 4D494E544C524100 (        forth.asm):01288                 fcn     'MINTLRA'
E6B1 E472             (        forth.asm):01289                 fdb     NUMCVRA         ? while converting a string to a number
E6B3 4E554D4356524100 (        forth.asm):01290                 fcn     'NUMCVRA'
E6BB E0D6             (        forth.asm):01291                 fdb     NMCVIRA         Numeric conversion error while interpreting
E6BD 4E4D435649524100 (        forth.asm):01292                 fcn     'NMCVIRA'
E6C5 E13F             (        forth.asm):01293                 fdb     NMCVCRA         Numeric conversion error while compiling
E6C7 4E4D435643524100 (        forth.asm):01294                 fcn     'NMCVCRA'
E6CF E101             (        forth.asm):01295                 fdb     INTRPRA         Interpreter RA (after the execution of a word)
E6D1 494E545250524100 (        forth.asm):01296                 fcn     'INTRPRA'
E6D9 E12D             (        forth.asm):01297                 fdb     COMPLRA         Compiler RA (after the execution of an IMD word)
E6DB 434F4D504C524100 (        forth.asm):01298                 fcn     'COMPLRA'
E6E3 E158             (        forth.asm):01299                 fdb     EMXASXT         Emit "JSR <X>" where X has an execution token
E6E5 454D584153585400 (        forth.asm):01300                 fcn     'EMXASXT'
E6ED E545             (        forth.asm):01301                 fdb     LWMNRA          Missing word name in LOCWRT
E6EF 4C574D4E524100   (        forth.asm):01302                 fcn     'LWMNRA'
E6F6 E9B0             (        forth.asm):01303                 fdb     CFR1SRA         CF read one sector failed
E6F8 4346523153524100 (        forth.asm):01304                 fcn     'CFR1SRA'
E700 E803             (        forth.asm):01305                 fdb     NPUSH           Not an error RA but useful to have as a symbol
E702 4E5055534800     (        forth.asm):01306                 fcn     'NPUSH'
E708 E82B             (        forth.asm):01307                 fdb     RPUSH           Not an error RA but useful to have as a symbol
E70A 525055534800     (        forth.asm):01308                 fcn     'RPUSH'
E710 E812             (        forth.asm):01309                 fdb     NPOP            Not an error RA but useful to have as a symbol
E712 4E504F5000       (        forth.asm):01310                 fcn     'NPOP'
E717 E846             (        forth.asm):01311                 fdb     RPOP            Not an error RA but useful to have as a symbol
E719 52504F5000       (        forth.asm):01312                 fcn     'RPOP'
                      (        forth.asm):01313                 IFNE    DEBUG
                      (        forth.asm):01314                 fdb     LWAFRA          Assertion failure in LOCWRT
                      (        forth.asm):01315                 fcn     'LWAFRA'
                      (        forth.asm):01316                 ENDC
E71E 0000             (        forth.asm):01317                 fdb     0               End of list
E720 3F3F3F00         (        forth.asm):01318                 fcn     '???'           Admit we have no clue!
                      (        forth.asm):01319                 ENDC                    SSDFEAT
                      (        forth.asm):01320         
                      (        forth.asm):01321         * Print ' (xxxx/yyyy)' where xxxx is the hex representation for BLK @ and
                      (        forth.asm):01322         * yyyy is the hex representation for >IN @. Y is preserved, X and D are not.
E724 3420             (        forth.asm):01323 (4+2)   PRBLKIN pshs    y
E726 108E01DF         (        forth.asm):01324 (4)             ldy     #HEXBUF
E72A 8620             (        forth.asm):01325 (2)             lda     #SP
                      (        forth.asm):01326         *       sta     ,y+
                      (        forth.asm):01327         *       lda     #'(
E72C A7A0             (        forth.asm):01328 (4+1)           sta     ,y+
E72E DC34             (        forth.asm):01329 (4)             ldd     UBLK
E730 BDE197           (        forth.asm):01330 (7)             jsr     HDMP4
E733 862F             (        forth.asm):01331 (2)             lda     #'/
E735 A7A0             (        forth.asm):01332 (4+1)           sta     ,y+
E737 DC32             (        forth.asm):01333 (4)             ldd     UTOIN
E739 BDE197           (        forth.asm):01334 (7)             jsr     HDMP4
                      (        forth.asm):01335         *       lda     #')
                      (        forth.asm):01336         *       sta     ,y+
E73C 6FA4             (        forth.asm):01337 (6+0)           clr     ,y
E73E 8E01DF           (        forth.asm):01338 (3)             ldx     #HEXBUF
E741 BDE2F4           (        forth.asm):01339 (7)             jsr     PUTS
E744 3520             (        forth.asm):01340 (4+2)           puls    y
E746 7EE300           (        forth.asm):01341 (3)             jmp     PUTCR
                      (        forth.asm):01342         
                      (        forth.asm):01343         * Handle error condition. Error code is in B. This error code is essentially
                      (        forth.asm):01344         * an 8 bit signed exception number. We reserve the value 0 for future use.
                      (        forth.asm):01345         * If B is #EUNDEF X points to a string of length CURTOKL that has the
                      (        forth.asm):01346         * offending word.
E749 10AEE4           (        forth.asm):01347 (6+0)   ERRHDLR ldy     ,s              Invoking return address
E74C 3416             (        forth.asm):01348 (4+4)           pshs    x,d
E74E 8EFEFC           (        forth.asm):01349 (3)             ldx     #SANRST         Reset terminal. Implied CR (as in GNU Forth)
E751 BDE2F4           (        forth.asm):01350 (7)             jsr     PUTS
E754 BDFC4A           (        forth.asm):01351                 RFXT    jsr,DECIMAL+10  Back to decimal BASE, for one's sanity sake!
E757 3516             (        forth.asm):01352 (4+4)           puls    d,x
E759 1083FFF3         (        forth.asm):01353 (4)             cmpd    #EUNDEF         Undefined symbol?
E75D 261A             (        forth.asm):01354 (3)             bne     @ernext         No
E75F 1F07             (        forth.asm):01355 (4)             tfr     d,v             Backup exception number
E761 8627             (        forth.asm):01356 (2)             lda     #''             Begin quote
E763 BDE2E2           (        forth.asm):01357 (7)             jsr     PUTCH
E766 A680             (        forth.asm):01358 (4+1)   @psym   lda     ,x+             Display undefined symbol name
E768 BDE2E2           (        forth.asm):01359 (7)             jsr     PUTCH
E76B 0A49             (        forth.asm):01360 (5)             dec     CURTOKL
E76D 26F7             (        forth.asm):01361 (3)             bne     @psym
E76F 8627             (        forth.asm):01362 (2)             lda     #''             End quote
E771 BDE2E2           (        forth.asm):01363 (7)             jsr     PUTCH
E774 BDE2DA           (        forth.asm):01364 (7)             jsr     PUTSP           BL EMIT
E777 1F70             (        forth.asm):01365 (4)             tfr     v,d             Restore exception number
E779 1083FFFE         (        forth.asm):01366 (4)     @ernext cmpd    #EABRTQ         ABORT" called?
E77D 2605             (        forth.asm):01367 (3)             bne     @ermscn
                      (        forth.asm):01368         * We have a caddr\len string on the top of the data stack. Print it instead
                      (        forth.asm):01369         * of the ABORT" default message. Then move on to PRBLKIN.
E77F BDF7BF           (        forth.asm):01370                 RFXT    jsr,TYPE+7      xt for TYPE
E782 2014             (        forth.asm):01371 (3)             bra     @perrm2
E784 104D             (        forth.asm):01372 (2)     @ermscn tstd
E786 2C6B             (        forth.asm):01373 (3)             bge     @uncgt          Uncaught >= 0 exception
E788 8EFF1D           (        forth.asm):01374 (3)             ldx     #ERRMTBL        Regular error handling. Scan for B error code
E78B 5C               (        forth.asm):01375 (1)             incb
E78C 2707             (        forth.asm):01376 (3)     @nxterr beq     @perrm
E78E A680             (        forth.asm):01377 (4+1)           lda     ,x+             Scan for the next error message
E790 26FC             (        forth.asm):01378 (3)             bne     *-2
E792 5C               (        forth.asm):01379 (1)             incb
E793 20F7             (        forth.asm):01380 (3)             bra     @nxterr
E795 BDE2F4           (        forth.asm):01381 (7)     @perrm  jsr     PUTS            Print error message
E798 8D8A             (        forth.asm):01382 (6)     @perrm2 bsr     PRBLKIN         Print BLK and >IN values (in hex)
E79A 1F20             (        forth.asm):01383 (4)     @dmptos tfr     y,d             Dump top of the system stack contents
                      (        forth.asm):01384                 IFNE    SSDFEAT
E79C 3406             (        forth.asm):01385 (4+2)           pshs    d
                      (        forth.asm):01386                 ENDC                    SSDFEAT
E79E 108E01DF         (        forth.asm):01387 (4)             ldy     #HEXBUF
E7A2 BDE197           (        forth.asm):01388 (7)             jsr     HDMP4
E7A5 8620             (        forth.asm):01389 (2)             lda     #SP
E7A7 A7A0             (        forth.asm):01390 (4+1)           sta     ,y+
                      (        forth.asm):01391         * Symbolic stack dumps are configurable. In situations where the dictionary is
                      (        forth.asm):01392         * trashed, they may not be considered desirable. See SSDFEAT in constants.asm.
                      (        forth.asm):01393                 IFNE    SSDFEAT
E7A9 1F21             (        forth.asm):01394 (4)             tfr     y,x             X has the buffer pointer
E7AB 3520             (        forth.asm):01395 (4+2)           puls    y               Restore target symbol table entry
E7AD BDE637           (        forth.asm):01396 (7)             jsr     FINDSYM
                      (        forth.asm):01397                 ELSE
                      (        forth.asm):01398                 clr     ,y              No symbolic information is to be printed
                      (        forth.asm):01399                 ENDC                    SSDFEAT
E7B0 8E01DF           (        forth.asm):01400 (3)             ldx     #HEXBUF
E7B3 BDE2F4           (        forth.asm):01401 (7)             jsr     PUTS
E7B6 BDE300           (        forth.asm):01402 (7)             jsr     PUTCR
E7B9 108CE000         (        forth.asm):01403 (4)             cmpy    #IODZHDL
E7BD 2702             (        forth.asm):01404 (3)             beq     @wastrp         We're just back from the trap handler
E7BF 3262             (        forth.asm):01405 (4+1)           leas    2,s             Point to the next item on the stack
E7C1 118C8000         (        forth.asm):01406 (4)     @wastrp cmps    #RAMSTRT+RAMSIZE
E7C5 2405             (        forth.asm):01407 (3)             bhs     @errdon         We're done here
E7C7 10AEE4           (        forth.asm):01408 (6+0)   @altent ldy     ,s              We might enter here from an uncaught exception
E7CA 20CE             (        forth.asm):01409 (3)             bra     @dmptos
E7CC 10CE8000         (        forth.asm):01410 (4)     @errdon lds     #RAMSTRT+RAMSIZE
E7D0 0D2D             (        forth.asm):01411 (4)             tst     USTATE+1        We do ignore the upper byte
E7D2 2710             (        forth.asm):01412 (3)             beq     @erdon2         No pointers to restore if we were interpreting
                      (        forth.asm):01413         * We were compiling: clear STATE; restore DICEND and, LSTWAD if not :NONAME
E7D4 0F2D             (        forth.asm):01414 (5)             clr     USTATE+1        Switch back to interpretation mode
E7D6 9E14             (        forth.asm):01415 (4)             ldx     BDICEND         Restore essential pointers from backups
E7D8 9F10             (        forth.asm):01416 (4)             stx     DICEND          Restore HERE
E7DA 0D3C             (        forth.asm):01417 (4)             tst     ANCMPF          Are we compiling anonymously?
E7DC 2604             (        forth.asm):01418 (3)             bne     @clrano         Branch if we were
E7DE 9E12             (        forth.asm):01419 (4)             ldx     BLSTWAD
E7E0 9F0E             (        forth.asm):01420 (4)             stx     LSTWAD          Restore LAST
E7E2 0F3C             (        forth.asm):01421 (5)     @clrano clr     ANCMPF
E7E4 BDE356           (        forth.asm):01422 (7)     @erdon2 jsr     RCLR            Clear the return stack and
E7E7 BDE352           (        forth.asm):01423 (7)             jsr     NCLR            the data stack and
E7EA BDE35C           (        forth.asm):01424 (7)             jsr     CCLR            the control flow stack and
E7ED BDE362           (        forth.asm):01425 (7)             jsr     ECLR            the exception stack
E7F0 7EE0B8           (        forth.asm):01426 (3)             jmp     INTERP
                      (        forth.asm):01427         * Unhandled positive (or zero) exception number processing.
E7F3 8EFF06           (        forth.asm):01428 (3)     @uncgt  ldx     #UNCEXC         'Uncaught #' message address
E7F6 BDE2F4           (        forth.asm):01429 (7)             jsr     PUTS
E7F9 EDC3             (        forth.asm):01430 (5+2)           std     ,--u            Ugly: requires a data stack overflow area
E7FB BDF6FC           (        forth.asm):01431                 RFXT    jsr,DOT+4
E7FE BDE300           (        forth.asm):01432 (7)             jsr     PUTCR
E801 20C4             (        forth.asm):01433 (3)             bra     @altent         Restore Y (altered by DOT/CVNSTR)
                      (        forth.asm):01434         *                               and proceed to symbolic stack dump
                      (        forth.asm):01435         
                      (        forth.asm):01436         *******************************************************************************
                      (        forth.asm):01437         * Data stack primitives.
                      (        forth.asm):01438         
                      (        forth.asm):01439         * Push X to the data stack (boundary is checked).
E803 1183035E         (        forth.asm):01440 (4)     NPUSH   cmpu    #NSTTOP
E807 2303             (        forth.asm):01441 (3)             bls     @npush1         Anything <= than #NSTTOP indicates an overflow
E809 3610             (        forth.asm):01442 (4+2)           pshu    x               Aka UCNPUSH
E80B 39               (        forth.asm):01443 (4)             rts
E80C C6FD             (        forth.asm):01444 (2)     @npush1 ldb     #EDSOVF         Data stack overflow
E80E BDEA60           (        forth.asm):01445 (7)             jsr     SYSTHR8         No return
     E811             (        forth.asm):01446         DPSHRA  equ     *
E811 12               (        forth.asm):01447 (1)             nop                     Meant to insulate NPUSH errors from NPOP's EP
                      (        forth.asm):01448         
                      (        forth.asm):01449         * Pull X from the data stack (boundary is checked).
                      (        forth.asm):01450         * D, W and Y are preserved.
E812 1183045E         (        forth.asm):01451 (4)     NPOP    cmpu    #NSTBOT
E816 2406             (        forth.asm):01452 (3)             bhs     @npop1          Anything >= than #NSTBOT indicates an underflow
E818 3710             (        forth.asm):01453 (4+2)           pulu    x
E81A 1037C1           (        forth.asm):01454 (4)             cmpr    0,x             Essential: update CC based on the outcome
E81D 39               (        forth.asm):01455 (4)             rts
E81E C6FC             (        forth.asm):01456 (2)     @npop1  ldb     #EDSUDF         Data stack underflow
E820 BDEA60           (        forth.asm):01457 (7)             jsr     SYSTHR8         No return
     E823             (        forth.asm):01458         DPOPRA  equ     *
                      (        forth.asm):01459         
                      (        forth.asm):01460         *******************************************************************************
                      (        forth.asm):01461         * Return stack primitives.
                      (        forth.asm):01462         
                      (        forth.asm):01463         * Eval RDEPTH (return stack depth cell count) based on the value of RSP.
                      (        forth.asm):01464         * Return computed value in D.
E823 CC055E           (        forth.asm):01465 (3)     EVRDPTH ldd     #RSTBOT
E826 9300             (        forth.asm):01466 (4)             subd    RSP
E828 1047             (        forth.asm):01467 (2)             asrd                    Byte count to cell count
E82A 39               (        forth.asm):01468 (4)             rts
                      (        forth.asm):01469         
                      (        forth.asm):01470         * Master caution here: both QDOEX and PLOPEX expect Y to be preserved.
                      (        forth.asm):01471         * They really should not!!!
                      (        forth.asm):01472         
                      (        forth.asm):01473         * Push X to the return stack (boundary is checked).
E82B 8DF6             (        forth.asm):01474 (6)     RPUSH   bsr     EVRDPTH         RDEPTH in cells to Dreg
E82D 10830080         (        forth.asm):01475 (4)             cmpd    #RSTKSZ/2       But RSTKZ is expressed in bytes
E831 270D             (        forth.asm):01476 (3)             beq     @rpush1
E833 1F27             (        forth.asm):01477 (4)             tfr     y,v
E835 109E00           (        forth.asm):01478 (5)             ldy     RSP
E838 AFA3             (        forth.asm):01479 (5+2)           stx     ,--y
E83A 109F00           (        forth.asm):01480 (5)             sty     RSP
E83D 1F72             (        forth.asm):01481 (4)             tfr     v,y
E83F 39               (        forth.asm):01482 (4)             rts
E840 C6FB             (        forth.asm):01483 (2)     @rpush1 ldb     #ERSOVF         Return stack overflow
E842 BDEA60           (        forth.asm):01484 (7)             jsr     SYSTHR8         No return
     E845             (        forth.asm):01485         RPSHRA  equ     *
E845 12               (        forth.asm):01486 (1)             nop                     Meant to insulate RPUSH errors from RPOP's EP
                      (        forth.asm):01487         
                      (        forth.asm):01488         * Pull X from the return stack (boundary is checked).
E846 8DDB             (        forth.asm):01489 (6)     RPOP    bsr     EVRDPTH         RDEPTH in cells to Dreg
E848 104D             (        forth.asm):01490 (2)             tstd
E84A 270D             (        forth.asm):01491 (3)             beq     @rpop1
E84C 1F27             (        forth.asm):01492 (4)             tfr     y,v
E84E 109E00           (        forth.asm):01493 (5)             ldy     RSP
E851 AEA1             (        forth.asm):01494 (5+2)           ldx     ,y++
E853 109F00           (        forth.asm):01495 (5)             sty     RSP
E856 1F72             (        forth.asm):01496 (4)             tfr     v,y
E858 39               (        forth.asm):01497 (4)             rts
E859 C6FA             (        forth.asm):01498 (2)     @rpop1  ldb     #ERSUDF         Return stack underflow
E85B BDEA60           (        forth.asm):01499 (7)             jsr     SYSTHR8         No return
     E85E             (        forth.asm):01500         RPOPRA  equ     *
                      (        forth.asm):01501         
                      (        forth.asm):01502         *******************************************************************************
                      (        forth.asm):01503         * Control flow stack primitives. No introspection support.
                      (        forth.asm):01504         * XXX Does Y need to be preseved?
                      (        forth.asm):01505         * XXX Do we need CC to be updated based on the outcome of CPOP?
                      (        forth.asm):01506         
                      (        forth.asm):01507         * Push X to the control flow stack (boundary is checked).
E85E 3420             (        forth.asm):01508 (4+2)   CPUSH   pshs    y
E860 109E02           (        forth.asm):01509 (5)             ldy     CSP
E863 108C055E         (        forth.asm):01510 (4)             cmpy    #CSTTOP
E867 2307             (        forth.asm):01511 (3)             bls     CPUSH1
E869 AFA3             (        forth.asm):01512 (5+2)           stx     ,--y
E86B 109F02           (        forth.asm):01513 (5)             sty     CSP
E86E 35A0             (        forth.asm):01514 (4+4)           puls    y,pc            RTS implied
E870                  (        forth.asm):01515         CPUSH1  * leas 2,s              Drop Y from the system stack
E870 C6EA             (        forth.asm):01516 (2)             ldb     #EILCST         Illegal construct
E872 BDEA60           (        forth.asm):01517 (7)             jsr     SYSTHR8         No return
                      (        forth.asm):01518         
                      (        forth.asm):01519         * Pull X from the control flow stack (boundary is checked).
E875 3420             (        forth.asm):01520 (4+2)   CPOP    pshs    y
E877 109E02           (        forth.asm):01521 (5)             ldy     CSP
E87A 108C05DE         (        forth.asm):01522 (4)             cmpy    #CSTBOT
E87E 24F0             (        forth.asm):01523 (3)             bhs     CPUSH1
E880 AEA1             (        forth.asm):01524 (5+2)           ldx     ,y++
E882 109F02           (        forth.asm):01525 (5)             sty     CSP
E885 1037C1           (        forth.asm):01526 (4)             cmpr    0,x             Update CC based on the outcome
E888 35A0             (        forth.asm):01527 (4+4)           puls    y,pc            RTS implied
                      (        forth.asm):01528         
                      (        forth.asm):01529         * Control structure balance checking.
E88A 0D3D             (        forth.asm):01530 (4)     BALCHK  tst     BALNCD
E88C 2601             (        forth.asm):01531 (3)             bne     BALERR
E88E 39               (        forth.asm):01532 (4)             rts
E88F C6EA             (        forth.asm):01533 (2)     BALERR  ldb     #EILCST         Illegal construct
E891 BDEA60           (        forth.asm):01534 (7)             jsr     SYSTHR8         No return
                      (        forth.asm):01535         
                      (        forth.asm):01536         *******************************************************************************
                      (        forth.asm):01537         * Save/restore input.
                      (        forth.asm):01538         
E894 3410             (        forth.asm):01539 (4+2)   SAVINP  pshs    x
E896 1FC1             (        forth.asm):01540 (4)             tfr     0,x
E898 0D51             (        forth.asm):01541 (4)             tst     SRCID
E89A 2702             (        forth.asm):01542 (3)             beq     @pushb
E89C 9E28             (        forth.asm):01543 (4)             ldx     BSBFADR
E89E 8D8B             (        forth.asm):01544 (6)     @pushb  bsr     RPUSH           Push 0 if SRCID is zero else BSBFADR
E8A0 9E34             (        forth.asm):01545 (4)             ldx     UBLK
E8A2 8D87             (        forth.asm):01546 (6)             bsr     RPUSH           Push BLK on the return stack
E8A4 9E32             (        forth.asm):01547 (4)             ldx     UTOIN
E8A6 8D83             (        forth.asm):01548 (6)             bsr     RPUSH           Push >IN on the return stack
E8A8 9E2E             (        forth.asm):01549 (4)             ldx     ISLEN
E8AA BDE82B           (        forth.asm):01550 (7)             jsr     RPUSH           Push ISLEN on the return stack
E8AD 3590             (        forth.asm):01551 (4+4)           puls    x,pc            RTS implied
                      (        forth.asm):01552         
E8AF 8D95             (        forth.asm):01553 (6)     RSTINP  bsr     RPOP
E8B1 9F2E             (        forth.asm):01554 (4)             stx     ISLEN           Restore ISLEN from the return stack
E8B3 8D91             (        forth.asm):01555 (6)             bsr     RPOP
E8B5 9F32             (        forth.asm):01556 (4)             stx     UTOIN           Restore >IN from the return stack
E8B7 8D8D             (        forth.asm):01557 (6)             bsr     RPOP
E8B9 9F34             (        forth.asm):01558 (4)             stx     UBLK            Restore BLK from the return stack
E8BB 8D89             (        forth.asm):01559 (6)             bsr     RPOP
E8BD 0F51             (        forth.asm):01560 (5)             clr     SRCID
E8BF 1037C1           (        forth.asm):01561 (4)             cmpr    0,x
E8C2 2704             (        forth.asm):01562 (3)             beq     @done
E8C4 9F28             (        forth.asm):01563 (4)             stx     BSBFADR
E8C6 0351             (        forth.asm):01564 (5)             com     SRCID           Set SRCID to an NZ value
E8C8 39               (        forth.asm):01565 (4)     @done   rts
                      (        forth.asm):01566         
                      (        forth.asm):01567         *******************************************************************************
                      (        forth.asm):01568         * Other important business.
                      (        forth.asm):01569         
                      (        forth.asm):01570         * Derive the current input stream pointer from BLK and >IN.
                      (        forth.asm):01571         * The resulting address is returned in X. D is altered.
                      (        forth.asm):01572         * The end of input stream address is re-computed.
                      (        forth.asm):01573         * Both Y and W are preserved.
E8C9 3420             (        forth.asm):01574 (4+2)   BKIN2PT pshs    y
E8CB 9E34             (        forth.asm):01575 (4)             ldx     UBLK
E8CD 271D             (        forth.asm):01576 (3)             beq     @notblk         Back to the console or a counted string
E8CF 1038             (        forth.asm):01577 (6)             pshsw
E8D1 BDE803           (        forth.asm):01578 (7)             jsr     NPUSH           Make sure BLK @ is loaded
E8D4 BDEB94           (        forth.asm):01579                 RFXT    jsr,BLOCK+8     XT for BLOCK
E8D7 1039             (        forth.asm):01580 (6)             pulsw
E8D9 3710             (        forth.asm):01581                 UCNPOP                  Retrieve buffer addr to X
E8DB 9F28             (        forth.asm):01582 (4)     @rsolvd stx     BSBFADR         Update base buffer address
E8DD 1F12             (        forth.asm):01583 (4)             tfr     x,y
E8DF DC2E             (        forth.asm):01584 (4)             ldd     ISLEN
E8E1 31AB             (        forth.asm):01585 (4+2)           leay    d,y
E8E3 109F30           (        forth.asm):01586 (5)             sty     ISEADDR         Update the end of input stream address
E8E6 DC32             (        forth.asm):01587 (4)             ldd     UTOIN
E8E8 308B             (        forth.asm):01588 (4+2)           leax    d,x             Add the current offset. Return the result via X
E8EA 35A0             (        forth.asm):01589 (4+4)           puls    y,pc            RTS implied
E8EC 8E022F           (        forth.asm):01590 (3)     @notblk ldx     #CMDBUF         Assume we are returning to the console
E8EF 0D51             (        forth.asm):01591 (4)             tst     SRCID           Are we running under EVALUATE?
E8F1 27E8             (        forth.asm):01592 (3)             beq     @rsolvd         No
E8F3 9E28             (        forth.asm):01593 (4)             ldx     BSBFADR         We are returning to a counted string
E8F5 20E4             (        forth.asm):01594 (3)             bra     @rsolvd
                      (        forth.asm):01595         
                      (        forth.asm):01596                 include rtc.asm         Experimental MC146818 support
                      (          rtc.asm):00001                 IFNE RTCFEAT
                      (          rtc.asm):00002         
                      (          rtc.asm):00003         * FIRQ handler for the MC146818 RTC.
                      (          rtc.asm):00004         * In this particular context, only D and CC might be altered.
E8F7                  (          rtc.asm):00005         RTCIHDL tst     RTCAVL          RTC chip detected?
                      (          rtc.asm):00006                 beq     @notick         Nope
                      (          rtc.asm):00007                 lda     #RTOREGC        Read RTCC. INTACK if any interrupt is pending.
                      (          rtc.asm):00008         * Two intructions inlined for RTREGRD in non-preemtible (interrupt) mode.
                      (          rtc.asm):00009                 sta     RTAS
                      (          rtc.asm):00010                 ldb     RTDS
                      (          rtc.asm):00011                 andb    #RTCPF          RTC periodic interrupt pending?
                      (          rtc.asm):00012                 beq     @notick         No, this ain't us ticking
                      (          rtc.asm):00013         * From "The 6309 Book" p. 3-69: "Note that INC does not effect the carry bit."
E8F7                  (          rtc.asm):00014         @inctks ldd     TIKSLOW
                      (          rtc.asm):00015                 addd    #1
                      (          rtc.asm):00016                 std     TIKSLOW
                      (          rtc.asm):00017                 ldd     TIKSHI
                      (          rtc.asm):00018                 adcd    #0
                      (          rtc.asm):00019                 std     TIKSHI
E8F7                  (          rtc.asm):00020         @notick rts
                      (          rtc.asm):00021         
                      (          rtc.asm):00022         * Read one byte from an internal's RTC register whose offset is in A upon
                      (          rtc.asm):00023         * routine entry. The register contents is returned in B.
                      (          rtc.asm):00024         * No other register is altered. FIRQ is temporarily disabled.
                      (          rtc.asm):00025         * Can be called from base or interrupt level.
E8F7                  (          rtc.asm):00026         RTREGRD pshs    cc
                      (          rtc.asm):00027                 orcc    #FFLAG          Mask FIRQ
                      (          rtc.asm):00028                 sta     RTAS            Select target RTC register
                      (          rtc.asm):00029                 ldb     RTDS            Read RTC register contents
                      (          rtc.asm):00030                 puls    cc              Restore previous interrupt handling mode
                      (          rtc.asm):00031                 rts
                      (          rtc.asm):00032         
                      (          rtc.asm):00033         * Write one byte to an internal's RTC register whose offset is in A upon
                      (          rtc.asm):00034         * routine entry. The register byte output value is in B upon entry.
                      (          rtc.asm):00035         * FIRQ is temporarily masked. All regs contents are preserved.
                      (          rtc.asm):00036         * Can be called from base or interrupt level.
E8F7                  (          rtc.asm):00037         RTREGWR pshs    cc
                      (          rtc.asm):00038                 orcc    #FFLAG          Mask FIRQ
                      (          rtc.asm):00039                 sta     RTAS            Select target RTC register
                      (          rtc.asm):00040                 stb     RTDS            Write RTC register contents
                      (          rtc.asm):00041                 puls    cc              Restore previous interrupt handling mode
                      (          rtc.asm):00042                 rts
                      (          rtc.asm):00043         
                      (          rtc.asm):00044         * Detect if an MC146818 chip is present.
E8F7                  (          rtc.asm):00045         RTCINIT
                      (          rtc.asm):00046                 IFNE    DEBUG
                      (          rtc.asm):00047                 clrd
                      (          rtc.asm):00048                 std     TIKSHI          Initialize the TICKS double cell
                      (          rtc.asm):00049                 std     TIKSLOW
                      (          rtc.asm):00050                 clr     RTCAVL          Assume chip not present
                      (          rtc.asm):00051                 ENDC
                      (          rtc.asm):00052                 lda     #RTOPRES        Offset to the last NVRAM byte if dev is present
                      (          rtc.asm):00053                 bsr     RTREGRD         Read user memory byte. Value is returned in B   
                      (          rtc.asm):00054                 comb                    One's complement to B
                      (          rtc.asm):00055                 pshs    b
                      (          rtc.asm):00056                 bsr     RTREGWR         Write back one's complement to RTC
                      (          rtc.asm):00057                 bsr     RTREGRD         And read the last NVRAM byte back
                      (          rtc.asm):00058                 puls    a
                      (          rtc.asm):00059                 cmpr    b,a             Match?
                      (          rtc.asm):00060                 beq     @rtdtct         RTC chip detected all right!
                      (          rtc.asm):00061                 rts
                      (          rtc.asm):00062         * MC146818 RTC chip detected.
                      (          rtc.asm):00063         * On power up if register RTCA reads as 0, the SET bit in register RTCB will
                      (          rtc.asm):00064         * prevent any updates to the calendar (date/time). We do preserve the state of
                      (          rtc.asm):00065         * the SET bit, so as to indicate to the application software that the time and
                      (          rtc.asm):00066         * date have yet to be set manually.
E8F7                  (          rtc.asm):00067         @rtdtct lda     #RTOREGA
                      (          rtc.asm):00068                 ldb     #(RTADV32|RTARS64)
                      (          rtc.asm):00069                 bsr     RTREGWR         Write B to the RTCA register
                      (          rtc.asm):00070                 lda     #RTOREGB
                      (          rtc.asm):00071                 bsr     RTREGRD
                      (          rtc.asm):00072                 andb    #RTBSET         Extract the SET bit
                      (          rtc.asm):00073                 orb     #(RTBPIE|RTBDM|RTB24)
                      (          rtc.asm):00074                 bsr     RTREGWR         Write B to the RTCB register
                      (          rtc.asm):00075                 inc     RTCAVL
                      (          rtc.asm):00076                 ldx     #RTPRESM        Real time clock detected message base address
                      (          rtc.asm):00077                 jmp     PUTS            Out to the console
                      (          rtc.asm):00078         
                      (          rtc.asm):00079                 ENDC                    RTCFEAT
                      (          rtc.asm):00080         
                      (        forth.asm):01597                 include storage.asm     CompactFlash support
                      (      storage.asm):00001         * Wait until the BSY bit is clear in the CF status register.
                      (      storage.asm):00002         * Upon return the BSY bit is guaranteed to be zero. Z will
                      (      storage.asm):00003         * be set in CC. This subroutine should not be called before
                      (      storage.asm):00004         * the CompactFlash presence has been assessed.
E8F7 B6C007           (      storage.asm):00005 (4)     CFWAIT  lda     CFSTATR
E8FA 8580             (      storage.asm):00006 (2)             bita    #CFBSYB
E8FC 26F9             (      storage.asm):00007 (3)             bne     CFWAIT
E8FE 39               (      storage.asm):00008 (4)             rts
                      (      storage.asm):00009         
                      (      storage.asm):00010         * Wait until the BSY bit is clear and the RDY bit is set.
E8FF 8DF6             (      storage.asm):00011 (6)     CFRDY   bsr     CFWAIT
E901 2703             (      storage.asm):00012 (3)             beq     @cfrdy0         Card not busy, proceed
E903 1A04             (      storage.asm):00013 (2)             orcc    #ZFLAG
E905 39               (      storage.asm):00014 (4)             rts
E906 8E2000           (      storage.asm):00015 (3)     @cfrdy0 ldx     #$2000          Maximum poll count
E909 8640             (      storage.asm):00016 (2)             lda     #CFRDYB
E90B B5C007           (      storage.asm):00017 (4)     @cfrdy1 bita    CFSTATR
E90E 2604             (      storage.asm):00018 (3)             bne     @cfrdy2         BSY bit is set, continue
E910 301F             (      storage.asm):00019 (4+1)           leax    -1,x            Card not ready, decrement poll count
E912 26F7             (      storage.asm):00020 (3)             bne     @cfrdy1         and try again
E914 39               (      storage.asm):00021 (4)     @cfrdy2 rts                     Return with Z set: card not present
                      (      storage.asm):00022         *                               Return with Z clear: card is ready
                      (      storage.asm):00023         
                      (      storage.asm):00024         * Check for possible error condition.
                      (      storage.asm):00025         * Upon return either Z is set (A is zero) and no error occurred or
                      (      storage.asm):00026         * Z is clear and the CF error register contents is returned in A.
E915 8DE0             (      storage.asm):00027 (6)     CFERRCK bsr     CFWAIT
E917 B6C007           (      storage.asm):00028 (4)             lda     CFSTATR
E91A 8401             (      storage.asm):00029 (2)             anda    #CFERRB
E91C 2703             (      storage.asm):00030 (3)             beq     @cfeck1
E91E B6C001           (      storage.asm):00031 (4)             lda     CFERROR         The error register contains error details
E921 39               (      storage.asm):00032 (4)     @cfeck1 rts
                      (      storage.asm):00033         
                      (      storage.asm):00034         * Issue CF command. The command code is passed through the B register.
                      (      storage.asm):00035         * Upon return:
                      (      storage.asm):00036         * - Z is set and everything is peachy.
                      (      storage.asm):00037         * - or Z is clear and the CF error register contents will be
                      (      storage.asm):00038         *   returned in A (and mirrored in the global CFERRCD variable).
                      (      storage.asm):00039         * B is preserved.
E922 8DDB             (      storage.asm):00040 (6)     CFCMDIS bsr     CFRDY
E924 270A             (      storage.asm):00041 (3)             beq     @cfciab         Card not ready, abort
E926 D74F             (      storage.asm):00042 (3)             stb     CFCMMIR         Update CF command mirror
E928 F7C007           (      storage.asm):00043 (4)             stb     CFCOMDR         Send command to the CF card
E92B 8DE8             (      storage.asm):00044 (6)             bsr     CFERRCK
E92D 9750             (      storage.asm):00045 (3)     @cfcise sta     CFERRCD         CF command issue set error
                      (      storage.asm):00046                 IFNE    DEBUG
                      (      storage.asm):00047                 pshs    a,cc
                      (      storage.asm):00048                 beq     @cfciok
                      (      storage.asm):00049                 lda     #'!
                      (      storage.asm):00050                 jsr     PUTCH
E92F                  (      storage.asm):00051         @cfcidi lda     CFCMMIR
                      (      storage.asm):00052                 ldy     #TBUFF
                      (      storage.asm):00053                 jsr     HDMP2
                      (      storage.asm):00054                 lda     #'/
                      (      storage.asm):00055                 sta     ,y+
                      (      storage.asm):00056                 lda     CFERRCD
                      (      storage.asm):00057                 jsr     HDMP2
                      (      storage.asm):00058                 ldx     #TBUFF
                      (      storage.asm):00059                 jsr     PUTS
                      (      storage.asm):00060                 jsr     PUTCR
                      (      storage.asm):00061                 bra     @cfcict         CF command issue continued
E92F                  (      storage.asm):00062         @cfciok lda     #'#
                      (      storage.asm):00063                 jsr     PUTCH
                      (      storage.asm):00064                 bra     @cfcidi         CF command issue data indication
E92F                  (      storage.asm):00065         @cfcict puls    cc,a
                      (      storage.asm):00066                 ENDC
E92F 39               (      storage.asm):00067 (4)             rts
E930 86FF             (      storage.asm):00068 (2)     @cfciab lda     #$FF            Dummy error code
E932 20F9             (      storage.asm):00069 (3)             bra     @cfcise
                      (      storage.asm):00070         
                      (      storage.asm):00071         * Drive 0 select.
E934 8DC9             (      storage.asm):00072 (6)     CFDRSEL bsr     CFRDY
E936 86E0             (      storage.asm):00073 (2)             lda     #$E0            Drive 0, LBA mode
E938 B7C006           (      storage.asm):00074 (4)             sta     CFDRHDR
E93B 20C2             (      storage.asm):00075 (3)             bra     CFRDY
                      (      storage.asm):00076         
                      (      storage.asm):00077         * Analyze the response to the CF "Identify Device" request.
E93D 9E10             (      storage.asm):00078 (4)     CFANTHS ldx     DICEND
E93F 308836           (      storage.asm):00079 (4+1)           leax    $36,x           Point to the "Model number" field
E942 3410             (      storage.asm):00080 (4+2)           pshs    x
E944 118614           (      storage.asm):00081 (3)             lde     #$14            Number of 16 bit words to go through
E947 EC84             (      storage.asm):00082 (5+0)   @bytswp ldd     ,x
E949 1E98             (      storage.asm):00083 (5)             exg     b,a             Byte swapping
E94B ED81             (      storage.asm):00084 (5+2)           std     ,x++
E94D 114A             (      storage.asm):00085 (2)             dece
E94F 26F6             (      storage.asm):00086 (3)             bne     @bytswp
E951 6F84             (      storage.asm):00087 (6+0)           clr     ,x
E953 3510             (      storage.asm):00088 (4+2)           puls    x
E955 BDE2F4           (      storage.asm):00089 (7)             jsr     PUTS            Decent CF cards indicate the capacity that way
E958 7EE300           (      storage.asm):00090 (3)             jmp     PUTCR           Up to $10000 blocks is 64 MB!
                      (      storage.asm):00091         
                      (      storage.asm):00092         * Initialize the CompactFlash subsystem.
                      (      storage.asm):00093         * This is run once at boot time. There is no hot plug support here.
E95B 0F4E             (      storage.asm):00094 (5)     CFINIT  clr     CFCARDP         Clear card present,
                      (      storage.asm):00095                 IFEQ    DEBUG
E95D 8DA0             (      storage.asm):00096 (6)             bsr     CFRDY
                      (      storage.asm):00097                 ELSE
                      (      storage.asm):00098                 jsr     CFRDY
                      (      storage.asm):00099                 ENDC
E95F 2730             (      storage.asm):00100 (3)             beq     CFINIAB         Card not ready, abort
E961 8DD1             (      storage.asm):00101 (6)             bsr     CFDRSEL         Drive 0 select
                      (      storage.asm):00102         
E963 8601             (      storage.asm):00103 (2)             lda     #1              Enable 8-bit data transfers
E965 B7C001           (      storage.asm):00104 (4)             sta     CFFEATR
E968 C6EF             (      storage.asm):00105 (2)             ldb     #CFSETFT        Issue a CF "Set Feature" command
                      (      storage.asm):00106                 IFEQ    DEBUG
E96A 8DB6             (      storage.asm):00107 (6)             bsr     CFCMDIS         Not allowed to fail
                      (      storage.asm):00108                 ELSE
                      (      storage.asm):00109                 jsr     CFCMDIS         Not allowed to fail
                      (      storage.asm):00110                 ENDC
E96C 2623             (      storage.asm):00111 (3)             bne     CFINIAB         Abort with card present flag clear
                      (      storage.asm):00112         
E96E 860A             (      storage.asm):00113 (2)             lda     #%1010          Request PIO mode 2. Does not require IORDY
E970 B7C002           (      storage.asm):00114 (4)             sta     CFSCNTR
E973 8603             (      storage.asm):00115 (2)             lda     #3              ATA-2 "Set Transfer mode"
E975 B7C001           (      storage.asm):00116 (4)             sta     CFFEATR
                      (      storage.asm):00117                 IFEQ    DEBUG
E978 8DA8             (      storage.asm):00118 (6)             bsr     CFCMDIS         OK to fail
                      (      storage.asm):00119                 ELSE
                      (      storage.asm):00120                 jsr     CFCMDIS         OK to fail
                      (      storage.asm):00121                 ENDC
                      (      storage.asm):00122         
E97A 8682             (      storage.asm):00123 (2)             lda     #$82            Disable write caching
E97C B7C001           (      storage.asm):00124 (4)             sta     CFFEATR
                      (      storage.asm):00125                 IFEQ    DEBUG
E97F 8DA1             (      storage.asm):00126 (6)             bsr     CFCMDIS         B still has #CFSETFT. Also OK to fail
                      (      storage.asm):00127                 ELSE
                      (      storage.asm):00128                 jsr     CFCMDIS         B still has #CFSETFT. Also OK to fail
                      (      storage.asm):00129                 ENDC
                      (      storage.asm):00130         
E981 C6EC             (      storage.asm):00131 (2)             ldb     #CFIDDEV        Issue a CF "Identify Device" command
                      (      storage.asm):00132                 IFEQ    DEBUG
E983 8D9D             (      storage.asm):00133 (6)             bsr     CFCMDIS         Not allowed to fail
                      (      storage.asm):00134                 ELSE
                      (      storage.asm):00135                 jsr     CFCMDIS         Not allowed to fail
                      (      storage.asm):00136                 ENDC
E985 260A             (      storage.asm):00137 (3)             bne     CFINIAB         Abort with card present flag clear
                      (      storage.asm):00138         
E987 9E10             (      storage.asm):00139 (4)             ldx     DICEND          Target address is HERE
E989 8D07             (      storage.asm):00140 (6)             bsr     CF1SRD          Read one sector
E98B 8DB0             (      storage.asm):00141 (6)             bsr     CFANTHS         Analyze this!
E98D 8601             (      storage.asm):00142 (2)             lda     #1
E98F 974E             (      storage.asm):00143 (3)             sta     CFCARDP         Set the card present flag
E991 39               (      storage.asm):00144 (4)     CFINIAB rts
                      (      storage.asm):00145         
                      (      storage.asm):00146         * Read one sector. The LBA parameters are assumed to have been set previously.
                      (      storage.asm):00147         * On input X points to the receiving (at least 512 bytes long) buffer.
E992 B6C007           (      storage.asm):00148 (4)     CF1SRD  lda     CFSTATR
E995 8508             (      storage.asm):00149 (2)             bita    #CFDRQB         Check for DRQ bit in the CF status register
E997 2712             (      storage.asm):00150 (3)             beq     IOERR
E999 10860200         (      storage.asm):00151 (4)             ldw     #CFSCSZ         Sector size is 512 bytes
E99D 108EC000         (      storage.asm):00152 (4)             ldy     #CFDATAR        The data source address
E9A1 3401             (      storage.asm):00153 (4+1)           pshs    cc
E9A3 1A50             (      storage.asm):00154 (2)             orcc    #(FFLAG|IFLAG)  Disable maskable interrupts
E9A5 113B21           (      storage.asm):00155 (6+?)           tfm     y,x+
E9A8 3501             (      storage.asm):00156 (4+1)           puls    cc              Restore previous interrupt handling mode
E9AA 39               (      storage.asm):00157 (4)             rts
E9AB C6EB             (      storage.asm):00158 (2)     IOERR   ldb     #ENOSUP         IO error
E9AD BDEA60           (      storage.asm):00159 (7)             jsr     SYSTHR8         No return
E9B0 12               (      storage.asm):00160 (1)     CFR1SRA nop                     For symbolic stack dump debugging purposes
                      (      storage.asm):00161         
                      (      storage.asm):00162         * Write one sector. The LBA parameters are assumed to have been set previously.
                      (      storage.asm):00163         * On input X points to the sending (at least 512 bytes long) buffer.
E9B1 B6C007           (      storage.asm):00164 (4)     CF1SWR  lda     CFSTATR
E9B4 8488             (      storage.asm):00165 (2)             anda    #CFBSYB|CFDRQB
E9B6 8108             (      storage.asm):00166 (2)             cmpa    #CFDRQB         Check for BSY clear and DRQ set
E9B8 26F7             (      storage.asm):00167 (3)             bne     CF1SWR
E9BA 10860200         (      storage.asm):00168 (4)             ldw     #CFSCSZ         Sector size is 512 bytes
E9BE 108EC000         (      storage.asm):00169 (4)             ldy     #CFDATAR        The data destination address
E9C2 113A12           (      storage.asm):00170 (6+?)           tfm     x+,y            Note: tfm is interruptible!
E9C5 39               (      storage.asm):00171 (4)             rts
                      (      storage.asm):00172         
                      (      storage.asm):00173         * 1KB Forth block support primitives. Not dictionary code. More like BIOS ops.
                      (      storage.asm):00174         
                      (      storage.asm):00175         * One block IO preamble: select drive and LBA parameters. On input:
                      (      storage.asm):00176         * ,s has the return address
                      (      storage.asm):00177         * 2,s had the return address for the caller
                      (      storage.asm):00178         * 4,s has the target block number
E9C6 BDE8F7           (      storage.asm):00179 (7)     CF1BPRE jsr     CFWAIT
E9C9 BDE934           (      storage.asm):00180 (7)             jsr     CFDRSEL         Set drive and head parameters
E9CC EC64             (      storage.asm):00181 (5+1)           ldd     4,s
E9CE 1048             (      storage.asm):00182 (2)             lsld                    Convert block number to sector number
E9D0 F7C003           (      storage.asm):00183 (4)             stb     CFSNUMR         LBA 7-0
E9D3 B7C004           (      storage.asm):00184 (4)             sta     CFCLOWR         LBA 15-8
E9D6 1FA8             (      storage.asm):00185 (4)             tfr     cc,a
E9D8 8401             (      storage.asm):00186 (2)             anda    #CFLAG
E9DA B7C005           (      storage.asm):00187 (4)             sta     CFCHIGR         LBA 23-16 (carry to cylinder high)
E9DD 8602             (      storage.asm):00188 (2)             lda     #2              2 IDE sectors per Forth block
E9DF B7C002           (      storage.asm):00189 (4)             sta     CFSCNTR
E9E2 39               (      storage.asm):00190 (4)             rts
                      (      storage.asm):00191         
                      (      storage.asm):00192         * Read one block from CF device. On input:
                      (      storage.asm):00193         * ,s has the return address
                      (      storage.asm):00194         * 2,s has the target block number
                      (      storage.asm):00195         * 4,s has the buffer base address
E9E3 0D4E             (      storage.asm):00196 (4)     CF1BKRD tst     CFCARDP
E9E5 2602             (      storage.asm):00197 (3)             bne     @ctnued
E9E7 20C2             (      storage.asm):00198 (3)             bra     IOERR           Card not present--CF subsystem not initialized
E9E9 8DDB             (      storage.asm):00199 (6)     @ctnued bsr     CF1BPRE
E9EB C620             (      storage.asm):00200 (2)             ldb     #CFRSCTS        Issue a "Read sectors" CF command
E9ED BDE922           (      storage.asm):00201 (7)             jsr     CFCMDIS
E9F0 AE64             (      storage.asm):00202 (5+1)           ldx     4,s             Target buffer address to X
E9F2 8D9E             (      storage.asm):00203 (6)             bsr     CF1SRD          Read the even sector from CF device
E9F4 BDE8F7           (      storage.asm):00204 (7)             jsr     CFWAIT          Wait for next sector to become available
E9F7 2099             (      storage.asm):00205 (3)             bra     CF1SRD          and read the odd sector
                      (      storage.asm):00206         
                      (      storage.asm):00207         * Write one block to CF device. Upon entry:
                      (      storage.asm):00208         * ,s has the return address
                      (      storage.asm):00209         * 2,s has the target block number
                      (      storage.asm):00210         * 4,s has the buffer base address
E9F9 0D4E             (      storage.asm):00211 (4)     CF1BKWR tst     CFCARDP
E9FB 2602             (      storage.asm):00212 (3)             bne     @ctnued
E9FD 20AC             (      storage.asm):00213 (3)             bra     IOERR           Card not present--CF subsystem not initialized
E9FF 8DC5             (      storage.asm):00214 (6)     @ctnued bsr     CF1BPRE
EA01 C630             (      storage.asm):00215 (2)             ldb     #CFWSCTS        Issue a "Write sectors" CF command
EA03 BDE922           (      storage.asm):00216 (7)             jsr     CFCMDIS
EA06 AE64             (      storage.asm):00217 (5+1)           ldx     4,s             Source buffer address to X
EA08 8DA7             (      storage.asm):00218 (6)             bsr     CF1SWR          Write the even sector to CF device
EA0A BDE8F7           (      storage.asm):00219 (7)             jsr     CFWAIT          Wait for next sector to become available
EA0D 20A2             (      storage.asm):00220 (3)             bra     CF1SWR          and write the odd sector
                      (      storage.asm):00221         
                      (        forth.asm):01598         
                      (        forth.asm):01599         * Check for minimal data stack depth. On input D has the lowest possible stack
                      (        forth.asm):01600         * address that satisfies the needs of the caller.
EA0F 103703           (        forth.asm):01601 (4)     CHKNDPT cmpr    d,u
EA12 2201             (        forth.asm):01602 (3)             bhi     @stkudf
EA14 39               (        forth.asm):01603 (4)             rts
EA15 C6FC             (        forth.asm):01604 (2)     @stkudf ldb     #EDSUDF         Data stack underflow
EA17 8D47             (        forth.asm):01605 (6)             bsr     SYSTHR8         No return
     EA19             (        forth.asm):01606         CKDPTRA equ     *
                      (        forth.asm):01607         
                      (        forth.asm):01608         * Parameter stack depth checking primitives.
EA19 CC045C20F1       (        forth.asm):01609         MIN1PST MINDREQ 1
                      (        forth.asm):01610         
EA1E CC045A20EC       (        forth.asm):01611         MIN2PST MINDREQ 2
                      (        forth.asm):01612         
EA23 CC045820E7       (        forth.asm):01613         MIN3PST MINDREQ 3
                      (        forth.asm):01614         
EA28 CC045620E2       (        forth.asm):01615         MIN4PST MINDREQ 4
                      (        forth.asm):01616         
                      (        forth.asm):01617         ******************************************************************************
                      (        forth.asm):01618         * Dictionary begins. Please note that @ has to be the first (in linked list
                      (        forth.asm):01619         * order) word and EMPTY-BUFFERS has to be the last one. In the code below ANSI
                      (        forth.asm):01620         * refers to ANSI-X3.215-1994 Draft 6 proposal (i.e. the free spec).
                      (        forth.asm):01621         
EA2D 0D               (        forth.asm):01622         EBUFS   fcb     13              ANSI (Block ext)
EA2E 454D5054592D4255 (        forth.asm):01623                 fcc     'EMPTY-BUFFERS' ( -- )
     4646455253
EA3B 0000             (        forth.asm):01624                 fdb     0               Last dictionary entry
                      (        forth.asm):01625                 RFCS
EA3D 104F             (        forth.asm):01626 (2)     EMPTYB  clrd                    The following cannot fail so it's OK to clear
EA3F DD26             (        forth.asm):01627 (4)             std     MRUBUFA         the most recently used buffer address now
EA41 8E0610           (        forth.asm):01628 (3)             ldx     #BUF0
EA44 8D03             (        forth.asm):01629 (6)             bsr     @clrflg
EA46 8E0A20           (        forth.asm):01630 (3)             ldx     #BUF1
EA49 A7890401         (        forth.asm):01631 (4+3)   @clrflg sta     BOFLAGS,x       Clear the 'flag' field
EA4D 39               (        forth.asm):01632 (4)             rts
                      (        forth.asm):01633         
                      (        forth.asm):01634                 IFNE    MCCABE
EA4E                  (        forth.asm):01635         MCC     fcb     3               Non-standard
                      (        forth.asm):01636                 fcc     'MCC'           ( -- mcc ) Returns the cyclomatic complexity
                      (        forth.asm):01637                 fdb     EBUFS           of the latest compiled word
                      (        forth.asm):01638                 RFCS
                      (        forth.asm):01639                 clra
                      (        forth.asm):01640                 ldb     CYCLO
                      (        forth.asm):01641                 tfr     d,x
                      (        forth.asm):01642                 leax    1,x             1 + number of BNE opcodes generated
                      (        forth.asm):01643                 jmp     NPUSH
                      (        forth.asm):01644                 ENDC                    MCCABE
                      (        forth.asm):01645         
                      (        forth.asm):01646         *******************************************************************************
EA4E 05               (        forth.asm):01647         THROW   fcb     5               ANSI (Exception)
EA4F 5448524F57       (        forth.asm):01648                 fcc     'THROW'         ( k*x n -- k*x | i*x n )
                      (        forth.asm):01649                 IFNE    MCCABE
                      (        forth.asm):01650                 fdb     MCC
                      (        forth.asm):01651                 ELSE
EA54 EA2D             (        forth.asm):01652                 fdb     EBUFS
                      (        forth.asm):01653                 ENDC                    MCCABE
                      (        forth.asm):01654                 RFCS
EA56 BDE812           (        forth.asm):01655 (7)             jsr     NPOP
EA59 1F10             (        forth.asm):01656 (4)             tfr     x,d
EA5B 104D             (        forth.asm):01657 (2)             tstd                    0 exception number?
EA5D 2602             (        forth.asm):01658 (3)             bne     SYSTHRO         if not, we continue execution in SYSTHRO
EA5F 39               (        forth.asm):01659 (4)             rts                     just EXIT if 'n' is 0
                      (        forth.asm):01660         
                      (        forth.asm):01661         * Compatibility entry point for 8 bit system generated exceptions.
                      (        forth.asm):01662         * Note: Breg never is zero if we enter via this inferface.
EA60 1D               (        forth.asm):01663 (1)     SYSTHR8 sex                     Sign extension Breg to Dreg
                      (        forth.asm):01664         
                      (        forth.asm):01665         * Exception number is in D. Route it to ERRHDLR or to the user code just
                      (        forth.asm):01666         * following the latest call to CATCH, depending on the state of the exception
                      (        forth.asm):01667         * stack. Preserve X and D before resorting to ERRHDLR (unhandled exception).
EA61 3410             (        forth.asm):01668 (4+2)   SYSTHRO pshs    x
EA63 9E04             (        forth.asm):01669 (4)             ldx     ESP             The exception stack pointer
EA65 8C060E           (        forth.asm):01670 (3)             cmpx    #ESTBOT
EA68 3510             (        forth.asm):01671 (4+2)           puls    x               This does not affect CCreg
EA6A 1027FCDB         (        forth.asm):01672 (5)             lbeq    ERRHDLR         Stack is empty, invoke the default handler
                      (        forth.asm):01673         * At this point we need to return control just after the latest call to CATCH.
EA6E 1A40             (        forth.asm):01674 (2)             orcc    #FFLAG          Disable FIRQ
EA70 8D29             (        forth.asm):01675 (6)             bsr     EPOP            Does not affect Dreg or Yreg
EA72 1F14             (        forth.asm):01676 (4)             tfr     x,s             Restore Sreg
EA74 8D25             (        forth.asm):01677 (6)             bsr     EPOP
EA76 9F00             (        forth.asm):01678 (4)             stx     RSP             E> rp!
EA78 8D21             (        forth.asm):01679 (6)             bsr     EPOP
EA7A 1F13             (        forth.asm):01680 (4)             tfr     x,u             E> sp!
EA7C 1CBF             (        forth.asm):01681 (2)             andcc   #^FFLAG         Re-enable FIRQ
EA7E 1F01             (        forth.asm):01682 (4)             tfr     d,x
EA80 7EE803           (        forth.asm):01683 (3)             jmp     NPUSH           Exception number to the data stack
                      (        forth.asm):01684         
                      (        forth.asm):01685         *******************************************************************************
                      (        forth.asm):01686         * Exception stack primitives. No introspection support.
                      (        forth.asm):01687         
                      (        forth.asm):01688         * Push X to the exception stack (boundary is checked).
EA83 3420             (        forth.asm):01689 (4+2)   EPUSH   pshs    y
EA85 109E04           (        forth.asm):01690 (5)             ldy     ESP
EA88 108C05DE         (        forth.asm):01691 (4)             cmpy    #ESTTOP
EA8C 2307             (        forth.asm):01692 (3)             bls     @esterr
EA8E AFA3             (        forth.asm):01693 (5+2)           stx     ,--y
EA90 109F04           (        forth.asm):01694 (5)     @eflush sty     ESP
EA93 35A0             (        forth.asm):01695 (4+4)           puls    y,pc
EA95 CCFFDF           (        forth.asm):01696 (3)     @esterr ldd     #EESOVF
EA98 BDE749           (        forth.asm):01697 (7)             jsr     ERRHDLR         An uncatchable exception. No return
                      (        forth.asm):01698         * Pull X from the exception stack (boundary is not checked).
EA9B 3420             (        forth.asm):01699 (4+2)   EPOP    pshs    y
EA9D 109E04           (        forth.asm):01700 (5)             ldy     ESP
EAA0 AEA1             (        forth.asm):01701 (5+2)           ldx     ,y++
EAA2 20EC             (        forth.asm):01702 (3)             bra     @eflush
                      (        forth.asm):01703         
                      (        forth.asm):01704         *******************************************************************************
EAA4 05               (        forth.asm):01705         CATCH   fcb     $5              ANSI (Exception)
EAA5 4341544348       (        forth.asm):01706                 fcc     'CATCH'         ( i*x xt -- j*x 0 | i*x n )
EAAA EA4E             (        forth.asm):01707                 fdb     THROW
                      (        forth.asm):01708                 RFCS
EAAC BDEA19           (        forth.asm):01709 (7)             jsr     MIN1PST         Make sure at least 'xt' is stacked up
                      (        forth.asm):01710         * Save exception frame.
EAAF 1A40             (        forth.asm):01711 (2)             orcc    #FFLAG          Disable FIRQ
EAB1 3042             (        forth.asm):01712 (4+1)           leax    2,u
EAB3 8DCE             (        forth.asm):01713 (6)             bsr     EPUSH           sp@ CELL+ >E (omit 'xt')
EAB5 9E00             (        forth.asm):01714 (4)             ldx     RSP
EAB7 8DCA             (        forth.asm):01715 (6)             bsr     EPUSH           rp@ >E
EAB9 1F41             (        forth.asm):01716 (4)             tfr     s,x             Return address pointer if uncaught
EABB 8DC6             (        forth.asm):01717 (6)             bsr     EPUSH           Sreg >E
EABD 1CBF             (        forth.asm):01718 (2)             andcc   #^FFLAG         Re-enable FIRQ
EABF BDF327           (        forth.asm):01719                 RFXT    jsr,EXCT+10     xt for EXECUTE
                      (        forth.asm):01720         * Normal execution in the absence of exceptions.
EAC2 1A40             (        forth.asm):01721 (2)             orcc    #FFLAG          Disable FIRQ
EAC4 8DD5             (        forth.asm):01722 (6)             bsr     EPOP            E> DROP (original Sreg)
EAC6 8DD3             (        forth.asm):01723 (6)             bsr     EPOP            E> DROP (original rp@)
EAC8 8DD1             (        forth.asm):01724 (6)             bsr     EPOP            E> DROP (original sp@)
EACA 1CBF             (        forth.asm):01725 (2)             andcc   #^FFLAG         Re-enable FIRQ
EACC 1FC1             (        forth.asm):01726 (4)             tfr     0,x
EACE 7EE803           (        forth.asm):01727 (3)             jmp     NPUSH           "No problemo" indication to DS
                      (        forth.asm):01728         
EAD1 05               (        forth.asm):01729         CELLP   fcb     5               ANSI (Core)
EAD2 43454C4C2B       (        forth.asm):01730                 fcc     'CELL+'         ( a-addr1 -- a-addr2 )
EAD7 EAA4             (        forth.asm):01731                 fdb     CATCH
                      (        forth.asm):01732                 RFCS
EAD9 BDEA19           (        forth.asm):01733 (7)             jsr     MIN1PST         We need at least one cell stacked up
EADC AEC4             (        forth.asm):01734 (5+0)           ldx     ,u
EADE 3002             (        forth.asm):01735 (4+1)           leax    2,x
EAE0 AFC4             (        forth.asm):01736 (5+0)           stx     ,u              In place TOS update
EAE2 39               (        forth.asm):01737 (4)             rts
                      (        forth.asm):01738         
EAE3 0C               (        forth.asm):01739         SAVBUF  fcb     12              ANSI (Block)
EAE4 534156452D425546 (        forth.asm):01740                 fcc     'SAVE-BUFFERS'  ( -- )
     46455253
EAF0 EAD1             (        forth.asm):01741                 fdb     CELLP
                      (        forth.asm):01742                 RFCS
EAF2 8E0610           (        forth.asm):01743 (3)             ldx     #BUF0
EAF5 8D03             (        forth.asm):01744 (6)             bsr     WBIFDRT
EAF7 8E0A20           (        forth.asm):01745 (3)             ldx     #BUF1
                      (        forth.asm):01746         * Write buffer back to mass storage if marked as dirty.
                      (        forth.asm):01747         * The dirty bit is cleared but the buffer contents itself is not.
                      (        forth.asm):01748         * The buffer will continue to be marked as "in use."
                      (        forth.asm):01749         * On input X has has the base buffer address. X and Y are preserved.
EAFA 3430             (        forth.asm):01750 (4+4)   WBIFDRT pshs    y,x             X has the buffer address (arg1 to CF1BKWR)
EAFC 8605             (        forth.asm):01751 (2)             lda     #BINUSE|BDIRTY
EAFE A4890401         (        forth.asm):01752 (4+3)           anda    BOFLAGS,x
EB02 8105             (        forth.asm):01753 (2)             cmpa    #BINUSE|BDIRTY
EB04 2617             (        forth.asm):01754 (3)             bne     @alldon         Block not in use or in use but not dirty
EB06 AE890402         (        forth.asm):01755 (5+3)           ldx     BOBLKNO,x
EB0A 3410             (        forth.asm):01756 (4+2)           pshs    x               Block number (arg0 to CF1BKWR)
EB0C BDE9F9           (        forth.asm):01757 (7)             jsr     CF1BKWR         Write data buffer to CF
EB0F 3262             (        forth.asm):01758 (4+1)           leas    2,s             Drop one cell from the system stack (blknum)
EB11 AEE4             (        forth.asm):01759 (5+0)           ldx     ,s              Retrieve base buffer address
EB13 30890401         (        forth.asm):01760 (4+3)           leax    BOFLAGS,x
EB17 A684             (        forth.asm):01761 (4+0)           lda     ,x              Acquire the 'flags' field
EB19 84FB             (        forth.asm):01762 (2)             anda    #^BDIRTY        Clear the dirty bit
EB1B A784             (        forth.asm):01763 (4+0)           sta     ,x              and update the 'flags' field
EB1D 35B0             (        forth.asm):01764 (4+6)   @alldon puls    x,y,pc          Restore X (RTS implied)
                      (        forth.asm):01765         
EB1F 05               (        forth.asm):01766         FLUSH   fcb     5               ANSI (Block)
EB20 464C555348       (        forth.asm):01767                 fcc     'FLUSH'         ( -- )
EB25 EAE3             (        forth.asm):01768                 fdb     SAVBUF
                      (        forth.asm):01769                 RFCS
EB27 8DC9             (        forth.asm):01770                 RFXT    bsr,SAVBUF+15   XT for SAVE-BUFFERS
EB29 7EEA3D           (        forth.asm):01771                 RFXT    jmp,EBUFS+16    XT for EMPTY-BUFFERS
                      (        forth.asm):01772         
EB2C 06               (        forth.asm):01773         UPDATE  fcb     6               ANSI (Block)
EB2D 555044415445     (        forth.asm):01774                 fcc     'UPDATE'        ( -- )
EB33 EB1F             (        forth.asm):01775                 fdb     FLUSH
                      (        forth.asm):01776                 RFCS
EB35 9E26             (        forth.asm):01777 (4)             ldx     MRUBUFA         Most recently used buffer base address
EB37 270A             (        forth.asm):01778 (3)             beq     @xquiet         All buffers are currently invalidated
EB39 30890401         (        forth.asm):01779 (4+3)           leax    BOFLAGS,x       Buffer 'flags' field's address to X
EB3D A684             (        forth.asm):01780 (4+0)           lda     ,x              Buffer 'flags' field to A
                      (        forth.asm):01781                 IFNE    DEBUG
                      (        forth.asm):01782                 bita    #BINUSE         Is that buffer in use?
                      (        forth.asm):01783                 beq     @ncurbf         No, something's fishy here. Bail out now!
                      (        forth.asm):01784                 ENDC                    DEBUG
EB3F 8A04             (        forth.asm):01785 (2)             ora     #BDIRTY
EB41 A784             (        forth.asm):01786 (4+0)           sta     ,x              Set the dirty bit
EB43 39               (        forth.asm):01787 (4)     @xquiet rts
                      (        forth.asm):01788                 IFNE DEBUG
EB44                  (        forth.asm):01789         @ncurbf ldb     #ENOSUP         No current buffer
                      (        forth.asm):01790                 jsr     SYSTHR8         No return
                      (        forth.asm):01791                 ENDC                    DEBUG
                      (        forth.asm):01792         
EB44 06               (        forth.asm):01793         BUFFER  fcb     6               ANSI (Block)
EB45 425546464552     (        forth.asm):01794                 fcc     'BUFFER'        ( ublkno -- addr )
EB4B EB2C             (        forth.asm):01795                 fdb     UPDATE
                      (        forth.asm):01796                 RFCS
EB4D BDE812           (        forth.asm):01797 (7)             jsr     NPOP
EB50 1F12             (        forth.asm):01798 (4)             tfr     x,y             ublkno to Y
                      (        forth.asm):01799         * Block lookup.
EB52 8E0610           (        forth.asm):01800 (3)             ldx     #BUF0           Base address of the first resident buffer
EB55 C602             (        forth.asm):01801 (2)             ldb     #2              Number of resident buffers
EB57 A6890401         (        forth.asm):01802 (4+3)   @blkup  lda     BOFLAGS,x       Buffer flags to A
EB5B 8501             (        forth.asm):01803 (2)             bita    #BINUSE         Buffer in use?
EB5D 270C             (        forth.asm):01804 (3)             beq     @nxtbuf         No
EB5F 10AC890402       (        forth.asm):01805 (6+3)           cmpy    BOBLKNO,x       Buffer is in use. Block number match?
EB64 2605             (        forth.asm):01806 (3)             bne     @nxtbuf         No
EB66 9F26             (        forth.asm):01807 (4)     @retba  stx     MRUBUFA         Block number match. Mark as the MRU buffer
EB68 3610             (        forth.asm):01808                 UCNPUSH                 and return its base address via the data stack
EB6A 39               (        forth.asm):01809 (4)             rts
EB6B 30890410         (        forth.asm):01810 (4+3)   @nxtbuf leax    BFDISP,x        Point to the next buffer
EB6F 5A               (        forth.asm):01811 (1)             decb
EB70 26E5             (        forth.asm):01812 (3)             bne     @blkup
                      (        forth.asm):01813         * The block number in Y is not currently in use. Assign a buffer to it.
EB72 8E0610           (        forth.asm):01814 (3)             ldx     #BUF0
EB75 9C26             (        forth.asm):01815 (4)             cmpx    MRUBUFA         Most recently used buffer address
EB77 2603             (        forth.asm):01816 (3)             bne     @bselct
EB79 8E0A20           (        forth.asm):01817 (3)             ldx     #BUF1
                      (        forth.asm):01818         * At this point X has the base address of the block we are interested in
                      (        forth.asm):01819         * and Y has the target block number.
EB7C BDEAFA           (        forth.asm):01820 (7)     @bselct jsr     WBIFDRT         Write back if dirty. X and Y are preserved
EB7F 8601             (        forth.asm):01821 (2)             lda     #BINUSE
EB81 A7890401         (        forth.asm):01822 (4+3)           sta     BOFLAGS,x       Update the buffer's 'flags' field
EB85 10AF890402       (        forth.asm):01823 (6+3)           sty     BOBLKNO,x       and the 'blknum' field as well
EB8A 20DA             (        forth.asm):01824 (3)             bra     @retba
                      (        forth.asm):01825         
EB8C 05               (        forth.asm):01826         BLOCK   fcb     5               ANSI (Block)
EB8D 424C4F434B       (        forth.asm):01827                 fcc     'BLOCK'         ( ublkno -- addr )
EB92 EB44             (        forth.asm):01828                 fdb     BUFFER
                      (        forth.asm):01829                 RFCS
EB94 8DB7             (        forth.asm):01830                 RFXT    bsr,BUFFER+9    XT for BUFFER
                      (        forth.asm):01831         * Upon return Y has has the block number. Ugly but necessary...
EB96 3710             (        forth.asm):01832                 UCNPOP                  Buffer base address to X
EB98 3410             (        forth.asm):01833 (4+2)           pshs    x               Push base buffer address as Arg1 to CF1BKRD
EB9A A6890401         (        forth.asm):01834 (4+3)           lda     BOFLAGS,x       Retrieve buffer 'flags' field
EB9E 8402             (        forth.asm):01835 (2)             anda    #BMAPPD         Has the block been read yet?
EBA0 2613             (        forth.asm):01836 (3)             bne     @bkmapd         Yes
EBA2 3420             (        forth.asm):01837 (4+2)           pshs    y               No. Push block number as Arg0 to CF1BKRD
                      (        forth.asm):01838         * Map in the block from the CF device. System stack structure is as follows:
                      (        forth.asm):01839         * ,s has the target block number.
                      (        forth.asm):01840         * 2,s has the buffer base address.
EBA4 BDE9E3           (        forth.asm):01841 (7)             jsr     CF1BKRD
EBA7 3262             (        forth.asm):01842 (4+1)           leas    2,s             Drop one cell from the system stack
                      (        forth.asm):01843         * Update the buffer's flags field.
EBA9 AEE4             (        forth.asm):01844 (5+0)           ldx     ,s              Base buffer address
EBAB 30890401         (        forth.asm):01845 (4+3)           leax    BOFLAGS,x       Buffer 'flags' field address to X
EBAF A684             (        forth.asm):01846 (4+0)           lda     ,x              Read buffer 'flags' field
EBB1 8A02             (        forth.asm):01847 (2)             ora     #BMAPPD
EBB3 A784             (        forth.asm):01848 (4+0)           sta     ,x              and mark it as read
EBB5 3510             (        forth.asm):01849 (4+2)   @bkmapd puls    x               Buffer base address to X
EBB7 3610             (        forth.asm):01850                 UCNPUSH
EBB9 39               (        forth.asm):01851 (4)             rts
                      (        forth.asm):01852         
                      (        forth.asm):01853         * Three different behaviours have been observed here (from console input):
                      (        forth.asm):01854         * Interactive input is: "CR >IN ?<CR>"
                      (        forth.asm):01855         *
                      (        forth.asm):01856         * GNU Forth 0.7.3:
                      (        forth.asm):01857         * REFILL .S CR >IN ? <1> -1 
                      (        forth.asm):01858         * 11  ok
                      (        forth.asm):01859         * VFX Forth 5.11:
                      (        forth.asm):01860         * REFILL .S CR >IN ? 
                      (        forth.asm):01861         * 8  ok-1
                      (        forth.asm):01862         * SwiftForth 3.7.9:
                      (        forth.asm):01863         * REFILL .S CR >IN ?
                      (        forth.asm):01864         * 8  ok
                      (        forth.asm):01865         *
                      (        forth.asm):01866         * I am going for the SwiftForth solution.
EBBA 06               (        forth.asm):01867         REFILL  fcb     6               ANSI (Core ext/Block ext)
EBBB 524546494C4C     (        forth.asm):01868                 fcc     'REFILL'
EBC1 EB8C             (        forth.asm):01869                 fdb     BLOCK
                      (        forth.asm):01870                 RFCS
EBC3 9E34             (        forth.asm):01871 (4)             ldx     UBLK
EBC5 260B             (        forth.asm):01872 (3)             bne     @nxtblk         We are running from block context
                      (        forth.asm):01873         * Running from the console (user input device) or from an EVALUATE string.
EBC7 0D51             (        forth.asm):01874 (4)             tst     SRCID           Are we being EVALUATEd?
EBC9 10260D6A         (        forth.asm):01875                 RFXT    lbne,FALSE+8    Yes. Return false
EBCD BDE16C           (        forth.asm):01876 (7)             jsr     READLN          >IN is cleared
EBD0 2008             (        forth.asm):01877 (3)             bra     @rtrue
EBD2 3001             (        forth.asm):01878 (4+1)   @nxtblk leax    1,x
EBD4 9F34             (        forth.asm):01879 (4)             stx     UBLK            Update BLK
EBD6 1FC1             (        forth.asm):01880 (4)             tfr     0,x
EBD8 9F32             (        forth.asm):01881 (4)             stx     UTOIN           Clear >IN
                      (        forth.asm):01882         * Any possible block number is valid.
EBDA 7EF943           (        forth.asm):01883         @rtrue  RFXT    jmp,TRUE+7      Return true.
                      (        forth.asm):01884         
EBDD 03               (        forth.asm):01885         BLK     fcb     3               ANSI (Block)
EBDE 424C4B           (        forth.asm):01886                 fcc     'BLK'
EBE1 EBBA             (        forth.asm):01887                 fdb     REFILL
                      (        forth.asm):01888                 RFCS
EBE3 8E0134           (        forth.asm):01889 (3)             ldx     #UBLK
EBE6 7EE803           (        forth.asm):01890 (3)             jmp     NPUSH
                      (        forth.asm):01891         
EBE9 03               (        forth.asm):01892         TOIN    fcb     3               ANSI (Core)
EBEA 3E494E           (        forth.asm):01893                 fcc     '>IN'           ( -- a-addr )
EBED EBDD             (        forth.asm):01894                 fdb     BLK
                      (        forth.asm):01895                 RFCS
EBEF 8E0132           (        forth.asm):01896 (3)             ldx     #UTOIN
EBF2 7EE803           (        forth.asm):01897 (3)             jmp     NPUSH
                      (        forth.asm):01898         
EBF5 03               (        forth.asm):01899         SCR     fcb     3               ANSI (Block ext)
EBF6 534352           (        forth.asm):01900                 fcc     'SCR'
EBF9 EBE9             (        forth.asm):01901                 fdb     TOIN
                      (        forth.asm):01902                 RFCS
EBFB 8E0136           (        forth.asm):01903 (3)             ldx     #USCR
EBFE 7EE803           (        forth.asm):01904 (3)             jmp     NPUSH
                      (        forth.asm):01905         
                      (        forth.asm):01906         * Functionally: : LINE 6 SHIFT SCR @ BLOCK + ;
                      (        forth.asm):01907         * Moved to CompactFlash screen #4.
                      (        forth.asm):01908         
                      (        forth.asm):01909         * Functionally:
                      (        forth.asm):01910         * : INDEX 1+ SWAP DO
                      (        forth.asm):01911         *     CR   I SCR !
                      (        forth.asm):01912         *     0 LINE 64 TYPE
                      (        forth.asm):01913         *   LOOP ;
                      (        forth.asm):01914         * Moved to CompactFlash screen #4.
                      (        forth.asm):01915         
                      (        forth.asm):01916                 IFNE    RTCFEAT
EC01                  (        forth.asm):01917         TICKS   fcb     5               Non-standard
                      (        forth.asm):01918                 fcc     'TICKS'         ( -- tickslow tickshigh )
                      (        forth.asm):01919                 fdb     SCR
                      (        forth.asm):01920                 RFCS
                      (        forth.asm):01921                 pshs    cc
                      (        forth.asm):01922                 orcc    #FFLAG          Mask FIRQ while reading the double cell
                      (        forth.asm):01923                 ldx     TIKSLOW
                      (        forth.asm):01924                 ldy     TIKSHI
                      (        forth.asm):01925                 puls    cc              Restore the previous interrupt handling mode
                      (        forth.asm):01926                 jsr     NPUSH
                      (        forth.asm):01927                 tfr     y,x
                      (        forth.asm):01928                 jmp     NPUSH
                      (        forth.asm):01929         
EC01                  (        forth.asm):01930         RTCFTCH fcb     4               Non-standard
                      (        forth.asm):01931                 fcc     'RTC@'          ( regoff -- byteval )
                      (        forth.asm):01932                 fdb     TICKS
                      (        forth.asm):01933                 RFCS
                      (        forth.asm):01934                 tst     RTCAVL
                      (        forth.asm):01935                 beq     RTNOCON
                      (        forth.asm):01936         * An MC146818 RTC is present. Let's get down to business.
                      (        forth.asm):01937                 jsr     NPOP            REGOFF to X
                      (        forth.asm):01938                 tfr     x,d
                      (        forth.asm):01939                 tfr     b,a
                      (        forth.asm):01940                 jsr     RTREGRD
                      (        forth.asm):01941                 clra                    BYTEVAL to D
                      (        forth.asm):01942                 pshu    d               Unchecked NPUSH of D
                      (        forth.asm):01943                 rts
EC01                  (        forth.asm):01944         RTNOCON ldb     #ENOSUP         RTC not detected on bootup -> I/O error
                      (        forth.asm):01945                 jsr     SYSTHR8         No return
                      (        forth.asm):01946         
EC01                  (        forth.asm):01947         RTCSTOR fcb     4               Non-standard
                      (        forth.asm):01948                 fcc     'RTC!'          ( byteval regoff -- )
                      (        forth.asm):01949                 fdb     RTCFTCH
                      (        forth.asm):01950                 RFCS
                      (        forth.asm):01951                 tst     RTCAVL
                      (        forth.asm):01952                 beq     RTNOCON
                      (        forth.asm):01953                 jsr     MIN2PST         At least two cells need to be stacked up
                      (        forth.asm):01954                 lda     1,u             REGOFF to A
                      (        forth.asm):01955                 ldb     3,u             BYTEVAL to B
                      (        forth.asm):01956                 leau    4,u             Drop two cells from the data stack
                      (        forth.asm):01957                 jmp     RTREGWR
                      (        forth.asm):01958                 ENDC                    RTCFEAT
                      (        forth.asm):01959         
EC01 04               (        forth.asm):01960         LIST    fcb     4               ANSI (Block ext)
EC02 4C495354         (        forth.asm):01961                 fcc     'LIST'          ( ublkno -- )
                      (        forth.asm):01962                 IFNE    RTCFEAT
                      (        forth.asm):01963                 fdb     RTCSTOR
                      (        forth.asm):01964                 ELSE
EC06 EBF5             (        forth.asm):01965                 fdb     SCR
                      (        forth.asm):01966                 ENDC
                      (        forth.asm):01967                 RFCS
EC08 0D4E             (        forth.asm):01968 (4)             tst     CFCARDP
EC0A 2605             (        forth.asm):01969 (3)             bne     @cont
EC0C C6EB             (        forth.asm):01970 (2)             ldb     #ENOSUP         IO error
EC0E BDEA60           (        forth.asm):01971 (7)             jsr     SYSTHR8         No return
EC11 BDFCD5           (        forth.asm):01972         @cont   RFXT    jsr,DUP+6       XT for DUP
EC14 BDEB94           (        forth.asm):01973                 RFXT    jsr,BLOCK+8     XT for BLOCK
                      (        forth.asm):01974         * TOS now has the base buffer address.
EC17 BDE812           (        forth.asm):01975 (7)             jsr     NPOP
EC1A 1F12             (        forth.asm):01976 (4)             tfr     x,y             Base buffer address to Y
EC1C BDE812           (        forth.asm):01977 (7)             jsr     NPOP            ublkno to X
EC1F 9F36             (        forth.asm):01978 (4)             stx     USCR            Update SCR's value
EC21 C610             (        forth.asm):01979 (2)             ldb     #16             16 lines to go
EC23 3404             (        forth.asm):01980 (4+1)   @loop   pshs    b
EC25 BDE300           (        forth.asm):01981 (7)             jsr     PUTCR
EC28 1F21             (        forth.asm):01982 (4)             tfr     y,x
EC2A BDE803           (        forth.asm):01983 (7)             jsr     NPUSH           Start address for TYPE
EC2D 8E0040           (        forth.asm):01984 (3)             ldx     #64
EC30 BDE803           (        forth.asm):01985 (7)             jsr     NPUSH           Byte count for TYPE
EC33 103012           (        forth.asm):01986 (4)             addr    x,y
EC36 BDF7BF           (        forth.asm):01987                 RFXT    jsr,TYPE+7      XT for TYPE
EC39 3504             (        forth.asm):01988 (4+1)           puls    b
EC3B 5A               (        forth.asm):01989 (1)             decb
EC3C 26E5             (        forth.asm):01990 (3)             bne     @loop
EC3E 39               (        forth.asm):01991 (4)             rts
                      (        forth.asm):01992         
                      (        forth.asm):01993         * This is supposed to align HERE (DICEND), presumably on a cell boundary.
                      (        forth.asm):01994         * We have no such constraint on the 6309.
EC3F 05               (        forth.asm):01995         ALIGN   fcb     5               ANSI Core
EC40 414C49474E       (        forth.asm):01996                 fcc     'ALIGN'         ( -- )
EC45 EC01             (        forth.asm):01997                 fdb     LIST
                      (        forth.asm):01998                 RFCS
EC47 39               (        forth.asm):01999 (4)             rts
                      (        forth.asm):02000         
                      (        forth.asm):02001         * Convert a single cell to a double.
EC48 03               (        forth.asm):02002         STOD    fcb     3               ANSI Core
EC49 533E44           (        forth.asm):02003                 fcc     'S>D'           ( n -- d )
EC4C EC3F             (        forth.asm):02004                 fdb     ALIGN
                      (        forth.asm):02005                 RFCS
EC4E BDE812           (        forth.asm):02006 (7)             jsr     NPOP            N to X
EC51 3610             (        forth.asm):02007                 UCNPUSH                 Push back low order cell
EC53 104F             (        forth.asm):02008 (2)             clrd                    High order cell: default to N >= 0
EC55 1E01             (        forth.asm):02009 (5)             exg     d,x
EC57 4D               (        forth.asm):02010 (1)             tsta
EC58 102AFBA7         (        forth.asm):02011 (5)             lbpl    NPUSH
EC5C 301F             (        forth.asm):02012 (4+1)           leax    -1,x            N is < 0. Sign extension is required. -1 to X
EC5E 7EE803           (        forth.asm):02013 (3)             jmp     NPUSH
                      (        forth.asm):02014         
EC61 05               (        forth.asm):02015         DEPTH   fcb     5               ANSI (Core)
EC62 4445505448       (        forth.asm):02016                 fcc     'DEPTH'         ( -- +n )
EC67 EC48             (        forth.asm):02017                 fdb     STOD
                      (        forth.asm):02018                 RFCS
EC69 CC045E           (        forth.asm):02019 (3)             ldd     #NSTBOT         Bottom data stack address
EC6C 103230           (        forth.asm):02020 (4)             subr    u,d             D has the current value of the data stack ptr
EC6F 1044             (        forth.asm):02021 (2)             lsrd                    divided by 2
EC71 1F01             (        forth.asm):02022 (4)             tfr     d,x
EC73 7EE803           (        forth.asm):02023 (3)             jmp     NPUSH           X to N
                      (        forth.asm):02024         
EC76 06               (        forth.asm):02025         CREATE  fcb     6               ANSI (Core)
EC77 435245415445     (        forth.asm):02026                 fcc     'CREATE'        Comp: ( "<spaces>name" -- )
EC7D EC61             (        forth.asm):02027                 fdb     DEPTH           Exec: ( -- a-addr )
                      (        forth.asm):02028                 RFCS
EC7F BDE52E           (        forth.asm):02029 (7)             jsr     LOCWRT          Code entry point returned to Y
EC82 868E             (        forth.asm):02030 (2)             lda     #LDXOPC         LDX immediate
EC84 A7A0             (        forth.asm):02031 (4+1)           sta     ,y+
EC86 1F21             (        forth.asm):02032 (4)             tfr     y,x
EC88 3008             (        forth.asm):02033 (4+1)           leax    8,x
EC8A AFA1             (        forth.asm):02034 (5+2)           stx     ,y++
EC8C 86BD             (        forth.asm):02035 (2)             lda     #JSROPC         JSR extended
EC8E BDE59D           (        forth.asm):02036 (7)             jsr     VARCON1         Compile JSR NPUSH
EC91 8639             (        forth.asm):02037 (2)             lda     #RTSOPC         RTS inherent
EC93 A7A0             (        forth.asm):02038 (4+1)           sta     ,y+
EC95 3122             (        forth.asm):02039 (4+1)           leay    2,y             Reserve room for a possible DOES> clause
EC97 109F10           (        forth.asm):02040 (5)     CREAT1  sty     DICEND
EC9A 9E14             (        forth.asm):02041 (4)             ldx     BDICEND         This is set by LOCWRT (was IY)
EC9C 9F0E             (        forth.asm):02042 (4)             stx     LSTWAD
EC9E 39               (        forth.asm):02043 (4)             rts
                      (        forth.asm):02044         
                      (        forth.asm):02045         * An empty DOES> clause might result in no code being compiled and,
                      (        forth.asm):02046         * eventually, we might jump to some world where no man has been before.
                      (        forth.asm):02047         * We use the FWDREF mechanism to prevent that from happening when ;
                      (        forth.asm):02048         * is invoked.
EC9F C5               (        forth.asm):02049         DOES    fcb     $C5             ANSI (Core)
ECA0 444F45533E       (        forth.asm):02050                 fcc     'DOES>'
ECA5 EC76             (        forth.asm):02051                 fdb     CREATE
                      (        forth.asm):02052                 RFCS
ECA7 8EECB1           (        forth.asm):02053 (3)             ldx     #DOESEX         JSR #DOESEX is compiled (no actual return)
ECAA BDE158           (        forth.asm):02054 (7)             jsr     EMXASXT         Set as action component. On return Yreg has HERE
ECAD 109F1E           (        forth.asm):02055 (5)             sty     FWDREF          Support for empty DOES> clauses
ECB0 39               (        forth.asm):02056 (4)             rts
                      (        forth.asm):02057         
ECB1 9E0E             (        forth.asm):02058 (4)     DOESEX  ldx     LSTWAD          Header of the last dictionary entry
ECB3 E680             (        forth.asm):02059 (4+1)           ldb     ,x+
ECB5 C41F             (        forth.asm):02060 (2)             andb    #WRLNMSK        Extract word length
ECB7 3A               (        forth.asm):02061 (1)             abx
                      (        forth.asm):02062                 IFNE    RELFEAT
                      (        forth.asm):02063                 leax    9,x             2 bytes/backlink, 1/cksum, 6 bytes code offset
                      (        forth.asm):02064                 ELSE
ECB8 3008             (        forth.asm):02065 (4+1)           leax    8,x             2 bytes/backlink, 6 bytes code offset
                      (        forth.asm):02066                 ENDC                    RELFEAT
ECBA A684             (        forth.asm):02067 (4+0)           lda     ,x
ECBC 8139             (        forth.asm):02068 (2)             cmpa    #RTSOPC         RTS inherent
ECBE 2705             (        forth.asm):02069 (3)             beq     @dosex1
ECC0 C6E1             (        forth.asm):02070 (2)             ldb     #ENOCRE         No matching CREATE
ECC2 BDEA60           (        forth.asm):02071 (7)             jsr     SYSTHR8         No return
ECC5 867E             (        forth.asm):02072 (2)     @dosex1 lda     #JMPOPC         JMP extended
ECC7 A780             (        forth.asm):02073 (4+1)           sta     ,x+             Overwrite RTS opcode
ECC9 3520             (        forth.asm):02074 (4+2)           puls    y
ECCB 10AF84           (        forth.asm):02075 (6+0)           sty     ,x
ECCE 39               (        forth.asm):02076 (4)             rts
                      (        forth.asm):02077         
ECCF 87               (        forth.asm):02078         LITERAL fcb     $87             ANSI (Core)
ECD0 4C49544552414C   (        forth.asm):02079                 fcc     'LITERAL'       Comp: ( x -- )
ECD7 EC9F             (        forth.asm):02080                 fdb     DOES            Exec: ( -- x )
                      (        forth.asm):02081                 RFCS
ECD9 BDE812           (        forth.asm):02082 (7)             jsr     NPOP
ECDC 0D2D             (        forth.asm):02083 (4)             tst     USTATE+1
ECDE 2601             (        forth.asm):02084 (3)             bne     @comp
ECE0 39               (        forth.asm):02085 (4)             rts                     The standard defines no semantics in interp mode
ECE1 109E10           (        forth.asm):02086 (5)     @comp   ldy     DICEND
ECE4 868E             (        forth.asm):02087 (2)             lda     #LDXOPC         LDX immediate
ECE6 BDE5A0           (        forth.asm):02088 (7)             jsr     VARCON2         Compile LDX #X
ECE9 109F10           (        forth.asm):02089 (5)             sty     DICEND          Update HERE
ECEC 8EE803           (        forth.asm):02090 (3)             ldx     #NPUSH
ECEF 7EE158           (        forth.asm):02091 (3)             jmp     EMXASXT         Set NPUSH as action component
                      (        forth.asm):02092         
                      (        forth.asm):02093         * Functionally: : CONSTANT CREATE , DOES> @ ;
ECF2 08               (        forth.asm):02094         CONS    fcb     8               ANSI (Core)
ECF3 434F4E5354414E54 (        forth.asm):02095                 fcc     'CONSTANT'      Comp: ( x "<spaces>name" -- )
ECFB ECCF             (        forth.asm):02096                 fdb     LITERAL         Exec: ( -- x )
                      (        forth.asm):02097                 RFCS
ECFD BDEC7F           (        forth.asm):02098                 RFXT    jsr,CREATE+9
ED00 BDFD79           (        forth.asm):02099                 RFXT    jsr,COMMA+4
ED03 8DAC             (        forth.asm):02100 (6)             bsr     DOESEX
ED05 7E0E34           (        forth.asm):02101 (3)             jmp     RAMFTCH
                      (        forth.asm):02102         
                      (        forth.asm):02103         * Functionally: : VARIABLE CREATE 2 ALLOT ;
ED08 08               (        forth.asm):02104         VARI    fcb     8               ANSI (Core)
ED09 5641524941424C45 (        forth.asm):02105                 fcc     'VARIABLE'      Comp: ( "<spaces>name" -- )
ED11 ECF2             (        forth.asm):02106                 fdb     CONS            Exec: ( -- a-addr )
                      (        forth.asm):02107                 RFCS
ED13 BDEC7F           (        forth.asm):02108                 RFXT    jsr,CREATE+9
ED16 8E0002           (        forth.asm):02109 (3)             ldx     #2
ED19 BDE803           (        forth.asm):02110 (7)             jsr     NPUSH
ED1C 7EFD8D           (        forth.asm):02111                 RFXT    jmp,ALLOT+8
                      (        forth.asm):02112         
ED1F 09               (        forth.asm):02113         IMMED   fcb     9               ANSI (Core)
ED20 494D4D4544494154 (        forth.asm):02114                 fcc     'IMMEDIATE'     ( -- )
     45
ED29 ED08             (        forth.asm):02115                 fdb     VARI
                      (        forth.asm):02116                 RFCS
ED2B C680             (        forth.asm):02117 (2)             ldb     #IMDFLM
ED2D 9E0E             (        forth.asm):02118 (4)     IMMED1  ldx     LSTWAD
ED2F A684             (        forth.asm):02119 (4+0)           lda     ,x
ED31 103598           (        forth.asm):02120 (4)             orr     b,a
ED34 A784             (        forth.asm):02121 (4+0)           sta     ,x
ED36 39               (        forth.asm):02122 (4)             rts
                      (        forth.asm):02123         
ED37 08               (        forth.asm):02124         RSTRCT  fcb     8               Non-standard (GNU Forth)
ED38 5245535452494354 (        forth.asm):02125                 fcc     'RESTRICT'      Make word available in compilation mode only
ED40 ED1F             (        forth.asm):02126                 fdb     IMMED
                      (        forth.asm):02127                 RFCS
ED42 C640             (        forth.asm):02128 (2)             ldb     #DEFFLM
ED44 20E7             (        forth.asm):02129 (3)             bra     IMMED1
                      (        forth.asm):02130         
ED46 09               (        forth.asm):02131         UNMON   fcb     9               Non-standard
ED47 554E4D4F4E49544F (        forth.asm):02132                 fcc     'UNMONITOR'     ( -- )
     52
ED50 ED37             (        forth.asm):02133                 fdb     RSTRCT
                      (        forth.asm):02134                 RFCS
                      (        forth.asm):02135                 IFNE    RELFEAT
                      (        forth.asm):02136                 clra
                      (        forth.asm):02137                 pshs    a
                      (        forth.asm):02138                 bra     MONIT1
                      (        forth.asm):02139                 ELSE
ED52 39               (        forth.asm):02140 (4)             rts
                      (        forth.asm):02141                 ENDC                    RELFEAT
                      (        forth.asm):02142         
                      (        forth.asm):02143         * This non-standard word enables checkum monitoring by ICHECK for the
                      (        forth.asm):02144         * last defined word in the dictionary. : words are monitored by default
                      (        forth.asm):02145         * and so are constants. CREATEd words require an explicit invokation of
                      (        forth.asm):02146         * MONITOR if they are to be checked for integrity.
ED53 07               (        forth.asm):02147         MONITOR fcb     7               Non-standard
ED54 4D4F4E49544F52   (        forth.asm):02148                 fcc     'MONITOR'       ( -- )
ED5B ED46             (        forth.asm):02149                 fdb     UNMON
                      (        forth.asm):02150                 RFCS
                      (        forth.asm):02151                 IFNE    RELFEAT
                      (        forth.asm):02152                 lda     #1              Set MONFLM in the word 'flags' header field
                      (        forth.asm):02153                 pshs    a
ED5D                  (        forth.asm):02154         MONIT1  ldx     LSTWAD          Latest defined word header address
                      (        forth.asm):02155                 lda     ,x
                      (        forth.asm):02156                 tst     ,s              Should we set or clear MONFLM?
                      (        forth.asm):02157                 bne     @setflg
                      (        forth.asm):02158                 anda    #^MONFLM        Clear MONFLM in the word's attribute field
                      (        forth.asm):02159                 bra     @cont
ED5D                  (        forth.asm):02160         @setflg ora     #MONFLM         Set MONFLM in the word's attribute field
ED5D                  (        forth.asm):02161         @cont   sta     ,x
                      (        forth.asm):02162                 bsr     HDRSKIP         Skip the header (XT to X), clear A
                      (        forth.asm):02163                 ldy     DICEND          The upper code section limit (excluded)
                      (        forth.asm):02164                 bsr     HDRCSUM         Current word's definition's checksum to A
                      (        forth.asm):02165                 sta     -1,x            Store the computed checksum into the header
                      (        forth.asm):02166                 leas    1,s             Drop one byte from the system stack
                      (        forth.asm):02167                 ENDC                    RELFEAT
ED5D 39               (        forth.asm):02168 (4)             rts
                      (        forth.asm):02169         
                      (        forth.asm):02170                 IFNE    RELFEAT
                      (        forth.asm):02171         * On entry, X has a word's header address. On return X has the compilation
                      (        forth.asm):02172         * address for that word (XT). A is cleared so as to initialize the checksum.
ED5E                  (        forth.asm):02173         HDRSKIP lda     ,x              Word's header attribute byte to A
                      (        forth.asm):02174                 anda    #WRLNMSK        Extract the word's length
                      (        forth.asm):02175                 adda    #4              1B attribute, 2B backlink, 1B checksum
                      (        forth.asm):02176                 leax    a,x             X has the word's XT. -1,X has the orig checksum
                      (        forth.asm):02177                 clra
                      (        forth.asm):02178                 rts
                      (        forth.asm):02179         
                      (        forth.asm):02180         * On entry X has a word's compilation address (XT). A is supposed to have been
                      (        forth.asm):02181         * previously cleared. Y has the upper bound of the code section's address
                      (        forth.asm):02182         * (excluded). On return, A will have the word's code section's checksum.
                      (        forth.asm):02183         * X is preserved.
ED5E                  (        forth.asm):02184         HDRCSUM pshs    x
ED5E                  (        forth.asm):02185         @hdrcs1 eora    ,x+             Update the checksum
                      (        forth.asm):02186                 cmpr    x,y             Upper bound reached?
                      (        forth.asm):02187                 bne     @hdrcs1         No. Process next byte in word's code section
                      (        forth.asm):02188                 puls    x
                      (        forth.asm):02189                 rts
                      (        forth.asm):02190         
ED5E                  (        forth.asm):02191         CSUMFLM fcn     'integrity check failed'
                      (        forth.asm):02192                 ENDC                    RELFEAT
                      (        forth.asm):02193         
                      (        forth.asm):02194         * This non-standard word walks through the dictionary linked list and checks
                      (        forth.asm):02195         * that the words that have the MONFLM flag set in their header's attribute
                      (        forth.asm):02196         * field have a definition that still matches the checksum stored in the word's
                      (        forth.asm):02197         * header. This is meant to be used interactively, as a debugging tool, since
                      (        forth.asm):02198         * multitasking is not supported by this implementation. Therefore no status
                      (        forth.asm):02199         * value is returned. Feedback will only be provided for corrupted words, in
                      (        forth.asm):02200         * the form of a diagnostic message printed to the console.
ED5E 06               (        forth.asm):02201         ICHECK  fcb     6               Non-standard
ED5F 49434845434B     (        forth.asm):02202                 fcc     'ICHECK'        ( -- )
ED65 ED53             (        forth.asm):02203                 fdb     MONITOR
                      (        forth.asm):02204                 RFCS
                      (        forth.asm):02205                 IFNE    RELFEAT
                      (        forth.asm):02206                 ldy     DICEND          Upper bound for the code of the last word (exc.)
                      (        forth.asm):02207                 ldx     LSTWAD          LAST points to the header of the last word
ED67                  (        forth.asm):02208         @icklop pshs    x               Current word's header address
                      (        forth.asm):02209                 lda     ,x              Word's header attribute byte to A
                      (        forth.asm):02210                 bita    #MONFLM         Is this a monitored word?
                      (        forth.asm):02211                 beq     @icknxt         No. Point to the next word
                      (        forth.asm):02212                 bsr     HDRSKIP         Skip the header (XT to X), clear A
                      (        forth.asm):02213                 bsr     HDRCSUM         Current word's definition's checksum to A
                      (        forth.asm):02214                 cmpa    -1,x            Does the checksum match the compile time value?
                      (        forth.asm):02215                 beq     @icknxt         Yes. Point to the next word
                      (        forth.asm):02216         * Current word's definition has been modified since its original definition!
                      (        forth.asm):02217                 jsr     PUTCR
                      (        forth.asm):02218                 ldx     ,s              Current word's header address
                      (        forth.asm):02219                 ldb     ,x+
                      (        forth.asm):02220                 andb    #WRLNMSK
                      (        forth.asm):02221                 clra
                      (        forth.asm):02222                 jsr     NPUSH           Word's name base address
                      (        forth.asm):02223                 tfr     d,x
                      (        forth.asm):02224                 jsr     NPUSH           Byte count for TYPE
                      (        forth.asm):02225                 RFXT    jsr,TYPE+7      XT for TYPE
                      (        forth.asm):02226                 RFXT    jsr,SPACE+8     XT for SPACE
                      (        forth.asm):02227                 ldx     #CSUMFLM
                      (        forth.asm):02228                 jsr     PUTS            Feedback for checksum failure
ED67                  (        forth.asm):02229         @icknxt puls    x               Current word's header address
                      (        forth.asm):02230                 tfr     x,y             Point to the end of the previous word's code
                      (        forth.asm):02231                 bsr     HDRSKIP         Skip the header (XT to X), clear A
                      (        forth.asm):02232                 ldx     -3,x            Point to the previous header via the backlink
                      (        forth.asm):02233                 beq     @ickdon         We've just reached the end of the dictionary
                      (        forth.asm):02234                 bra     @icklop
                      (        forth.asm):02235                 ENDC                    RELFEAT
ED67 39               (        forth.asm):02236 (4)     @ickdon rts
                      (        forth.asm):02237         
                      (        forth.asm):02238         * hForth prototyping code below:
                      (        forth.asm):02239         * : ?DO 0 rakeVar !
                      (        forth.asm):02240         *   POSTPONE do?DO
                      (        forth.asm):02241         *   HERE            \ leave ?DO-orig
                      (        forth.asm):02242         *   0 ,
                      (        forth.asm):02243         *   HERE            \ leave DO-dest
                      (        forth.asm):02244         *   bal+ ; IMMEDIATE RESTRICT
ED68 C3               (        forth.asm):02245         QDO     fcb     $C3             ANSI (Core ext)
ED69 3F444F           (        forth.asm):02246                 fcc     '?DO'           Comp: ( C: -- do-sys )
ED6C ED5E             (        forth.asm):02247                 fdb     ICHECK          Exec: ( n1|u1 n2|u2 -- ) ( R: -- | loop-sys )
                      (        forth.asm):02248                 RFCS
ED6E 8EED93           (        forth.asm):02249 (3)             ldx     #QDOEX
ED71 BDE158           (        forth.asm):02250 (7)             jsr     EMXASXT         Compile "JSR QDOEX"
                      (        forth.asm):02251                 IFNE    MCCABE
                      (        forth.asm):02252                 inc     CYCLO           Update MCC counter
                      (        forth.asm):02253                 ENDC                    MCCABE
                      (        forth.asm):02254         * The rest of this code looks very much like IF, except that 1 is not pushed
                      (        forth.asm):02255         * to the control flow stack to indicate an IF. This is done later on when
                      (        forth.asm):02256         * the RAKE code is executed by LOOP.
ED74 CC2603           (        forth.asm):02257 (3)             ldd     #BNEOPC
ED77 EDA1             (        forth.asm):02258 (5+2)           std     ,y++
ED79 867E             (        forth.asm):02259 (2)             lda     #JMPOPC
ED7B A7A0             (        forth.asm):02260 (4+1)           sta     ,y+
ED7D 1F21             (        forth.asm):02261 (4)             tfr     y,x
ED7F BDE85E           (        forth.asm):02262 (7)             jsr     CPUSH           ANS:do-sys/addr (?DO-orig) is HERE
ED82 3122             (        forth.asm):02263 (4+1)           leay    2,y             2 ALLOT instead of 0 ,
ED84 109F10           (        forth.asm):02264 (5)             sty     DICEND
ED87 1F21             (        forth.asm):02265 (4)             tfr     y,x             ANS:do-sys/type (DO-dest) is HERE
ED89 BDE85E           (        forth.asm):02266 (7)             jsr     CPUSH
ED8C 104F             (        forth.asm):02267 (2)     QDO1    clrd
ED8E DD20             (        forth.asm):02268 (4)             std     RAKEVAR         Used for LEAVE forward references handling
ED90 0C3D             (        forth.asm):02269 (5)             inc     BALNCD
ED92 39               (        forth.asm):02270 (4)             rts
                      (        forth.asm):02271         
ED93 BDEA1E           (        forth.asm):02272 (7)     QDOEX   jsr     MIN2PST
ED96 AE42             (        forth.asm):02273 (5+1)           ldx     2,u             Loop limit
ED98 10AEC4           (        forth.asm):02274 (6+0)           ldy     ,u              Loop index
ED9B 3344             (        forth.asm):02275 (4+1)           leau    4,u             2DROP
ED9D 103721           (        forth.asm):02276 (4)             cmpr    y,x
EDA0 270A             (        forth.asm):02277 (3)             beq     @skloop         Loop bypassed, return with ZFLAG set
EDA2 BDE82B           (        forth.asm):02278 (7)             jsr     RPUSH           limit >R
EDA5 1F21             (        forth.asm):02279 (4)             tfr     y,x
EDA7 BDE82B           (        forth.asm):02280 (7)             jsr     RPUSH           index >R
EDAA 1CFB             (        forth.asm):02281 (2)             andcc   #^ZFLAG         Clear ZFLAG
EDAC 39               (        forth.asm):02282 (4)     @skloop rts
                      (        forth.asm):02283         
                      (        forth.asm):02284         * hForth prototyping code below:
                      (        forth.asm):02285         * : DO 0 rakeVar !   0   POSTPONE doDO   HERE   bal+ ; IMMEDIATE RESTRICT
EDAD C2               (        forth.asm):02286         DO      fcb     $C2             ANSI (Core)
EDAE 444F             (        forth.asm):02287                 fcc     'DO'            Comp: ( C: -- do-sys )
EDB0 ED68             (        forth.asm):02288                 fdb     QDO             Exec: ( n1|u1 n2|u2 -- ) ( R: -- loop-sys )
                      (        forth.asm):02289                 RFCS
EDB2 8EEDC4           (        forth.asm):02290 (3)             ldx     #DOEX
EDB5 BDE158           (        forth.asm):02291 (7)             jsr     EMXASXT         Compile "JSR DOEX"
                      (        forth.asm):02292                 IFNE    MCCABE
                      (        forth.asm):02293                 inc     CYCLO           Update MCC counter
                      (        forth.asm):02294                 ENDC                    MCCABE
EDB8 1FC1             (        forth.asm):02295 (4)             tfr     0,x             ANS:do-sys/addr (?DO-orig) is 0 for DO
EDBA BDE85E           (        forth.asm):02296 (7)             jsr     CPUSH
EDBD 1F21             (        forth.asm):02297 (4)             tfr     y,x             ANS:do-sys/type (DO-dest) is HERE
EDBF BDE85E           (        forth.asm):02298 (7)             jsr     CPUSH
EDC2 20C8             (        forth.asm):02299 (3)             bra     QDO1
                      (        forth.asm):02300         
EDC4 BDFCEE           (        forth.asm):02301         DOEX    RFXT    jsr,SWAP+7      XT for SWAP
EDC7 BDF0FF           (        forth.asm):02302                 RFXT    jsr,TOR+5       XT for >R (limit)
EDCA 7EF0FF           (        forth.asm):02303                 RFXT    jmp,TOR+5       XT for >R (index)
                      (        forth.asm):02304         
                      (        forth.asm):02305         * hForth prototyping code below:
                      (        forth.asm):02306         * : LOOP POSTPONE doLOOP   rake ; IMMEDIATE RESTRICT
EDCD C4               (        forth.asm):02307         LOOP    fcb     $C4             ANSI (Core)
EDCE 4C4F4F50         (        forth.asm):02308                 fcc     'LOOP'          Comp: ( C: do-sys -- )
EDD2 EDAD             (        forth.asm):02309                 fdb     DO              Exec: ( -- ) ( R:  loop-sys1 --  | loop-sys2 )
                      (        forth.asm):02310                 RFCS
EDD4 8EEE14           (        forth.asm):02311 (3)             ldx     #LOOPEX
EDD7 BDE158           (        forth.asm):02312 (7)     LOOP1   jsr     EMXASXT
EDDA 8E2503           (        forth.asm):02313 (3)             ldx     #BCSOPC         Compile "BCS *+5"
EDDD AFA1             (        forth.asm):02314 (5+2)           stx     ,y++
EDDF BDE875           (        forth.asm):02315 (7)             jsr     CPOP            ANS:do-sys/type (DO-dest): loop begin. addr.
EDE2 867E             (        forth.asm):02316 (2)             lda     #JMPOPC
EDE4 BDE5A0           (        forth.asm):02317 (7)             jsr     VARCON2         Compile "JMP DO-dest"
EDE7 109F10           (        forth.asm):02318 (5)             sty     DICEND
EDEA 109F1E           (        forth.asm):02319 (5)             sty     FWDREF          Last recorded forward reference
                      (        forth.asm):02320         * RAKE: Y has HERE, which all (if any) LEAVE forward references
                      (        forth.asm):02321         * should resolve to.
EDED 9E20             (        forth.asm):02322 (4)             ldx     RAKEVAR
EDEF 270B             (        forth.asm):02323 (3)     @lopres beq     @lopdon
EDF1 EC84             (        forth.asm):02324 (5+0)           ldd     ,x              D has the next forward reference
EDF3 10AF84           (        forth.asm):02325 (6+0)           sty     ,x              Resolve LEAVE forward reference
EDF6 1F01             (        forth.asm):02326 (4)             tfr     d,x
EDF8 104D             (        forth.asm):02327 (2)             tstd
EDFA 20F3             (        forth.asm):02328 (3)             bra     @lopres
EDFC 9F20             (        forth.asm):02329 (4)     @lopdon stx     RAKEVAR
EDFE 0A3D             (        forth.asm):02330 (5)             dec     BALNCD
EE00 BDE875           (        forth.asm):02331 (7)             jsr     CPOP            ANS:do-sys/addr (?DO-orig) to X
EE03 2601             (        forth.asm):02332 (3)             bne     @endqdo         If NZ push it back, push type 1 and call THEN
EE05 39               (        forth.asm):02333 (4)             rts
                      (        forth.asm):02334         * End a ?DO construct with an implicit THEN.
EE06 0C3D             (        forth.asm):02335 (5)     @endqdo inc     BALNCD
EE08 BDE85E           (        forth.asm):02336 (7)             jsr     CPUSH           Push back IF jump address 
EE0B 8E0001           (        forth.asm):02337 (3)             ldx     #1
EE0E BDE85E           (        forth.asm):02338 (7)             jsr     CPUSH           to the control flow stack with type 1 (IF)
EE11 7EEECD           (        forth.asm):02339                 RFXT    jmp,THEN+7
                      (        forth.asm):02340         
EE14 8E0001           (        forth.asm):02341 (3)     LOOPEX  ldx     #1
EE17 2010             (        forth.asm):02342 (3)             bra     PLOPEX1
                      (        forth.asm):02343         
EE19 C5               (        forth.asm):02344         PLOOP   fcb     $C5             ANSI (Core)
EE1A 2B4C4F4F50       (        forth.asm):02345                 fcc     '+LOOP'         Comp: ( C: do-sys -- )
EE1F EDCD             (        forth.asm):02346                 fdb     LOOP            Exec: ( n -- ) ( R: loop-sys1 -- | loop-sys2 )
                      (        forth.asm):02347                 RFCS
EE21 8EEE26           (        forth.asm):02348 (3)             ldx     #PLOOPEX
EE24 20B1             (        forth.asm):02349 (3)             bra     LOOP1
                      (        forth.asm):02350         
                      (        forth.asm):02351         * Anton Ertl's forth-standard.org notes on +LOOP (2019-05-21 05:54:21):
                      (        forth.asm):02352         * "Note that the loop control parameters can be either signed or unsigned,
                      (        forth.asm):02353         * and +LOOP has to work for both. For systems with 2s-complement representation
                      (        forth.asm):02354         * for signed numbers, the way to go is to use circular arithmetic: compute
                      (        forth.asm):02355         * x=(index-limit)+minint, and observe if the addition x+n crosses the boundary
                      (        forth.asm):02356         * between minint and maxint. Many architectures report this through the
                      (        forth.asm):02357         * overflow flag."
                      (        forth.asm):02358         * Here we do precisely what the good Doktor says, setting the carry flag on
                      (        forth.asm):02359         * overflow detection.
EE26 BDE812           (        forth.asm):02360 (7)     PLOOPEX jsr     NPOP
EE29 1F16             (        forth.asm):02361 (4)     PLOPEX1 tfr     x,w             Increment to W
EE2B BDE846           (        forth.asm):02362 (7)             jsr     RPOP
EE2E 1F12             (        forth.asm):02363 (4)             tfr     x,y             Index to Y
EE30 BDE846           (        forth.asm):02364 (7)             jsr     RPOP            Limit to X
EE33 CC8000           (        forth.asm):02365 (3)             ldd     #$8000          Minimum integer on a 2 byte cell system
EE36 103020           (        forth.asm):02366 (4)             addr    y,d             add the index
EE39 103210           (        forth.asm):02367 (4)             subr    x,d             substract the limit
EE3C 103060           (        forth.asm):02368 (4)             addr    w,d             add the increment and check for overflow
EE3F 290E             (        forth.asm):02369 (3)             bvs     @limrcd         Limit reached
EE41 BDE82B           (        forth.asm):02370 (7)             jsr     RPUSH           Limit to the return stack
EE44 103062           (        forth.asm):02371 (4)             addr    w,y             Update the index
EE47 1F21             (        forth.asm):02372 (4)             tfr     y,x
EE49 BDE82B           (        forth.asm):02373 (7)             jsr     RPUSH           Updated index to the return stack
EE4C 1CFE             (        forth.asm):02374 (2)             andcc   #^CFLAG         Clear CFLAG
EE4E 39               (        forth.asm):02375 (4)             rts
EE4F 1A01             (        forth.asm):02376 (2)     @limrcd orcc    #CFLAG          Set CFLAG
EE51 39               (        forth.asm):02377 (4)             rts
                      (        forth.asm):02378         
EE52 46               (        forth.asm):02379         UNLOOP  fcb     $46             ANSI (Core)
EE53 554E4C4F4F50     (        forth.asm):02380                 fcc     'UNLOOP'        ( -- ) ( R: loop-sys -- )
EE59 EE19             (        forth.asm):02381                 fdb     PLOOP
                      (        forth.asm):02382                 RFCS
EE5B BDE846           (        forth.asm):02383 (7)             jsr     RPOP            Drop the index from the return stack
EE5E 7EE846           (        forth.asm):02384 (3)             jmp     RPOP            and the loop limit as well
                      (        forth.asm):02385         
                      (        forth.asm):02386         * hForth prototyping code below:
                      (        forth.asm):02387         *
                      (        forth.asm):02388         * VARIABLE bal   0 bal !
                      (        forth.asm):02389         * : bal+ 1 bal +! ;
                      (        forth.asm):02390         * : bal- -1 bal +! ;
                      (        forth.asm):02391         * : branch jmpopc C, ; RESTRICT
                      (        forth.asm):02392         * : 0branch jsropc C, npop ,
                      (        forth.asm):02393         *   bneopc ,
                      (        forth.asm):02394         *   branch ; RESTRICT
                      (        forth.asm):02395         * : AHEAD branch HERE 0 ,  \ 0 is an unresolved forward reference
                      (        forth.asm):02396         *   bal+ 1 ; IMMEDIATE RESTRICT
EE61 C5               (        forth.asm):02397         AHEAD   fcb     $C5             ANSI (Programming tools ext)
EE62 4148454144       (        forth.asm):02398                 fcc     'AHEAD'         Comp: ( C: -- orig )
EE67 EE52             (        forth.asm):02399                 fdb     UNLOOP          Exec: ( -- )
                      (        forth.asm):02400                 RFCS
EE69 109E10           (        forth.asm):02401 (5)             ldy     DICEND
EE6C 867E             (        forth.asm):02402 (2)     AHEAD1  lda     #JMPOPC
EE6E A7A0             (        forth.asm):02403 (4+1)           sta     ,y+
EE70 1F21             (        forth.asm):02404 (4)             tfr     y,x             Jump address location (ANS:orig/addr) to X
EE72 3122             (        forth.asm):02405 (4+1)           leay    2,y
EE74 109F10           (        forth.asm):02406 (5)             sty     DICEND          2 ALLOT (instead of 0 ,)
EE77 0C3D             (        forth.asm):02407 (5)             inc     BALNCD
EE79 BDE85E           (        forth.asm):02408 (7)             jsr     CPUSH           ANS:orig/addr to the control flow stack
EE7C 8E0001           (        forth.asm):02409 (3)             ldx     #1              ANS:orig/type is 1
EE7F 7EE85E           (        forth.asm):02410 (3)             jmp     CPUSH
                      (        forth.asm):02411         
                      (        forth.asm):02412         * hForth prototyping code below:
                      (        forth.asm):02413         * : IF 0branch HERE 0 ,  \ 0 is an unresolved forward reference
                      (        forth.asm):02414         *   bal+ 1 ; IMMEDIATE RESTRICT
EE82 C2               (        forth.asm):02415         IF      fcb     $C2             ANSI (Core)
EE83 4946             (        forth.asm):02416                 fcc     'IF'            Comp: ( C: -- orig )
EE85 EE61             (        forth.asm):02417                 fdb     AHEAD           Exec: ( x -- )
                      (        forth.asm):02418                 RFCS
EE87 8EE812           (        forth.asm):02419 (3)             ldx     #NPOP
EE8A BDE158           (        forth.asm):02420 (7)             jsr     EMXASXT         Compile "JSR NPOP"
EE8D CC2603           (        forth.asm):02421 (3)             ldd     #BNEOPC
EE90 EDA1             (        forth.asm):02422 (5+2)           std     ,y++            Compile "BNE *+5"
                      (        forth.asm):02423                 IFNE    MCCABE
                      (        forth.asm):02424                 inc     CYCLO           Update MCC counter
                      (        forth.asm):02425                 ENDC                    MCCABE
EE92 20D8             (        forth.asm):02426 (3)             bra     AHEAD1
                      (        forth.asm):02427         
                      (        forth.asm):02428         * Functionally equivalent to:
                      (        forth.asm):02429         * : UNLESS POSTPONE 0= POSTPONE IF ; IMMEDIATE RESTRICT
                      (        forth.asm):02430         * Moved to CompactFlash.
                      (        forth.asm):02431         * UNLESS        fcb     $C6             Non-standard (Perl inspired)
                      (        forth.asm):02432         *       fcc     'UNLESS'
                      (        forth.asm):02433         *       fdb     IF
                      (        forth.asm):02434         *       RFCS
                      (        forth.asm):02435         *       RFXT    ldx,#NULP+5     XT for 0=
                      (        forth.asm):02436         *       jsr     EMXASXT
                      (        forth.asm):02437         *       RFXT    bra,IF+5        XT for IF
                      (        forth.asm):02438         
                      (        forth.asm):02439         * hForth prototyping code below:
                      (        forth.asm):02440         * : ELSE POSTPONE AHEAD 2SWAP POSTPONE THEN ; IMMEDIATE RESTRICT
EE94 C4               (        forth.asm):02441         ELSE    fcb     $C4             ANSI (Core)
EE95 454C5345         (        forth.asm):02442                 fcc     'ELSE'          Comp: ( C: orig1 -- orig2 )
EE99 EE82             (        forth.asm):02443                 fdb     IF              Exec: ( -- )
                      (        forth.asm):02444                 RFCS
EE9B 8DCC             (        forth.asm):02445                 RFXT    bsr,AHEAD+8
                      (        forth.asm):02446         * We just cannot be that brutal with a dedicated control flow stack!
                      (        forth.asm):02447         *       RFXT    jsr,TWOSWAP+8   This should be read as "1 CS-ROLL"
EE9D 8D07             (        forth.asm):02448 (6)             bsr     CSROL1
EE9F 202C             (        forth.asm):02449                 RFXT    bra,THEN+7
EEA1 C6EA             (        forth.asm):02450 (2)     @fubar  ldb     #EILCST         Illegal construct
EEA3 7EEA60           (        forth.asm):02451 (3)             jmp     SYSTHR8
                      (        forth.asm):02452         * Make sure CSP has at least 4 cells stacked up.
EEA6 109E02           (        forth.asm):02453 (5)     CSROL1  ldy     CSP
EEA9 108C05D6         (        forth.asm):02454 (4)             cmpy    #CSTBOT-8
EEAD 22F2             (        forth.asm):02455 (3)             bhi     @fubar
EEAF ECA4             (        forth.asm):02456 (5+0)           ldd     ,y              [csp][0] -> D
EEB1 10A622           (        forth.asm):02457 (6+1)           ldw     2,y             [csp][1] -> W
EEB4 10DD06           (        forth.asm):02458 (7)             stq     QUAD            Q -> QUAD
EEB7 EC24             (        forth.asm):02459 (5+1)           ldd     4,y             [csp][2] -> D
EEB9 10A626           (        forth.asm):02460 (6+1)           ldw     6,y             [csp][3] -> W
EEBC 10EDA4           (        forth.asm):02461 (8+0)           stq     ,y              Q -> EA(CSP[0])
EEBF 10DC06           (        forth.asm):02462 (7)             ldq     QUAD
EEC2 10ED24           (        forth.asm):02463 (8+1)           stq     4,y             QUAD -> EA(CSP[2])
EEC5 39               (        forth.asm):02464 (4)             rts
                      (        forth.asm):02465         
                      (        forth.asm):02466         * hForth prototyping code below:
                      (        forth.asm):02467         * : THEN 1- ABORT" Unbalanced IF/ELSE/THEN construct"
                      (        forth.asm):02468         *   HERE SWAP ! bal-
                      (        forth.asm):02469         *   HERE fwdref ! ; IMMEDIATE RESTRICT
EEC6 C4               (        forth.asm):02470         THEN    fcb     $C4             ANSI (Core)
EEC7 5448454E         (        forth.asm):02471                 fcc     'THEN'          Comp: ( C: orig -- )
EECB EE94             (        forth.asm):02472                 fdb     ELSE            Exec: ( -- )
                      (        forth.asm):02473                 RFCS
EECD BDE875           (        forth.asm):02474 (7)             jsr     CPOP            ANS:orig/type to X
EED0 301F             (        forth.asm):02475 (4+1)           leax    -1,x
EED2 1026F9B9         (        forth.asm):02476 (5)             lbne    BALERR          Illegal construct, type must be 1
EED6 109E10           (        forth.asm):02477 (5)             ldy     DICEND
EED9 BDE875           (        forth.asm):02478 (7)             jsr     CPOP            ANS:orig/addr to X
EEDC 10AF84           (        forth.asm):02479 (6+0)           sty     ,x              Resolve forward reference to HERE
EEDF 109F1E           (        forth.asm):02480 (5)             sty     FWDREF          Last recorded forward reference
EEE2 0A3D             (        forth.asm):02481 (5)             dec     BALNCD
EEE4 39               (        forth.asm):02482 (4)             rts
                      (        forth.asm):02483         
EEE5 01               (        forth.asm):02484         EQ      fcb     1               ANSI (Core)
EEE6 3D               (        forth.asm):02485                 fcc     '='             ( x1 x2 -- flag )
EEE7 EEC6             (        forth.asm):02486                 fdb     THEN
                      (        forth.asm):02487                 RFCS
EEE9 BDEA1E           (        forth.asm):02488 (7)             jsr     MIN2PST         At least two cells need to be stacked up
EEEC 10ECC4           (        forth.asm):02489 (8+0)           ldq     ,u              D:W has X2:X1
EEEF 3342             (        forth.asm):02490 (4+1)           leau    2,u             Drop one cell from the user stack
EEF1 1FC1             (        forth.asm):02491 (4)             tfr     0,x
EEF3 103760           (        forth.asm):02492 (4)             cmpr    w,d
EEF6 2602             (        forth.asm):02493 (3)             bne     @eq1
EEF8 301F             (        forth.asm):02494 (4+1)           leax    -1,x            Return the ANSI true
EEFA AFC4             (        forth.asm):02495 (5+0)   @eq1    stx     ,u              Store in place to FLAG
EEFC 39               (        forth.asm):02496 (4)             rts
                      (        forth.asm):02497         
EEFD 02               (        forth.asm):02498         DIFF    fcb     2               ANSI (Core ext)
EEFE 3C3E             (        forth.asm):02499                 fcc     '<>'            ( N1 N2 -- FLAG )
EF00 EEE5             (        forth.asm):02500                 fdb     EQ
                      (        forth.asm):02501                 RFCS
EF02 BDEA1E           (        forth.asm):02502 (7)             jsr     MIN2PST         At least two cells need to be stacked up
EF05 10ECC4           (        forth.asm):02503 (8+0)           ldq     ,u              D:W has N2:N1
EF08 3342             (        forth.asm):02504 (4+1)           leau    2,u             Drop one cell from the user stack
EF0A 1FC1             (        forth.asm):02505 (4)             tfr     0,x
EF0C 103760           (        forth.asm):02506 (4)             cmpr    w,d
EF0F 2702             (        forth.asm):02507 (3)             beq     @diff1
EF11 301F             (        forth.asm):02508 (4+1)           leax    -1,x            Return the ANSI true
EF13 AFC4             (        forth.asm):02509 (5+0)   @diff1  stx     ,u              Store in place to FLAG
EF15 39               (        forth.asm):02510 (4)             rts
                      (        forth.asm):02511         
EF16 02               (        forth.asm):02512         SINFEQ  fcb     2               Non-standard (Not even ANSI!)
EF17 3C3D             (        forth.asm):02513                 fcc     '<='            Required for the ORNL fixed sieve benchmark
EF19 EEFD             (        forth.asm):02514                 fdb     DIFF
                      (        forth.asm):02515                 RFCS
EF1B BDEA1E           (        forth.asm):02516 (7)             jsr     MIN2PST         At least two cells need to be stacked up
EF1E 10AEC4           (        forth.asm):02517 (6+0)           ldy     ,u
EF21 AE42             (        forth.asm):02518 (5+1)           ldx     2,u
EF23 104F             (        forth.asm):02519 (2)             clrd
EF25 103721           (        forth.asm):02520 (4)             cmpr    y,x
EF28 2E02             (        forth.asm):02521 (3)             bgt     @sinfq1
EF2A 104A             (        forth.asm):02522 (2)             decd                    Return the ANSI true
EF2C 3342             (        forth.asm):02523 (4+1)   @sinfq1 leau    2,u             Drop one cell
EF2E EDC4             (        forth.asm):02524 (5+0)           std     ,u
EF30 39               (        forth.asm):02525 (4)             rts
                      (        forth.asm):02526         
                      (        forth.asm):02527                 IFNE    DEBUG
EF31                  (        forth.asm):02528         CC      fcb     2               Non-standard. Used for debugging
                      (        forth.asm):02529                 fcc     'CC'
                      (        forth.asm):02530                 fdb     SINFEQ
                      (        forth.asm):02531                 RFCS
                      (        forth.asm):02532                 ldx     CCREG
                      (        forth.asm):02533                 jmp     NPUSH
                      (        forth.asm):02534                 ENDC                    DEBUG
                      (        forth.asm):02535         
EF31 03               (        forth.asm):02536         XOR     fcb     3               ANSI (Core)
EF32 584F52           (        forth.asm):02537                 fcc     'XOR'           ( x1 x2 -- x3 )
                      (        forth.asm):02538                 IFNE    DEBUG
                      (        forth.asm):02539                 fdb     CC
                      (        forth.asm):02540                 ELSE
EF35 EF16             (        forth.asm):02541                 fdb     SINFEQ
                      (        forth.asm):02542                 ENDC                    DEBUG
                      (        forth.asm):02543                 RFCS
EF37 BDEA1E           (        forth.asm):02544 (7)             jsr     MIN2PST         At least two cells need to be stacked up
EF3A ECC4             (        forth.asm):02545 (5+0)           ldd     ,u              X2 to D
EF3C 10A642           (        forth.asm):02546 (6+1)           ldw     2,u             X1 to W
EF3F 103660           (        forth.asm):02547 (4)             eorr    w,d
EF42 3342             (        forth.asm):02548 (4+1)   XOR1    leau    2,u
EF44 EDC4             (        forth.asm):02549 (5+0)           std     ,u              X1 ^ X2 to X3
EF46 39               (        forth.asm):02550 (4)             rts
                      (        forth.asm):02551         
EF47 02               (        forth.asm):02552         OR      fcb     2               ANSI (Core)
EF48 4F52             (        forth.asm):02553                 fcc     'OR'            ( x1 x2 -- x3 )
EF4A EF31             (        forth.asm):02554                 fdb     XOR
                      (        forth.asm):02555                 RFCS
EF4C BDEA1E           (        forth.asm):02556 (7)             jsr     MIN2PST         At least two cells need to be stacked up
EF4F ECC4             (        forth.asm):02557 (5+0)           ldd     ,u              X2 to D
EF51 10A642           (        forth.asm):02558 (6+1)           ldw     2,u             X1 to W
EF54 103560           (        forth.asm):02559 (4)             orr     w,d
EF57 20E9             (        forth.asm):02560 (3)             bra     XOR1            X1 | X2 to X3
                      (        forth.asm):02561         
EF59 03               (        forth.asm):02562         AND     fcb     3               ANSI (Core)
EF5A 414E44           (        forth.asm):02563                 fcc     'AND'           ( x1 x2 -- x3 )
EF5D EF47             (        forth.asm):02564                 fdb     OR
                      (        forth.asm):02565                 RFCS
EF5F BDEA1E           (        forth.asm):02566 (7)             jsr     MIN2PST         At least two cells need to be stacked up
EF62 ECC4             (        forth.asm):02567 (5+0)           ldd     ,u              X2 to D
EF64 10A642           (        forth.asm):02568 (6+1)           ldw     2,u             X1 to W
EF67 103460           (        forth.asm):02569 (4)             andr    w,d
EF6A 20D6             (        forth.asm):02570 (3)             bra     XOR1            X1 & X2 to X3
                      (        forth.asm):02571         
EF6C 06               (        forth.asm):02572         INVERT  fcb     6               ANSI (Core)
EF6D 494E56455254     (        forth.asm):02573                 fcc     'INVERT'        ( x1 -- x2 )
EF73 EF59             (        forth.asm):02574                 fdb     AND
                      (        forth.asm):02575                 RFCS
EF75 BDE812           (        forth.asm):02576 (7)             jsr     NPOP            X1 to X
EF78 1F10             (        forth.asm):02577 (4)             tfr     x,d
EF7A 1043             (        forth.asm):02578 (2)             comd
EF7C 1F01             (        forth.asm):02579 (4)             tfr     d,x             X2 to X
EF7E 3610             (        forth.asm):02580                 UCNPUSH                 and to the data stack
EF80 39               (        forth.asm):02581 (4)             rts
                      (        forth.asm):02582         
EF81 02               (        forth.asm):02583         ZGREAT  fcb     2               ANSI (Core ext)
EF82 303E             (        forth.asm):02584                 fcc     '0>'
EF84 EF6C             (        forth.asm):02585                 fdb     INVERT
                      (        forth.asm):02586                 RFCS
EF86 BDE812           (        forth.asm):02587 (7)             jsr     NPOP
EF89 104F             (        forth.asm):02588 (2)             clrd                    ANSI false
EF8B 1037C1           (        forth.asm):02589 (4)             cmpr    0,x
EF8E 2F02             (        forth.asm):02590 (3)             ble     ZGRT1
EF90 104A             (        forth.asm):02591 (2)     ZGRT0   decd                    ANSI true
EF92 EDC3             (        forth.asm):02592 (5+2)   ZGRT1   std     ,--u            UCNPUSH from D
EF94 39               (        forth.asm):02593 (4)             rts
                      (        forth.asm):02594                 
EF95 02               (        forth.asm):02595         ZLESS   fcb     2               ANSI (Core)
EF96 303C             (        forth.asm):02596                 fcc     '0<'            ( n -- flag )
EF98 EF81             (        forth.asm):02597                 fdb     ZGREAT
                      (        forth.asm):02598                 RFCS
EF9A BDE812           (        forth.asm):02599 (7)             jsr     NPOP
EF9D 104F             (        forth.asm):02600 (2)             clrd                    ANSI false
EF9F 1037C1           (        forth.asm):02601 (4)             cmpr    0,x
EFA2 2CEE             (        forth.asm):02602 (3)             bge     ZGRT1
EFA4 20EA             (        forth.asm):02603 (3)             bra     ZGRT0           return ANSI true
                      (        forth.asm):02604         
EFA6 02               (        forth.asm):02605         NULP    fcb     2               ANSI (Core)
EFA7 303D             (        forth.asm):02606                 fcc     '0='            ( x -- flag )
EFA9 EF95             (        forth.asm):02607                 fdb     ZLESS
                      (        forth.asm):02608                 RFCS
EFAB BDE812           (        forth.asm):02609 (7)             jsr     NPOP
EFAE 104F             (        forth.asm):02610 (2)             clrd                    ANSI false
EFB0 1037C1           (        forth.asm):02611 (4)             cmpr    0,x
EFB3 26DD             (        forth.asm):02612 (3)             bne     ZGRT1
EFB5 20D9             (        forth.asm):02613 (3)             bra     ZGRT0           return ANSI true
                      (        forth.asm):02614         
EFB7 03               (        forth.asm):02615         ZNEQ    fcb     3               ANSI (Core ext)
EFB8 303C3E           (        forth.asm):02616                 fcc     '0<>'
EFBB EFA6             (        forth.asm):02617                 fdb     NULP
                      (        forth.asm):02618                 RFCS
EFBD 8DEC             (        forth.asm):02619                 RFXT    bsr,NULP+5
EFBF 20B4             (        forth.asm):02620                 RFXT    bra,INVERT+9
                      (        forth.asm):02621         
                      (        forth.asm):02622         * Maybe this one should go. It is not specified in the ANS94 reference
                      (        forth.asm):02623         * document but Conklin/Rather have it as "common usage."
EFC1 03               (        forth.asm):02624         NOT     fcb     3               79-STANDARD (REQ165)
EFC2 4E4F54           (        forth.asm):02625                 fcc     'NOT'
EFC5 EFB7             (        forth.asm):02626                 fdb     ZNEQ
                      (        forth.asm):02627                 RFCS
EFC7 20E2             (        forth.asm):02628                 RFXT    bra,NULP+5      XT for 0=
                      (        forth.asm):02629         
EFC9 02               (        forth.asm):02630         USUP    fcb     2               ANSI (Core Ext)
EFCA 553E             (        forth.asm):02631                 fcc     'U>'
EFCC EFC1             (        forth.asm):02632                 fdb     NOT
                      (        forth.asm):02633                 RFCS
EFCE BDE5A5           (        forth.asm):02634 (7)             jsr     CMP2
EFD1 2302             (        forth.asm):02635 (3)             bls     @usup1
EFD3 301F             (        forth.asm):02636 (4+1)           leax    -1,x            Return the ANSI true
EFD5 3610             (        forth.asm):02637         @usup1  UCNPUSH
EFD7 39               (        forth.asm):02638 (4)             rts
                      (        forth.asm):02639         
EFD8 02               (        forth.asm):02640         UINF    fcb     2               ANSI (Core)
EFD9 553C             (        forth.asm):02641                 fcc     'U<'            ( u1 u2 -- flag )
EFDB EFC9             (        forth.asm):02642                 fdb     USUP
                      (        forth.asm):02643                 RFCS
EFDD BDE5A5           (        forth.asm):02644 (7)             jsr     CMP2
EFE0 2402             (        forth.asm):02645 (3)             bhs     @uinf1          Z is set
EFE2 301F             (        forth.asm):02646 (4+1)           leax    -1,x            Return the ANSI true
EFE4 3610             (        forth.asm):02647         @uinf1  UCNPUSH
EFE6 39               (        forth.asm):02648 (4)             rts
                      (        forth.asm):02649         
EFE7 01               (        forth.asm):02650         SUP     fcb     1               ANSI (Core)
EFE8 3E               (        forth.asm):02651                 fcc     '>'             ( n1 n2 -- flag )
EFE9 EFD8             (        forth.asm):02652                 fdb     UINF
                      (        forth.asm):02653                 RFCS
EFEB BDE5A5           (        forth.asm):02654 (7)             jsr     CMP2
EFEE 2F02             (        forth.asm):02655 (3)             ble     @sup1
EFF0 301F             (        forth.asm):02656 (4+1)           leax    -1,x            Return the ANSI true
EFF2 3610             (        forth.asm):02657         @sup1   UCNPUSH
EFF4 39               (        forth.asm):02658 (4)             rts
                      (        forth.asm):02659         
EFF5 01               (        forth.asm):02660         INF     fcb     1               ANSI (Core)
EFF6 3C               (        forth.asm):02661                 fcc     '<'             ( n1 n2 -- flag )
EFF7 EFE7             (        forth.asm):02662                 fdb     SUP
                      (        forth.asm):02663                 RFCS
EFF9 BDE5A5           (        forth.asm):02664 (7)             jsr     CMP2
EFFC 2C02             (        forth.asm):02665 (3)             bge     @inf1
EFFE 301F             (        forth.asm):02666 (4+1)           leax    -1,x            Return the ANSI true
F000 3610             (        forth.asm):02667         @inf1   UCNPUSH
F002 39               (        forth.asm):02668 (4)             rts
                      (        forth.asm):02669         
F003 03               (        forth.asm):02670         MAX     fcb     3               ANSI (Core)
F004 4D4158           (        forth.asm):02671                 fcc     'MAX'           ( n1 n2 -- n3 )
F007 EFF5             (        forth.asm):02672                 fdb     INF
                      (        forth.asm):02673                 RFCS
F009 BDE812           (        forth.asm):02674 (7)             jsr     NPOP
F00C 1F12             (        forth.asm):02675 (4)             tfr     x,y             N2 to Y
F00E BDE812           (        forth.asm):02676 (7)             jsr     NPOP            N1 to X
F011 103721           (        forth.asm):02677 (4)             cmpr    y,x
F014 2C02             (        forth.asm):02678 (3)             bge     @pshrv1
F016 1F21             (        forth.asm):02679 (4)             tfr     y,x
F018 3610             (        forth.asm):02680         @pshrv1 UCNPUSH                 (X) N3 to the data stack
F01A 39               (        forth.asm):02681 (4)             rts
                      (        forth.asm):02682         
F01B 03               (        forth.asm):02683         MIN     fcb     3               ANSI (Core)
F01C 4D494E           (        forth.asm):02684                 fcc     'MIN'           ( n1 n2 -- n3 )
F01F F003             (        forth.asm):02685                 fdb     MAX
                      (        forth.asm):02686                 RFCS
F021 BDE812           (        forth.asm):02687 (7)             jsr     NPOP
F024 1F12             (        forth.asm):02688 (4)             tfr     x,y             N2 to Y
F026 BDE812           (        forth.asm):02689 (7)             jsr     NPOP            N1 to X
F029 103721           (        forth.asm):02690 (4)             cmpr    y,x
F02C 2F02             (        forth.asm):02691 (3)             ble     @pshrv2
F02E 1F21             (        forth.asm):02692 (4)             tfr     y,x
F030 3610             (        forth.asm):02693         @pshrv2 UCNPUSH                 (X) N3 to the data stack
F032 39               (        forth.asm):02694 (4)             rts
                      (        forth.asm):02695         
F033 03               (        forth.asm):02696         ABS     fcb     3               ANSI (Core)
F034 414253           (        forth.asm):02697                 fcc     'ABS'           ( n -- u )
F037 F01B             (        forth.asm):02698                 fdb     MIN
                      (        forth.asm):02699                 RFCS
F039 BDE812           (        forth.asm):02700 (7)             jsr     NPOP
F03C 1F10             (        forth.asm):02701 (4)             tfr     x,d             N to D
F03E 104D             (        forth.asm):02702 (2)             tstd
F040 2A04             (        forth.asm):02703 (3)             bpl     @abs1
F042 1040             (        forth.asm):02704 (2)             negd
F044 1F01             (        forth.asm):02705 (4)             tfr     d,x
F046 3610             (        forth.asm):02706         @abs1   UCNPUSH                 X to U
F048 39               (        forth.asm):02707 (4)             rts
                      (        forth.asm):02708         
F049 06               (        forth.asm):02709         NEGATE  fcb     6               ANSI (Core)
F04A 4E4547415445     (        forth.asm):02710                 fcc     'NEGATE'        ( n1 -- n2 )
F050 F033             (        forth.asm):02711                 fdb     ABS
                      (        forth.asm):02712                 RFCS
F052 BDEA19           (        forth.asm):02713 (7)             jsr     MIN1PST         At least one cell needs to be stacked up
F055 ECC4             (        forth.asm):02714 (5+0)           ldd     ,u
F057 1040             (        forth.asm):02715 (2)             negd
F059 EDC4             (        forth.asm):02716 (5+0)           std     ,u
F05B 39               (        forth.asm):02717 (4)             rts
                      (        forth.asm):02718         
                      (        forth.asm):02719         * hForth prototyping code below:
                      (        forth.asm):02720         * : BEGIN HERE 0 bal+ ; IMMEDIATE RESTRICT
F05C C5               (        forth.asm):02721         BEGIN   fcb     $C5             ANSI (Core)
F05D 424547494E       (        forth.asm):02722                 fcc     'BEGIN'         Comp: ( C: -- dest )
F062 F049             (        forth.asm):02723                 fdb     NEGATE          Exec: ( -- )
                      (        forth.asm):02724                 RFCS
F064 0C3D             (        forth.asm):02725 (5)             inc     BALNCD
F066 9E10             (        forth.asm):02726 (4)             ldx     DICEND          HERE is ANS:dest/addr
F068 BDE85E           (        forth.asm):02727 (7)             jsr     CPUSH           to the control flow stack
F06B 1FC1             (        forth.asm):02728 (4)             tfr     0,x             ANS:dest/type is zero
F06D 7EE85E           (        forth.asm):02729 (3)             jmp     CPUSH           to the control flow stack
                      (        forth.asm):02730         
                      (        forth.asm):02731         * hForth prototyping code below:
                      (        forth.asm):02732         * : AGAIN ABORT" Unbalanced BEGIN/AGAIN construct"
                      (        forth.asm):02733         *   branch , bal- ; IMMEDIATE RESTRICT
F070 C5               (        forth.asm):02734         AGAIN   fcb     $C5             ANSI (Core ext)
F071 414741494E       (        forth.asm):02735                 fcc     'AGAIN'         Comp: ( C: dest -- )
F076 F05C             (        forth.asm):02736                 fdb     BEGIN           Exec: ( -- )
                      (        forth.asm):02737                 RFCS
F078 BDE875           (        forth.asm):02738 (7)             jsr     CPOP            ANS:dest/type to X (CC is set)
F07B 1026F810         (        forth.asm):02739 (5)             lbne    BALERR          type must be zero
F07F BDE875           (        forth.asm):02740 (7)             jsr     CPOP            ANS:dest/addr to X
F082 109E10           (        forth.asm):02741 (5)             ldy     DICEND
F085 109F1C           (        forth.asm):02742 (5)             sty     JSRLAST
F088 867E             (        forth.asm):02743 (2)     AGAIN1  lda     #JMPOPC         JMP extended
F08A BDE5A0           (        forth.asm):02744 (7)             jsr     VARCON2
F08D 109F10           (        forth.asm):02745 (5)             sty     DICEND
F090 0A3D             (        forth.asm):02746 (5)             dec     BALNCD
                      (        forth.asm):02747                 IFNE    MCCABE
                      (        forth.asm):02748                 inc     CYCLO           Update MCC counter
                      (        forth.asm):02749                 ENDC                    MCCABE
F092 39               (        forth.asm):02750 (4)             rts
                      (        forth.asm):02751         
                      (        forth.asm):02752         * The standard does not require this as being immediate but I do.
F093 C4               (        forth.asm):02753         EXIT    fcb     $C4             ANSI (Core)
F094 45584954         (        forth.asm):02754                 fcc     'EXIT'          ( -- )
F098 F070             (        forth.asm):02755                 fdb     AGAIN
                      (        forth.asm):02756                 RFCS
F09A 9E10             (        forth.asm):02757 (4)             ldx     DICEND
F09C 301D             (        forth.asm):02758 (4+1)           leax    -3,x
F09E 109E1C           (        forth.asm):02759 (5)             ldy     JSRLAST
F0A1 103721           (        forth.asm):02760 (4)             cmpr    y,x
F0A4 2605             (        forth.asm):02761 (3)             bne     @noopt          Tail JMP optimization is not possible
F0A6 867E             (        forth.asm):02762 (2)             lda     #JMPOPC         JMP extended
F0A8 A784             (        forth.asm):02763 (4+0)           sta     ,x
F0AA 39               (        forth.asm):02764 (4)             rts
F0AB 3003             (        forth.asm):02765 (4+1)   @noopt  leax    3,x             Point back to HERE
F0AD 8639             (        forth.asm):02766 (2)             lda     #RTSOPC         RTS inherent
F0AF A780             (        forth.asm):02767 (4+1)           sta     ,x+
F0B1 9F10             (        forth.asm):02768 (4)             stx     DICEND
F0B3 39               (        forth.asm):02769 (4)             rts
                      (        forth.asm):02770         
                      (        forth.asm):02771         * hForth prototyping code below:
                      (        forth.asm):02772         * : UNTIL ABORT" Unbalanced BEGIN/UNTIL construct"
                      (        forth.asm):02773         *   0branch , bal- ; IMMEDIATE RESTRICT
F0B4 C5               (        forth.asm):02774         UNTIL   fcb     $C5             ANSI (Core)
F0B5 554E54494C       (        forth.asm):02775                 fcc     'UNTIL'         Comp: ( C: dest -- )
F0BA F093             (        forth.asm):02776                 fdb     EXIT            Exec: (x -- )
                      (        forth.asm):02777                 RFCS
F0BC BDE875           (        forth.asm):02778 (7)             jsr     CPOP            ANS:dest/type to X (CC is set)
F0BF 1026F7CC         (        forth.asm):02779 (5)             lbne    BALERR          type must be zero
F0C3 8EE812           (        forth.asm):02780 (3)             ldx     #NPOP
F0C6 BDE158           (        forth.asm):02781 (7)             jsr     EMXASXT         Compile "JSR NPOP"
F0C9 8E2603           (        forth.asm):02782 (3)             ldx     #BNEOPC         Compile "BNE *+5"
F0CC AFA1             (        forth.asm):02783 (5+2)           stx     ,y++
F0CE BDE875           (        forth.asm):02784 (7)             jsr     CPOP            ANS:dest/addr to X
F0D1 20B5             (        forth.asm):02785 (3)             bra     AGAIN1
                      (        forth.asm):02786         
                      (        forth.asm):02787         * hForth prototyping code below:
                      (        forth.asm):02788         * : WHILE POSTPONE IF 2SWAP ; RESTRICT IMMEDIATE
F0D3 C5               (        forth.asm):02789         WHILE   fcb     $C5             ANSI (Core)
F0D4 5748494C45       (        forth.asm):02790                 fcc     'WHILE'         Comp: ( C: dest -- orig dest )
F0D9 F0B4             (        forth.asm):02791                 fdb     UNTIL           Exec: ( x -- )
                      (        forth.asm):02792                 RFCS
F0DB BDEE87           (        forth.asm):02793                 RFXT    jsr,IF+5
                      (        forth.asm):02794         * We just cannot be that brutal with a dedicated control flow stack!
                      (        forth.asm):02795         *       RFXT    jmp,TWOSWAP+8   This should be read as "1 CS-ROLL"
F0DE 7EEEA6           (        forth.asm):02796 (3)             jmp     CSROL1
                      (        forth.asm):02797         
                      (        forth.asm):02798         * hForth prototyping code below:
                      (        forth.asm):02799         * : REPEAT POSTPONE AGAIN POSTPONE THEN ; RESTRICT IMMEDIATE
F0E1 C6               (        forth.asm):02800         REPEAT  fcb     $C6             ANSI (Core)
F0E2 524550454154     (        forth.asm):02801                 fcc     'REPEAT'        Comp: ( C: orig dest -- )
F0E8 F0D3             (        forth.asm):02802                 fdb     WHILE           Exec: ( -- )
                      (        forth.asm):02803                 RFCS
F0EA 8D8C             (        forth.asm):02804                 RFXT    bsr,AGAIN+8
F0EC 7EEECD           (        forth.asm):02805                 RFXT    jmp,THEN+7
                      (        forth.asm):02806         
F0EF 02               (        forth.asm):02807         RFROM   fcb     $2              ANSI (Core) -- unrestricted
F0F0 523E             (        forth.asm):02808                 fcc     'R>'            ( -- x ) ( R:  x -- )
F0F2 F0E1             (        forth.asm):02809                 fdb     REPEAT
                      (        forth.asm):02810                 RFCS
F0F4 BDE846           (        forth.asm):02811 (7)             jsr     RPOP
F0F7 7EE803           (        forth.asm):02812 (3)             jmp     NPUSH
                      (        forth.asm):02813         
F0FA 02               (        forth.asm):02814         TOR     fcb     $2              ANSI (Core) -- unrestricted
F0FB 3E52             (        forth.asm):02815                 fcc     '>R'            ( x -- ) ( R:  -- x )
F0FD F0EF             (        forth.asm):02816                 fdb     RFROM
                      (        forth.asm):02817                 RFCS
F0FF BDE812           (        forth.asm):02818 (7)             jsr     NPOP
F102 7EE82B           (        forth.asm):02819 (3)             jmp     RPUSH
                      (        forth.asm):02820         
                      (        forth.asm):02821         * hForth prototyping code below:
                      (        forth.asm):02822         * : LEAVE POSTPONE UNLOOP POSTPONE branch
                      (        forth.asm):02823         *   HERE rakeVar DUP @ , ! ; IMMEDIATE RESTRICT
                      (        forth.asm):02824         * rakeVar points to the head of a linked list of forward references to
                      (        forth.asm):02825         * be resolved later by LOOP/+LOOP.
F105 C5               (        forth.asm):02826         LEAVE   fcb     $C5             ANSI (Core)
F106 4C45415645       (        forth.asm):02827                 fcc     'LEAVE'         Exec: ( -- ) ( R: loop-sys -- )
F10B F0FA             (        forth.asm):02828                 fdb     TOR
                      (        forth.asm):02829                 RFCS
F10D 8EEE5B           (        forth.asm):02830                 RFXT    ldx,#UNLOOP+9
F110 BDE158           (        forth.asm):02831 (7)             jsr     EMXASXT         POSTPONE UNLOOP
F113 867E             (        forth.asm):02832 (2)             lda     #JMPOPC
F115 A7A0             (        forth.asm):02833 (4+1)           sta     ,y+             POSTPONE branch
F117 1F21             (        forth.asm):02834 (4)             tfr     y,x             save HERE (fwd ref. to be resolved by LOOP)
F119 DC20             (        forth.asm):02835 (4)             ldd     RAKEVAR
F11B EDA1             (        forth.asm):02836 (5+2)           std     ,y++            rakeVar @ ,
F11D 9F20             (        forth.asm):02837 (4)             stx     RAKEVAR         HERE rakeVar !
F11F 109F10           (        forth.asm):02838 (5)             sty     DICEND          Update HERE
F122 39               (        forth.asm):02839 (4)             rts
                      (        forth.asm):02840         
F123 01               (        forth.asm):02841         INDI    fcb     $1              ANSI (Core) -- unrestricted
F124 49               (        forth.asm):02842                 fcc     'I'             ( -- n|u ) ( R:  loop-sys -- loop-sys )
F125 F105             (        forth.asm):02843                 fdb     LEAVE
                      (        forth.asm):02844                 RFCS
F127 104F             (        forth.asm):02845 (2)             clrd
F129 3406             (        forth.asm):02846 (4+2)   RPICKN  pshs    d
F12B BDE823           (        forth.asm):02847 (7)             jsr     EVRDPTH         RDEPTH in cells to D
F12E 10A3E4           (        forth.asm):02848 (6+0)           cmpd    ,s
F131 230B             (        forth.asm):02849 (3)             bls     @rpick1
F133 3506             (        forth.asm):02850 (4+2)           puls    d
F135 9E00             (        forth.asm):02851 (4)             ldx     RSP
F137 1048             (        forth.asm):02852 (2)             lsld                    Cell count to byte count
F139 AE8B             (        forth.asm):02853 (5+2)           ldx     d,x
F13B 7EE803           (        forth.asm):02854 (3)             jmp     NPUSH           We cannot use UCNPUSH here
F13E 3506             (        forth.asm):02855 (4+2)   @rpick1 puls    d
F140 C6FA             (        forth.asm):02856 (2)             ldb     #ERSUDF         Return stack underflow
F142 BDEA60           (        forth.asm):02857 (7)             jsr     SYSTHR8         No return
                      (        forth.asm):02858         
F145 02               (        forth.asm):02859         RFETCH  fcb     $2              ANSI (Core) -- unrestricted
F146 5240             (        forth.asm):02860                 fcc     'R@'            ( -- x ) ( R:  x -- x )
F148 F123             (        forth.asm):02861                 fdb     INDI
                      (        forth.asm):02862                 RFCS
F14A 20DB             (        forth.asm):02863                 RFXT    bra,INDI+4      XT for I
                      (        forth.asm):02864         
F14C 02               (        forth.asm):02865         INDIP   fcb     $2              79-STANDARD (REF) -- unrestricted
F14D 4927             (        forth.asm):02866                 fdb     $4927
F14F F145             (        forth.asm):02867                 fdb     RFETCH
                      (        forth.asm):02868                 RFCS
F151 CC0001           (        forth.asm):02869 (3)             ldd     #1
F154 20D3             (        forth.asm):02870 (3)             bra     RPICKN
                      (        forth.asm):02871         
F156 01               (        forth.asm):02872         INDJ    fcb     $1              ANSI (Core) -- unrestricted
F157 4A               (        forth.asm):02873                 fcc     'J'             Exec: ( -- n|u ) ( R: lsy1 lsy2 -- lsy1 lsy2 )
F158 F14C             (        forth.asm):02874                 fdb     INDIP
                      (        forth.asm):02875                 RFCS
F15A CC0002           (        forth.asm):02876 (3)             ldd     #2
F15D 20CA             (        forth.asm):02877 (3)             bra     RPICKN
                      (        forth.asm):02878         
F15F 02               (        forth.asm):02879         INDJP   fcb     $2              Non-standard -- unrestricted
F160 4A27             (        forth.asm):02880                 fdb     $4A27
F162 F156             (        forth.asm):02881                 fdb     INDJ
                      (        forth.asm):02882                 RFCS
F164 CC0003           (        forth.asm):02883 (3)             ldd     #3
F167 20C0             (        forth.asm):02884 (3)             bra     RPICKN
                      (        forth.asm):02885         
F169 01               (        forth.asm):02886         INDK    fcb     $1              79-STANDARD (REF) -- unrestricted
F16A 4B               (        forth.asm):02887                 fcc     'K'
F16B F15F             (        forth.asm):02888                 fdb     INDJP
                      (        forth.asm):02889                 RFCS
F16D CC0004           (        forth.asm):02890 (3)             ldd     #4
F170 20B7             (        forth.asm):02891 (3)             bra     RPICKN
                      (        forth.asm):02892         
F172 04               (        forth.asm):02893         QUIT    fcb     4               ANSI (Core)
F173 51554954         (        forth.asm):02894                 fcc     'QUIT'          ( -- )  ( R:  i*x -- )
F177 F169             (        forth.asm):02895                 fdb     INDK
                      (        forth.asm):02896                 RFCS
F179 10CE8000         (        forth.asm):02897 (4)             lds     #RAMSTRT+RAMSIZE Reset the system stack pointer
F17D 0F2D             (        forth.asm):02898 (5)             clr     USTATE+1
F17F BDE356           (        forth.asm):02899 (7)             jsr     RCLR            Clear the return stack
F182 BDE300           (        forth.asm):02900 (7)             jsr     PUTCR
F185 7EE0B8           (        forth.asm):02901 (3)             jmp     INTERP
                      (        forth.asm):02902         
F188 05               (        forth.asm):02903         ABORT   fcb     5               ANSI (Core)
F189 41424F5254       (        forth.asm):02904                 fcc     'ABORT'         ( i*x -- ) ( R: j*x -- )
                      (        forth.asm):02905         * The stacks are cleared only if the exception is not caught...
F18E F172             (        forth.asm):02906                 fdb     QUIT
                      (        forth.asm):02907                 RFCS
F190 C6FF             (        forth.asm):02908 (2)             ldb     #EABORT         User ABORT
F192 BDEA60           (        forth.asm):02909 (7)             jsr     SYSTHR8         No return
                      (        forth.asm):02910         
                      (        forth.asm):02911         * Implementation notes: GNU Forth, VFX and SwiftForth all report "invalid
                      (        forth.asm):02912         * memory address" for "0 FIND". Also the counted string at c-addr is not
                      (        forth.asm):02913         * scanned for leading spaces. If the counted string byte count is zero, the
                      (        forth.asm):02914         * string will be not found and the dictionary not searched at all.
F195 04               (        forth.asm):02915         FIND    fcb     4               ANSI (Core)
F196 46494E44         (        forth.asm):02916                 fcc     'FIND'          ( c-addr -- c-addr 0  |  xt 1  |  xt -1 )
F19A F188             (        forth.asm):02917                 fdb     ABORT
                      (        forth.asm):02918                 RFCS
F19C BDEA19           (        forth.asm):02919 (7)             jsr     MIN1PST
F19F AEC4             (        forth.asm):02920 (5+0)           ldx     ,u              TOS to X (Arg <c-addr>)
F1A1 2605             (        forth.asm):02921 (3)             bne     @afind1
F1A3 C6F7             (        forth.asm):02922 (2)             ldb     #ESSEGV         Illegal argument
F1A5 BDEA60           (        forth.asm):02923 (7)             jsr     SYSTHR8         No return
F1A8 6D84             (        forth.asm):02924 (5+0)   @afind1 tst     ,x
F1AA 2605             (        forth.asm):02925 (3)             bne     @afind3         Character count is NZ, proceed
F1AC 1FC1             (        forth.asm):02926 (4)     @afind2 tfr     0,x             Word not found
F1AE 7EE803           (        forth.asm):02927 (3)             jmp     NPUSH
F1B1 DC0A             (        forth.asm):02928 (4)     @afind3 ldd     TOKENSP
F1B3 3406             (        forth.asm):02929 (4+2)           pshs    d               Save TOKENSP to the system stack
F1B5 E680             (        forth.asm):02930 (4+1)           ldb     ,x+
F1B7 D749             (        forth.asm):02931 (3)             stb     CURTOKL
F1B9 9F0A             (        forth.asm):02932 (4)             stx     TOKENSP
F1BB BDE4C5           (        forth.asm):02933 (7)             jsr     SWDIC1
F1BE DC16             (        forth.asm):02934 (4)             ldd     PLOAD           Retrieve word payload
F1C0 DD18             (        forth.asm):02935 (4)             std     FNDPLD          Make it accessible through PAYLOAD
F1C2 3506             (        forth.asm):02936 (4+2)           puls    d
F1C4 DD0A             (        forth.asm):02937 (4)             std     TOKENSP         Restore TOKENSP from the system stack
                      (        forth.asm):02938         * If the word is not found, Y is 0 and we ought to branch back to that context.
F1C6 1037C2           (        forth.asm):02939 (4)             cmpr    0,y
F1C9 27E1             (        forth.asm):02940 (3)             beq     @afind2
                      (        forth.asm):02941         * Word was found, push the corresponding XT (in Y) to the data stack (in place).
F1CB 10AFC4           (        forth.asm):02942 (6+0)           sty     ,u
F1CE 8EFFFF           (        forth.asm):02943 (3)             ldx     #-1             Assume non-immediate
F1D1 0D4B             (        forth.asm):02944 (4)             tst     IMDFLG
F1D3 2702             (        forth.asm):02945 (3)             beq     @afind4
F1D5 3002             (        forth.asm):02946 (4+1)           leax    2,x             #1 to X
F1D7 7EE803           (        forth.asm):02947 (3)     @afind4 jmp     NPUSH
                      (        forth.asm):02948         
F1DA 01               (        forth.asm):02949         RBRACK  fcb     1               ANSI (Core)
F1DB 5D               (        forth.asm):02950                 fcc     ']'             ( -- )
F1DC F195             (        forth.asm):02951                 fdb     FIND
                      (        forth.asm):02952                 RFCS
F1DE 86FF             (        forth.asm):02953 (2)             lda     #-1
F1E0 972D             (        forth.asm):02954 (3)     RBRACK1 sta     USTATE+1
F1E2 39               (        forth.asm):02955 (4)             rts
                      (        forth.asm):02956         
                      (        forth.asm):02957         * Note: the standard does not mandate that this primitive be executed in
                      (        forth.asm):02958         * definitions only. IMHO, it ought to, therefore I am forcing the C bit here.
F1E3 C1               (        forth.asm):02959         LBRACK  fcb     $C1             ANSI (Core)
F1E4 5B               (        forth.asm):02960                 fcc     '['             ( -- )
F1E5 F1DA             (        forth.asm):02961                 fdb     RBRACK
                      (        forth.asm):02962                 RFCS
F1E7 4F               (        forth.asm):02963 (1)             clra
F1E8 20F6             (        forth.asm):02964 (3)             bra     RBRACK1
                      (        forth.asm):02965         
                      (        forth.asm):02966         * There is a little extra complexity here because the standard requires
                      (        forth.asm):02967         * an error condition to be triggered if the word is not found.
F1EA 01               (        forth.asm):02968         TICK    fcb     1               ANSI (Core)
F1EB 27               (        forth.asm):02969                 fcb     $27             ( "<spaces>name" -- xt )
F1EC F1E3             (        forth.asm):02970                 fdb     LBRACK
                      (        forth.asm):02971                 RFCS
F1EE BDF76A           (        forth.asm):02972                 RFXT    jsr,BL+5
F1F1 BDF377           (        forth.asm):02973                 RFXT    jsr,WORD+7      S: counted-string-addr (possibly NUL)
F1F4 8DA6             (        forth.asm):02974                 RFXT    bsr,FIND+7
                      (        forth.asm):02975         * We have two cells returned by the ANS94 FIND on the data stack.
F1F6 ECC4             (        forth.asm):02976 (5+0)           ldd     ,u              TOS to D (ANS94 FIND flag)
F1F8 2703             (        forth.asm):02977 (3)             beq     @nfound         Target word was not found
F1FA 3342             (        forth.asm):02978 (4+1)           leau    2,u             Drop the flag and return the XT
F1FC 39               (        forth.asm):02979 (4)             rts
F1FD 3344             (        forth.asm):02980 (4+1)   @nfound leau    4,u             2DROP
F1FF 9E0A             (        forth.asm):02981 (4)             ldx     TOKENSP
F201 BDE3A4           (        forth.asm):02982 (7)             jsr     SCNSTOK         Needed to skip leading spaces
F204 2605             (        forth.asm):02983 (3)             bne     @undef
F206 C6F0             (        forth.asm):02984 (2)             ldb     #ENONAM         End of input stream encountered
F208 BDEA60           (        forth.asm):02985 (7)             jsr     SYSTHR8
F20B C6F3             (        forth.asm):02986 (2)     @undef  ldb     #EUNDEF         Word not found
F20D BDEA60           (        forth.asm):02987 (7)             jsr     SYSTHR8         No return
F210 12               (        forth.asm):02988 (1)             nop
                      (        forth.asm):02989         
                      (        forth.asm):02990         * Functionally: : ['] ' POSTPONE LITERAL ; IMMEDIATE RESTRICT
F211 C3               (        forth.asm):02991         BKQUOT  fcb     $C3             ANSI (Core)
F212 5B275D           (        forth.asm):02992                 fcb     $5B,$27,$5D     Comp: ( "<spaces>name" -- )
F215 F1EA             (        forth.asm):02993                 fdb     TICK            Exec: ( -- xt )
                      (        forth.asm):02994                 RFCS
F217 8DD5             (        forth.asm):02995                 RFXT    bsr,TICK+4      XT for '
                      (        forth.asm):02996         * Data stack topmost cell has the target word address.
F219 7EECD9           (        forth.asm):02997                 RFXT    jmp,LITERAL+10  XT for LITERAL
                      (        forth.asm):02998         
F21C C8               (        forth.asm):02999         POSTPON fcb     $C8             ANSI (Core) Not a straight alias to [COMPILE]
F21D 504F5354504F4E45 (        forth.asm):03000                 fcc     'POSTPONE'      ( "<spaces>name" -- )
F225 F211             (        forth.asm):03001                 fdb     BKQUOT          Non-immediate words deserve special treatment
                      (        forth.asm):03002                 RFCS
F227 BDE8C9           (        forth.asm):03003 (7)             jsr     BKIN2PT         Derive X from BLK, >IN
F22A BDE3A4           (        forth.asm):03004 (7)             jsr     SCNSTOK
F22D 2605             (        forth.asm):03005 (3)             bne     @postp1
F22F C6F0             (        forth.asm):03006 (2)             ldb     #ENONAM         Missing word name
F231 BDEA60           (        forth.asm):03007 (7)             jsr     SYSTHR8         No return
F234 BDE4C0           (        forth.asm):03008 (7)     @postp1 jsr     SWDIC
F237 2607             (        forth.asm):03009 (3)             bne     @postp2         Word found. Code address returned in Y
F239 9E0A             (        forth.asm):03010 (4)             ldx     TOKENSP
F23B C6F3             (        forth.asm):03011 (2)             ldb     #EUNDEF         Undefined (X points to the offending word)
F23D BDEA60           (        forth.asm):03012 (7)             jsr     SYSTHR8         No return
F240 1F21             (        forth.asm):03013 (4)     @postp2 tfr     y,x             X has the actual execution token
F242 0D4B             (        forth.asm):03014 (4)             tst     IMDFLG
F244 2708             (        forth.asm):03015 (3)             beq     @postp4         Target word is not immediate
F246 BDE158           (        forth.asm):03016 (7)     @postp3 jsr     EMXASXT         Set as action component
F249 DC0A             (        forth.asm):03017 (4)             ldd     TOKENSP         Updated by SWDIC if the word was found
F24B 7EE167           (        forth.asm):03018 (3)             jmp     U2INFRD         Derive >IN from D
                      (        forth.asm):03019         * The word being considered is non-immediate. The equivalent input should be:
                      (        forth.asm):03020         * ['] <word> COMPILE, We have the XT for <word> in X.
F24E BDE589           (        forth.asm):03021 (7)     @postp4 jsr     LITER
F251 8EF261           (        forth.asm):03022                 RFXT    ldx,#CMPCOMA+11 XT for COMPILE,
F254 20F0             (        forth.asm):03023 (3)             bra     @postp3
                      (        forth.asm):03024         
                      (        forth.asm):03025         * GNU Forth has this as non-immediate so I am going for it as well.
                      (        forth.asm):03026         * It's also unrestricted.
F256 08               (        forth.asm):03027         CMPCOMA fcb     $8              ANSI (Core Ext)
F257 434F4D50494C452C (        forth.asm):03028                 fcc     'COMPILE,'      ( XT -- )
F25F F21C             (        forth.asm):03029                 fdb     POSTPON
                      (        forth.asm):03030                 RFCS
F261 BDE812           (        forth.asm):03031 (7)             jsr     NPOP            Execution token to X
F264 7EE158           (        forth.asm):03032 (3)             jmp     EMXASXT
                      (        forth.asm):03033         
                      (        forth.asm):03034         * As per the standard, : is not immediate. This allows for further interesting
                      (        forth.asm):03035         * developments, like tracing words execution...
F267 01               (        forth.asm):03036         COMPC   fcb     $1              ANSI (Core)
F268 3A               (        forth.asm):03037                 fcc     ':'             Comp: ( "<spaces>name" -- )
F269 F256             (        forth.asm):03038                 fdb     CMPCOMA
                      (        forth.asm):03039                 RFCS
F26B 0F3C             (        forth.asm):03040 (5)             clr     ANCMPF
F26D CCFFFF           (        forth.asm):03041 (3)     COMPC1  ldd     #-1
F270 972D             (        forth.asm):03042 (3)             sta     USTATE+1
F272 1043             (        forth.asm):03043 (2)             comd                    0 to D
F274 973D             (        forth.asm):03044 (3)             sta     BALNCD
                      (        forth.asm):03045                 IFNE    MCCABE
                      (        forth.asm):03046                 sta     CYCLO           Initialize cyclomatic complexity counter
                      (        forth.asm):03047                 ENDC                    MCCABE
F276 DD1C             (        forth.asm):03048 (4)             std     JSRLAST
F278 DD1E             (        forth.asm):03049 (4)             std     FWDREF
F27A 0D3C             (        forth.asm):03050 (4)             tst     ANCMPF          Anonymous compilation?
F27C 2603             (        forth.asm):03051 (3)             bne     @isanon         Skip header creation if coming from :NONAME
F27E 7EE52E           (        forth.asm):03052 (3)             jmp     LOCWRT
F281 9E10             (        forth.asm):03053 (4)     @isanon ldx     DICEND
F283 9F14             (        forth.asm):03054 (4)             stx     BDICEND         Backup HERE
F285 9F1A             (        forth.asm):03055 (4)             stx     RECADDR         Should RECURSE by used by a :NONAME definition
F287 39               (        forth.asm):03056 (4)             rts
                      (        forth.asm):03057         
F288 07               (        forth.asm):03058         NONAME  fcb     $7              ANSI (Core ext)
F289 3A4E4F4E414D45   (        forth.asm):03059                 fcc     ':NONAME'
F290 F267             (        forth.asm):03060                 fdb     COMPC
                      (        forth.asm):03061                 RFCS
F292 8601             (        forth.asm):03062 (2)             lda     #1
F294 973C             (        forth.asm):03063 (3)             sta     ANCMPF          Set the anonymous compilation flag
F296 20D5             (        forth.asm):03064 (3)             bra     COMPC1
                      (        forth.asm):03065         
                      (        forth.asm):03066         * Tail call optimization notes:
                      (        forth.asm):03067         * 1: if JSRLAST is 0, emit an RTS, the end.
                      (        forth.asm):03068         * 2: if FWDREF == HERE, emit an RTS, the end.
                      (        forth.asm):03069         * 3: if HERE - 3 == JSRLAST: replace JSR by a JMP else emit an RTS.
                      (        forth.asm):03070         * The end means finalize with DEBUG code and an update of HERE (DICEND).
F298 C1               (        forth.asm):03071         COMPR   fcb     $C1             ANSI (Core)
F299 3B               (        forth.asm):03072                 fcc     ';'
F29A F288             (        forth.asm):03073                 fdb     NONAME
                      (        forth.asm):03074                 RFCS
F29C BDE88A           (        forth.asm):03075 (7)             jsr     BALCHK          Check for unbalanced constructs
F29F 0F2D             (        forth.asm):03076 (5)             clr     USTATE+1        Back to interpretation mode
                      (        forth.asm):03077         * Do not restore LSTWAD if we came from :NONAME.
F2A1 9E14             (        forth.asm):03078 (4)             ldx     BDICEND         Xreg has HERE when : or :NONAME was called
F2A3 0D3C             (        forth.asm):03079 (4)             tst     ANCMPF
F2A5 2604             (        forth.asm):03080 (3)             bne     @wasano
F2A7 9F0E             (        forth.asm):03081 (4)             stx     LSTWAD          Update LAST
F2A9 2005             (        forth.asm):03082 (3)             bra     @cont
F2AB 0F3C             (        forth.asm):03083 (5)     @wasano clr     ANCMPF
F2AD BDE803           (        forth.asm):03084 (7)             jsr     NPUSH           Anonynous execution token to the data stack
F2B0 9E10             (        forth.asm):03085 (4)     @cont   ldx     DICEND          HERE to Xreg
F2B2 DC1C             (        forth.asm):03086 (4)             ldd     JSRLAST
F2B4 271D             (        forth.asm):03087 (3)             beq     @rtsreq         Case #1 applies
F2B6 109E1E           (        forth.asm):03088 (5)             ldy     FWDREF
F2B9 103712           (        forth.asm):03089 (4)             cmpr    x,y
F2BC 2715             (        forth.asm):03090 (3)             beq     @rtsreq         Case #2 applies
                      (        forth.asm):03091         * Optimization: replace the last JSR by a JMP, if possible.
F2BE 311D             (        forth.asm):03092 (4+1)           leay    -3,x            Yreg has HERE - 3, Dreg has JSRLAST
F2C0 103702           (        forth.asm):03093 (4)             cmpr    d,y
F2C3 260E             (        forth.asm):03094 (3)             bne     @rtsreq
F2C5 EC21             (        forth.asm):03095 (5+1)           ldd     1,y             Address of the last word called
F2C7 1083EAAC         (        forth.asm):03096                 RFXT    cmpd,#CATCH+8   Observability: we definitely do
F2CB 2706             (        forth.asm):03097 (3)             beq     @rtsreq         not want CATCH to be terminal
                      (        forth.asm):03098         * Tail call optimization applies (Case #3).
F2CD 867E             (        forth.asm):03099 (2)             lda     #JMPOPC
F2CF A7A4             (        forth.asm):03100 (4+0)           sta     ,y
F2D1 2004             (        forth.asm):03101 (3)             bra     @finalz
F2D3 8639             (        forth.asm):03102 (2)     @rtsreq lda     #RTSOPC         RTS inherent
F2D5 A780             (        forth.asm):03103 (4+1)           sta     ,x+
F2D7 9F10             (        forth.asm):03104 (4)     @finalz stx     DICEND          Update HERE
                      (        forth.asm):03105                 IFNE    RELFEAT
                      (        forth.asm):03106                 RFXT    jsr,MONITOR+10  XT for MONITOR. All : words are candidates
                      (        forth.asm):03107         *                               for integrity check by ICHECK.
                      (        forth.asm):03108                 ENDC                    RELFEAT
F2D9 39               (        forth.asm):03109 (4)             rts
                      (        forth.asm):03110         
F2DA C7               (        forth.asm):03111         RECURSE fcb     $C7             ANSI (Core)
F2DB 52454355525345   (        forth.asm):03112                 fcc     'RECURSE'       ( -- )
F2E2 F298             (        forth.asm):03113                 fdb     COMPR
                      (        forth.asm):03114                 RFCS
F2E4 9E1A             (        forth.asm):03115 (4)             ldx     RECADDR         Set up by LOCWRT
F2E6 7EE158           (        forth.asm):03116 (3)             jmp     EMXASXT         Set as action component
                      (        forth.asm):03117         
F2E9 06               (        forth.asm):03118         MARKER  fcb     6               ANSI (Tools ext)
F2EA 4D41524B4552     (        forth.asm):03119                 fcc     'MARKER'
F2F0 F2DA             (        forth.asm):03120                 fdb     RECURSE
                      (        forth.asm):03121                 RFCS
F2F2 109E10           (        forth.asm):03122 (5)             ldy     DICEND          HERE
F2F5 9E0E             (        forth.asm):03123 (4)             ldx     LSTWAD          LAST
F2F7 3430             (        forth.asm):03124 (4+4)           pshs    y,x             Preserve essential dictionary pointers
F2F9 BDE52E           (        forth.asm):03125 (7)             jsr     LOCWRT          No pre-req on input, does all the heavy lifting
                      (        forth.asm):03126         
                      (        forth.asm):03127         * From here on, all we need to do is to emit the code necessary to restore
                      (        forth.asm):03128         * DICEND (2,s) and LSTWAD (,s). Y has HERE, as of right now.
F2FC AE62             (        forth.asm):03129 (5+1)           ldx     2,s             Saved HERE to X
F2FE 868E             (        forth.asm):03130 (2)             lda     #LDXOPC
F300 BDE5A0           (        forth.asm):03131 (7)             jsr     VARCON2
F303 CC9F10           (        forth.asm):03132 (3)             ldd     #($9F*256)|(DICEND-VARSPC)
F306 EDA1             (        forth.asm):03133 (5+2)           std     ,y++            Compile stx DICEND (direct page)
                      (        forth.asm):03134         
F308 AEE4             (        forth.asm):03135 (5+0)           ldx     ,s              Saved LAST to X
F30A 868E             (        forth.asm):03136 (2)             lda     #LDXOPC
F30C BDE5A0           (        forth.asm):03137 (7)             jsr     VARCON2
F30F CC9F0E           (        forth.asm):03138 (3)             ldd     #($9F*256)|(LSTWAD-VARSPC)
F312 EDA1             (        forth.asm):03139 (5+2)           std     ,y++            Compile stx LSTWAD (direct page)
                      (        forth.asm):03140         
F314 8639             (        forth.asm):03141 (2)             lda     #RTSOPC
F316 A7A0             (        forth.asm):03142 (4+1)           sta     ,y+             Emit an RTS
F318 3264             (        forth.asm):03143 (4+1)           leas    4,s             Drop material previously on the system stack
F31A 7EEC97           (        forth.asm):03144 (3)             jmp     CREAT1          Finalize dictionary entry
                      (        forth.asm):03145         
F31D 07               (        forth.asm):03146         EXCT    fcb     7               ANSI (Core)
F31E 45584543555445   (        forth.asm):03147                 fcc     'EXECUTE'       ( i*x xt -- j*x )
F325 F2E9             (        forth.asm):03148                 fdb     MARKER
                      (        forth.asm):03149                 RFCS
F327 BDE812           (        forth.asm):03150 (7)             jsr     NPOP
F32A 2605             (        forth.asm):03151 (3)             bne     @gotox
F32C C6F7             (        forth.asm):03152 (2)             ldb     #ESSEGV
F32E BDEA60           (        forth.asm):03153 (7)             jsr     SYSTHR8
F331 1F15             (        forth.asm):03154 (4)     @gotox  tfr     x,pc            Branch to the XT
                      (        forth.asm):03155         
F333 03               (        forth.asm):03156         BYE     fcb     3               ANSI (Programming tools ext)
F334 425945           (        forth.asm):03157                 fcc     'BYE'
F337 F31D             (        forth.asm):03158                 fdb     EXCT
                      (        forth.asm):03159                 RFCS
                      (        forth.asm):03160                 IFNE    RTCFEAT
                      (        forth.asm):03161                 lda     #RTOREGB
                      (        forth.asm):03162                 jsr     RTREGRD         RTCB register to B
                      (        forth.asm):03163                 andb    #^RTBPIE        Disable periodic interrupt generation
                      (        forth.asm):03164                 jsr     RTREGWR
                      (        forth.asm):03165                 ldx     #40
                      (        forth.asm):03166                 jsr     MILLIS1         Wait for 40 milliseconds
                      (        forth.asm):03167                 orcc    #(FFLAG|IFLAG)  Disable maskable interrupts
                      (        forth.asm):03168                 ENDC                    RTCFEAT
F339 7EE03D           (        forth.asm):03169 (3)             jmp     RSTHDL
                      (        forth.asm):03170         
F33C C6               (        forth.asm):03171         BKCHAR  fcb     $C6             ANSI (Core)
F33D 5B434841525D     (        forth.asm):03172                 fcc     '[CHAR]'        Comp: ( "<spaces>name" -- )
F343 F333             (        forth.asm):03173                 fdb     BYE             Exec: ( -- char )
                      (        forth.asm):03174                 RFCS
F345 8D0A             (        forth.asm):03175                 RFXT    bsr,CHAR+7      XT for CHAR
F347 7EECD9           (        forth.asm):03176                 RFXT    jmp,LITERAL+10  XT for LITERAL
                      (        forth.asm):03177         
F34A 04               (        forth.asm):03178         CHAR    fcb     4               ANSI (Core)
F34B 43484152         (        forth.asm):03179                 fcc     'CHAR'          ( "<spaces>name" -- char )
F34F F33C             (        forth.asm):03180                 fdb     BKCHAR
                      (        forth.asm):03181                 RFCS
F351 BDE8C9           (        forth.asm):03182 (7)             jsr     BKIN2PT         Derive X from BLK, >IN
F354 BDE3A4           (        forth.asm):03183 (7)     @char1  jsr     SCNSTOK         X points to the beginning of the character
F357 2712             (        forth.asm):03184 (3)             beq     @chrerr
F359 E684             (        forth.asm):03185 (4+0)           ldb     ,x
F35B 4F               (        forth.asm):03186 (1)             clra                    D has CHAR
F35C 1F01             (        forth.asm):03187 (4)             tfr     d,x
F35E BDE803           (        forth.asm):03188 (7)             jsr     NPUSH
F361 9E0A             (        forth.asm):03189 (4)             ldx     TOKENSP         Set by SCNSTOK
F363 BDE3B7           (        forth.asm):03190 (7)             jsr     SCNETOK
F366 1F10             (        forth.asm):03191 (4)             tfr     x,d             TOKENEP
F368 7EE167           (        forth.asm):03192 (3)             jmp     U2INFRD         Derive >IN from D
F36B C6F7             (        forth.asm):03193 (2)     @chrerr ldb     #ESSEGV         Illegal argument
F36D BDEA60           (        forth.asm):03194 (7)             jsr     SYSTHR8         No return
                      (        forth.asm):03195         
                      (        forth.asm):03196         * Hairy code but working.
F370 04               (        forth.asm):03197         WORD    fcb     4               ANSI (Core)
F371 574F5244         (        forth.asm):03198                 fcc     'WORD'          ( char "<chars>ccc<char>" -- c-addr )
F375 F34A             (        forth.asm):03199                 fdb     CHAR
                      (        forth.asm):03200                 RFCS
F377 0F52             (        forth.asm):03201 (5)             clr     SQUOTFN         Do not skip leading delimiter(s)
F379 BDE812           (        forth.asm):03202 (7)     WORD1   jsr     NPOP            Entry point for S"
F37C 1F16             (        forth.asm):03203 (4)             tfr     x,w             F has the delimiter ASCII code
F37E 109E10           (        forth.asm):03204 (5)             ldy     DICEND          The counted string returned is stored at HERE
F381 3420             (        forth.asm):03205 (4+2)           pshs    y
F383 6FA0             (        forth.asm):03206 (6+1)           clr     ,y+             Initialize its length
F385 BDE8C9           (        forth.asm):03207 (7)             jsr     BKIN2PT         Derive X from BLK, >IN
F388 BDE3CF           (        forth.asm):03208 (7)     @word1  jsr     NXTCHAR         Current input char to A unless ZFLAG is set
F38B 271B             (        forth.asm):03209 (3)             beq     @word3          EOL reached, this is the end
F38D 0D52             (        forth.asm):03210 (4)             tst     SQUOTFN         S"/." context: do not look for a leading delim.
F38F 260C             (        forth.asm):03211 (3)             bne     @word2x
F391 1037F8           (        forth.asm):03212 (4)             cmpr    f,a             Leading delimiter matched?
F394 27F2             (        forth.asm):03213 (3)             beq     @word1          Yes, skip it (it might be repeated)
                      (        forth.asm):03214         * Either there was no leading delimiter or we went past the leading repetitions.
F396 301F             (        forth.asm):03215 (4+1)           leax    -1,x            Go back one char.
F398 BDE3CF           (        forth.asm):03216 (7)     @word2  jsr     NXTCHAR         Acquire next character from the input stream
F39B 270B             (        forth.asm):03217 (3)             beq     @word3          EOL reached
F39D 1037F8           (        forth.asm):03218 (4)     @word2x cmpr    f,a             Trailing delimiter?
F3A0 2706             (        forth.asm):03219 (3)             beq     @word3
F3A2 A7A0             (        forth.asm):03220 (4+1)           sta     ,y+
F3A4 6CF4             (        forth.asm):03221 (6+3)           inc     [,s]            Increment string length
F3A6 20F0             (        forth.asm):03222 (3)             bra     @word2
F3A8 1F10             (        forth.asm):03223 (4)     @word3  tfr     x,d             Pointing one char after the delimiter or EOIS
F3AA BDE167           (        forth.asm):03224 (7)             jsr     U2INFRD         Derive >IN from D
F3AD 3510             (        forth.asm):03225 (4+2)           puls    x
F3AF 3610             (        forth.asm):03226                 UCNPUSH                 Push back HERE
F3B1 39               (        forth.asm):03227 (4)             rts
                      (        forth.asm):03228         
F3B2 81               (        forth.asm):03229         LPAR    fcb     $81             ANSI (Core). No longer 79-STANDARD compliant
F3B3 28               (        forth.asm):03230                 fcc     '('             Exec: ( "ccc<paren>" -- )
F3B4 F370             (        forth.asm):03231                 fdb     WORD
                      (        forth.asm):03232                 RFCS
F3B6 8E0029           (        forth.asm):03233 (3)             ldx     #')
F3B9 BDE803           (        forth.asm):03234 (7)             jsr     NPUSH
F3BC 8DB9             (        forth.asm):03235                 RFXT    bsr,WORD+7
F3BE 7EFCE4           (        forth.asm):03236                 RFXT    jmp,DROP+7
                      (        forth.asm):03237         
F3C1 06               (        forth.asm):03238         SOURCE  fcb     6               ANSI (Core)
F3C2 534F55524345     (        forth.asm):03239                 fcc     'SOURCE'        ( -- c-addr u )
F3C8 F3B2             (        forth.asm):03240                 fdb     LPAR
                      (        forth.asm):03241                 RFCS
F3CA 9E28             (        forth.asm):03242 (4)             ldx     BSBFADR         Where we're at, from a physical address point
F3CC BDE803           (        forth.asm):03243 (7)             jsr     NPUSH
F3CF 9E2E             (        forth.asm):03244 (4)             ldx     ISLEN           Input stream length
F3D1 7EE803           (        forth.asm):03245 (3)             jmp     NPUSH
                      (        forth.asm):03246         
                      (        forth.asm):03247         * This is a straightforward implementation borrowed from GNU Forth 'see \':
                      (        forth.asm):03248         * : \
                      (        forth.asm):03249         *   BLK @
                      (        forth.asm):03250         *   IF     >IN @ C/L / 1+ C/L * >IN ! EXIT
                      (        forth.asm):03251         *   THEN
                      (        forth.asm):03252         *   SOURCE >IN ! DROP ; IMMEDIATE
                      (        forth.asm):03253         * However since C/L (number of columns per line) is 64 (a power of 2), things
                      (        forth.asm):03254         * can be coded in a more compact manner as: >IN @ 63 INVERT AND 64 + >IN !
F3D4 81               (        forth.asm):03255         BKSLSH  fcb     $81             ANSI (Core Ext)
F3D5 5C               (        forth.asm):03256                 fcb     $5C             \ ( -- )
F3D6 F3C1             (        forth.asm):03257                 fdb     SOURCE
                      (        forth.asm):03258                 RFCS
F3D8 DC34             (        forth.asm):03259 (4)             ldd     UBLK            BLK @ to D
F3DA 270B             (        forth.asm):03260 (3)             beq     @comser         We operate from block 0: the console
F3DC DC32             (        forth.asm):03261 (4)             ldd     UTOIN           >IN @
F3DE C4C0             (        forth.asm):03262 (2)             andb    #^$3F           Point to the beginning of the line
F3E0 CB40             (        forth.asm):03263 (2)             addb    #$40            next line
F3E2 8900             (        forth.asm):03264 (2)             adca    #0              Propagate potential carry from LSB
F3E4 DD32             (        forth.asm):03265 (4)             std     UTOIN           >IN !
F3E6 39               (        forth.asm):03266 (4)             rts                     EXIT
F3E7 8DE1             (        forth.asm):03267         @comser RFXT    bsr,SOURCE+9    XT for SOURCE
F3E9 BDE812           (        forth.asm):03268 (7)             jsr     NPOP
F3EC 9F32             (        forth.asm):03269 (4)             stx     UTOIN           >IN !
F3EE 7EFCE4           (        forth.asm):03270                 RFXT    jmp,DROP+7      XT for DROP
                      (        forth.asm):03271                 ENDC
                      (        forth.asm):03272         
F3F1 82               (        forth.asm):03273         PSTR    fcb     $82             ANSI (Core)
F3F2 2E22             (        forth.asm):03274                 fcc     '."'            Comp: ( "ccc<quote>" -- )
F3F4 F3D4             (        forth.asm):03275                 fdb     BKSLSH          Exec: ( -- )
                      (        forth.asm):03276                 RFCS
F3F6 8D12             (        forth.asm):03277                 RFXT    bsr,SQUOTE+5    XT for S"
F3F8 0D2D             (        forth.asm):03278 (4)             tst     USTATE+1
F3FA 2603             (        forth.asm):03279 (3)             bne     @pstcmp
F3FC 7EF7BF           (        forth.asm):03280                 RFXT    jmp,TYPE+7      XT for TYPE
F3FF 8EF7BF           (        forth.asm):03281         @pstcmp RFXT    ldx,#TYPE+7     Emit TYPE as an XT
F402 7EE158           (        forth.asm):03282 (3)             jmp     EMXASXT
                      (        forth.asm):03283         
F405 82               (        forth.asm):03284         SQUOTE  fcb     $82             ANSI (Core)
F406 5322             (        forth.asm):03285                 fcc     'S"'            Comp: ( "ccc<quote>" -- )
F408 F3F1             (        forth.asm):03286                 fdb     PSTR            Exec: ( -- c-addr u )
                      (        forth.asm):03287                 RFCS
F40A 8601             (        forth.asm):03288 (2)             lda     #1
F40C 9752             (        forth.asm):03289 (3)             sta     SQUOTFN         Do skip leading delimiter(s)
F40E 0D2D             (        forth.asm):03290 (4)             tst     USTATE+1
F410 260C             (        forth.asm):03291 (3)             bne     @sqcmp
F412 8E0022           (        forth.asm):03292 (3)             ldx     #'"             We are interpreting
F415 BDE803           (        forth.asm):03293 (7)             jsr     NPUSH
F418 BDF379           (        forth.asm):03294 (7)             jsr     WORD1
F41B 7EF7DD           (        forth.asm):03295                 RFXT    jmp,COUNT+8     XT for COUNT
F41E 109E10           (        forth.asm):03296 (5)     @sqcmp  ldy     DICEND          We are compiling
F421 867E             (        forth.asm):03297 (2)             lda     #JMPOPC         JMP extended
F423 A7A0             (        forth.asm):03298 (4+1)           sta     ,y+
F425 3420             (        forth.asm):03299 (4+2)           pshs    y
F427 3122             (        forth.asm):03300 (4+1)           leay    2,y             2 ALLOT
F429 109F10           (        forth.asm):03301 (5)             sty     DICEND
F42C 8E0022           (        forth.asm):03302 (3)             ldx     #'"
F42F BDE803           (        forth.asm):03303 (7)             jsr     NPUSH
F432 BDF379           (        forth.asm):03304 (7)             jsr     WORD1
F435 BDE812           (        forth.asm):03305 (7)             jsr     NPOP
F438 4F               (        forth.asm):03306 (1)             clra
F439 E684             (        forth.asm):03307 (4+0)           ldb     ,x              C@
F43B 3001             (        forth.asm):03308 (4+1)           leax    1,x             1+. Skip the byte count (X has HERE)
F43D 308B             (        forth.asm):03309 (4+2)           leax    d,x             Skip string length material
F43F 3520             (        forth.asm):03310 (4+2)           puls    y
F441 AFA4             (        forth.asm):03311 (5+0)           stx     ,y              Install jump address
F443 3122             (        forth.asm):03312 (4+1)           leay    2,y             Counted string base address to Y
F445 868E             (        forth.asm):03313 (2)             lda     #LDXOPC
F447 A780             (        forth.asm):03314 (4+1)           sta     ,x+
F449 10AF81           (        forth.asm):03315 (6+2)           sty     ,x++
F44C 9F10             (        forth.asm):03316 (4)             stx     DICEND          Update HERE
F44E 8EE803           (        forth.asm):03317 (3)             ldx     #NPUSH
F451 BDE158           (        forth.asm):03318 (7)             jsr     EMXASXT
F454 8EF7DD           (        forth.asm):03319                 RFXT    ldx,#COUNT+8    XT for COUNT
F457 7EE158           (        forth.asm):03320 (3)             jmp     EMXASXT
                      (        forth.asm):03321         
F45A 02               (        forth.asm):03322         DPLUS   fcb     2               ANSI (Double)
F45B 442B             (        forth.asm):03323                 fcc     'D+'            ( d1 d2 -- d1+d2--signed )
F45D F405             (        forth.asm):03324                 fdb     SQUOTE          In processor's terms U has ( L1 H1 L2 H2 )
                      (        forth.asm):03325                 RFCS
F45F BDEA28           (        forth.asm):03326 (7)             jsr     MIN4PST         Make sure we have at least 4 cells stacked up
F462 EC46             (        forth.asm):03327 (5+1)           ldd     6,u             L1
F464 E342             (        forth.asm):03328 (5+1)           addd    2,u             L2
F466 ED46             (        forth.asm):03329 (5+1)           std     6,u             d1+d2 least significant cell
F468 EC44             (        forth.asm):03330 (5+1)           ldd     4,u             H1
F46A 10A9C4           (        forth.asm):03331 (6+0)           adcd    ,u              H2 (add with carry bit)
F46D ED44             (        forth.asm):03332 (5+1)           std     4,u             d1+d2 most significant cell
F46F 3344             (        forth.asm):03333 (4+1)           leau    4,u             Drop 2 cells from the data stack
F471 39               (        forth.asm):03334 (4)             rts
                      (        forth.asm):03335         
F472 07               (        forth.asm):03336         DNEG    fcb     7               ANSI (Double)
F473 444E4547415445   (        forth.asm):03337                 fcc     'DNEGATE'
F47A F45A             (        forth.asm):03338                 fdb     DPLUS
                      (        forth.asm):03339                 RFCS
F47C BDEA1E           (        forth.asm):03340 (7)             jsr     MIN2PST         We need at least 2 cells stacked up
F47F 10A642           (        forth.asm):03341 (6+1)           ldw     2,u             Least significant cell
F482 1053             (        forth.asm):03342 (2)             comw
F484 ECC4             (        forth.asm):03343 (5+0)           ldd     ,u              Most significant cell
F486 1043             (        forth.asm):03344 (2)             comd
F488 108B0001         (        forth.asm):03345 (4)             addw    #1
F48C 10890000         (        forth.asm):03346 (4)             adcd    #0              Propagate carry flag
F490 10EDC4           (        forth.asm):03347 (8+0)           stq     ,u              Store the result back to the data stack
F493 39               (        forth.asm):03348 (4)             rts
                      (        forth.asm):03349         
F494 02               (        forth.asm):03350         DMINUS  fcb     2               ANSI (Double)
F495 442D             (        forth.asm):03351                 fcc     'D-'            ( d1 d2 -- d1-d2--signed )
F497 F472             (        forth.asm):03352                 fdb     DNEG            In processor's terms U has ( L1 H1 L2 H2)
                      (        forth.asm):03353                 RFCS
F499 BDEA28           (        forth.asm):03354 (7)             jsr     MIN4PST         Make sure we have at least 4 cells stacked up
F49C EC46             (        forth.asm):03355 (5+1)           ldd     6,u             L1
F49E A342             (        forth.asm):03356 (5+1)           subd    2,u             L2
F4A0 ED46             (        forth.asm):03357 (5+1)           std     6,u             d1-d2 least significant cell
F4A2 EC44             (        forth.asm):03358 (5+1)           ldd     4,u             H1
F4A4 10A2C4           (        forth.asm):03359 (6+0)           sbcd    ,u              H2 (substract with borrow)
F4A7 ED44             (        forth.asm):03360 (5+1)           std     4,u             d1-d2 most significant cell
F4A9 3344             (        forth.asm):03361 (4+1)           leau    4,u
F4AB 39               (        forth.asm):03362 (4)             rts
                      (        forth.asm):03363         
F4AC 03               (        forth.asm):03364         DZEQ    fcb     3               ANSI (Double)
F4AD 44303D           (        forth.asm):03365                 fcc     'D0='           ( d -- flag )
F4B0 F494             (        forth.asm):03366                 fdb     DMINUS
                      (        forth.asm):03367                 RFCS
F4B2 BDEF4C           (        forth.asm):03368                 RFXT    jsr,OR+5        XT for OR
F4B5 7EEFAB           (        forth.asm):03369                 RFXT    jmp,NULP+5      XT for 0=
                      (        forth.asm):03370         
                      (        forth.asm):03371         * GNU Forth has:
                      (        forth.asm):03372         * f = FLAG(d1.hi==d2.hi ? d1.lo<d2.lo : d1.hi<d2.hi);
                      (        forth.asm):03373         * Comparisons between high cells are signed, but they are unsigned between
                      (        forth.asm):03374         * the low cells.
F4B8 02               (        forth.asm):03375         DLESS   fcb     2               ANSI (Double)
F4B9 443C             (        forth.asm):03376                 fcc     'D<'            ( d1 d2 -- flag )
F4BB F4AC             (        forth.asm):03377                 fdb     DZEQ
                      (        forth.asm):03378                 RFCS
F4BD BDEA28           (        forth.asm):03379 (7)             jsr     MIN4PST
                      (        forth.asm):03380         * Data stack structure at this point:
                      (        forth.asm):03381         * ,u    d2.hi                   1 cell
                      (        forth.asm):03382         * 2,u   d2.lo                   1 cell
                      (        forth.asm):03383         * 4,u   d1.hi                   1 cell
                      (        forth.asm):03384         * 6,u   d1.lo                   1 cell
F4C0 115F             (        forth.asm):03385 (2)             clrf                    A priori return value for FLAG
F4C2 ECC4             (        forth.asm):03386 (5+0)           ldd     ,u              D2.HI
F4C4 10A344           (        forth.asm):03387 (6+1)           cmpd    4,u             D1.HI
F4C7 2611             (        forth.asm):03388 (3)             bne     @term2
F4C9 EC42             (        forth.asm):03389 (5+1)           ldd     2,u             D2.LO
F4CB 10A346           (        forth.asm):03390 (6+1)           cmpd    6,u             D1.LO
F4CE 2302             (        forth.asm):03391 (3)             bls     @done
F4D0 115A             (        forth.asm):03392 (2)     @anstru decf                    #$FF to F
F4D2 1FF9             (        forth.asm):03393 (4)     @done   tfr     f,b
F4D4 1D               (        forth.asm):03394 (1)             sex                     Sign extension B to D
F4D5 ED46             (        forth.asm):03395 (5+1)           std     6,u             FLAG returned as a cell
F4D7 3346             (        forth.asm):03396 (4+1)           leau    6,u             Drop three cells from the data stack
F4D9 39               (        forth.asm):03397 (4)             rts
F4DA 2FF6             (        forth.asm):03398 (3)     @term2  ble     @done
F4DC 20F2             (        forth.asm):03399 (3)             bra     @anstru
                      (        forth.asm):03400         
F4DE 05               (        forth.asm):03401         TWOOVER fcb     5               ANSI (Core)
F4DF 324F564552       (        forth.asm):03402                 fcc     '2OVER'         ( d1 d2 -- d1 d2 d1 )
F4E4 F4B8             (        forth.asm):03403                 fdb     DLESS
                      (        forth.asm):03404                 RFCS
F4E6 BDEA28           (        forth.asm):03405 (7)             jsr     MIN4PST         At least four cells need to be stacked up
F4E9 10EC44           (        forth.asm):03406 (8+1)           ldq     4,u             D:W has MSC:LSC of D1
F4EC 1F61             (        forth.asm):03407 (4)             tfr     w,x
F4EE BDE803           (        forth.asm):03408 (7)             jsr     NPUSH
F4F1 1F01             (        forth.asm):03409 (4)             tfr     d,x
F4F3 7EE803           (        forth.asm):03410 (3)             jmp     NPUSH
                      (        forth.asm):03411         
F4F6 05               (        forth.asm):03412         TWOSWAP fcb     5               ANSI (Core)
F4F7 3253574150       (        forth.asm):03413                 fcc     '2SWAP'         ( d1 d2 -- d2 d1 )
F4FC F4DE             (        forth.asm):03414                 fdb     TWOOVER
                      (        forth.asm):03415                 RFCS
F4FE BDEA28           (        forth.asm):03416 (7)             jsr     MIN4PST         At least four cells must be stacked up
F501 AE44             (        forth.asm):03417 (5+1)           ldx     4,u             D1 most significant cell
F503 10AE46           (        forth.asm):03418 (6+1)           ldy     6,u             D1 least significant cell
F506 10ECC4           (        forth.asm):03419 (8+0)           ldq     ,u              D:W has MSC:LSC of D2
F509 10ED44           (        forth.asm):03420 (8+1)           stq     4,u
F50C AFC4             (        forth.asm):03421 (5+0)           stx     ,u
F50E 10AF42           (        forth.asm):03422 (6+1)           sty     2,u
F511 39               (        forth.asm):03423 (4)             rts
                      (        forth.asm):03424         
F512 05               (        forth.asm):03425         TWODROP fcb     5               ANSI (Core)
F513 3244524F50       (        forth.asm):03426                 fcc     '2DROP'         ( x1 x2 -- )
F518 F4F6             (        forth.asm):03427                 fdb     TWOSWAP
                      (        forth.asm):03428                 RFCS
F51A BDEA1E           (        forth.asm):03429 (7)             jsr     MIN2PST         At least two cells must be stacked up
F51D 3344             (        forth.asm):03430 (4+1)           leau    4,u
F51F 39               (        forth.asm):03431 (4)             rts
                      (        forth.asm):03432         
F520 04               (        forth.asm):03433         TWODUP  fcb     4               ANSI (Core)
F521 32445550         (        forth.asm):03434                 fcc     '2DUP'          ( double -- double double )
F525 F512             (        forth.asm):03435                 fdb     TWODROP
                      (        forth.asm):03436                 RFCS
F527 BDEA1E           (        forth.asm):03437 (7)             jsr     MIN2PST         At least two cells need to be stacked up
F52A 10ECC4           (        forth.asm):03438 (8+0)           ldq     ,u              D:W has MSC:LSC of DOUBLE
F52D 1F61             (        forth.asm):03439 (4)             tfr     w,x
F52F BDE803           (        forth.asm):03440 (7)             jsr     NPUSH
F532 1F01             (        forth.asm):03441 (4)             tfr     d,x
F534 7EE803           (        forth.asm):03442 (3)             jmp     NPUSH
                      (        forth.asm):03443         
F537 02               (        forth.asm):03444         TWOSTOR fcb     2               ANSI (Core)
F538 3221             (        forth.asm):03445                 fcc     '2!'            ( x1 x2 a-addr -- )
F53A F520             (        forth.asm):03446                 fdb     TWODUP
                      (        forth.asm):03447                 RFCS
F53C BDEA23           (        forth.asm):03448 (7)             jsr     MIN3PST         At least three cells need to be stacked up
F53F 10EC42           (        forth.asm):03449 (8+1)           ldq     2,u             DOUBLE to D:W
F542 10EDD4           (        forth.asm):03450 (8+3)           stq     [,u]            Store DOUBLE to ADDR
F545 3346             (        forth.asm):03451 (4+1)           leau    6,u             Drop three cells from the user stack
F547 39               (        forth.asm):03452 (4)             rts
                      (        forth.asm):03453         
F548 02               (        forth.asm):03454         TWOFTCH fcb     2               ANSI (Core)
F549 3240             (        forth.asm):03455                 fcc     '2@'            ( a-addr -- x1 x2 )
F54B F537             (        forth.asm):03456                 fdb     TWOSTOR
                      (        forth.asm):03457                 RFCS
F54D BDEA19           (        forth.asm):03458 (7)             jsr     MIN1PST         At least cell needs to be stacked up
F550 10ECD4           (        forth.asm):03459 (8+3)           ldq     [,u]            D:W has MSC:LSC of DBLADDR @
F553 10A7C4           (        forth.asm):03460 (6+0)           stw     ,u              Least significant cell stacked in place
F556 1F01             (        forth.asm):03461 (4)             tfr     d,x             Most significant cell goes through standard push
F558 7EE803           (        forth.asm):03462 (3)             jmp     NPUSH
                      (        forth.asm):03463         
F55B 07               (        forth.asm):03464         TONUMBR fcb     7               ANSI (Core)
F55C 3E4E554D424552   (        forth.asm):03465                 fcc     '>NUMBER'       ( ud1 c-addr1 u1 -- ud2 c-addr2 u2 )
F563 F548             (        forth.asm):03466                 fdb     TWOFTCH
                      (        forth.asm):03467                 RFCS
F565 BDEA28           (        forth.asm):03468 (7)             jsr     MIN4PST         At least 4 cells need to be stacked up
F568 AE42             (        forth.asm):03469 (5+1)           ldx     2,u             C-ADDR1 to X
F56A ECC4             (        forth.asm):03470 (5+0)   @cvloop ldd     ,u              Check U1. End of input string reached?
F56C 2770             (        forth.asm):03471 (3)             beq     @cvdone         Yes--conversion is done
F56E E684             (        forth.asm):03472 (4+0)           ldb     ,x
                      (        forth.asm):03473         * B has the ASCII representation of something that may or may not be a valid
                      (        forth.asm):03474         * digit, expressed in BASE (alias (byte)UBASE+1). If it does, multiply D1 by
                      (        forth.asm):03475         * BASE and add that to D1 (aka D2 on exit). Then add DIGIT on the top of it.
F570 C030             (        forth.asm):03476 (2)             subb    #'0             Minimal ASCII value condition met?
F572 256A             (        forth.asm):03477 (3)             blo     @cvdone         No. Out of range. ,X cannot be a valid digit
F574 C10A             (        forth.asm):03478 (2)             cmpb    #10
F576 2510             (        forth.asm):03479 (3)             blo     @cvnolt         No letter in potential BASE
                      (        forth.asm):03480                 IFEQ    CSSNTVE
F578 C111             (        forth.asm):03481 (2)             cmpb    #'A-'0
F57A 2562             (        forth.asm):03482 (3)             blo     @cvdone         Greater than 9 but lower than A
F57C C131             (        forth.asm):03483 (2)             cmpb    #'a-'0
F57E 2506             (        forth.asm):03484 (3)             blo     @cvisuc         Upper case already
F580 C14A             (        forth.asm):03485 (2)             cmpb    #'z-'0
F582 225A             (        forth.asm):03486 (3)             bhi     @cvdone         Definitely out of range
F584 C020             (        forth.asm):03487 (2)             subb    #'a-'A          To upper case
                      (        forth.asm):03488                 ENDC                    CSSNTVE
F586 C007             (        forth.asm):03489 (2)     @cvisuc subb    #'A-':          A-Z to number
F588 D12B             (        forth.asm):03490 (3)     @cvnolt cmpb    UBASE+1         B has a digit. Make sure it's less than BASE
F58A 2452             (        forth.asm):03491 (3)             bhs     @cvdone         Number under scrutiny is >= BASE
F58C 3276             (        forth.asm):03492 (4+1)           leas    -10,s           Allocate scratch space
F58E 6FE4             (        forth.asm):03493 (6+0)           clr     ,s
F590 E761             (        forth.asm):03494 (4+1)           stb     1,s
                      (        forth.asm):03495         * System and user stack structures are as follows:
                      (        forth.asm):03496         * ,s    current digit (1 cell)
                      (        forth.asm):03497         * 2,s   D0*B (1 cell)
                      (        forth.asm):03498         * 4,s   D1*B (1 cell)
                      (        forth.asm):03499         * 6,s   D2*B (1 cell)
                      (        forth.asm):03500         * 8,s   D3*B (1 cell)
                      (        forth.asm):03501         * ,u    U1 (1 cell)
                      (        forth.asm):03502         * 2,u   C-ADDR1 (1 cell)
                      (        forth.asm):03503         * 4,u   D1H most significant cell
                      (        forth.asm):03504         * 6,u   D1L least significant cell
F592 1F37             (        forth.asm):03505 (4)             tfr     u,v             Backup U
F594 3348             (        forth.asm):03506 (4+1)           leau    8,u             Point one byte after D1LL
F596 3162             (        forth.asm):03507 (4+1)           leay    2,s             Point to D0*B
F598 118604           (        forth.asm):03508 (3)             lde     #4              Four products to go through
F59B A6C2             (        forth.asm):03509 (4+1)   @cvmul  lda     ,-u
F59D D62B             (        forth.asm):03510 (3)             ldb     UBASE+1
F59F 3D               (        forth.asm):03511 (10)            mul
F5A0 EDA1             (        forth.asm):03512 (5+2)           std     ,y++
F5A2 114A             (        forth.asm):03513 (2)             dece
F5A4 26F5             (        forth.asm):03514 (3)             bne     @cvmul
F5A6 1F73             (        forth.asm):03515 (4)             tfr     v,u             Restore U
                      (        forth.asm):03516         *
F5A8 A663             (        forth.asm):03517 (4+1)           lda     3,s             D0*B.L
F5AA A747             (        forth.asm):03518 (4+1)           sta     7,u             D1L.L
                      (        forth.asm):03519         *
F5AC A662             (        forth.asm):03520 (4+1)           lda     2,s             D0*B.H
F5AE AB65             (        forth.asm):03521 (4+1)           adda    5,s             D1*B.L
F5B0 A746             (        forth.asm):03522 (4+1)           sta     6,u             D1L.H
                      (        forth.asm):03523         *
F5B2 A664             (        forth.asm):03524 (4+1)           lda     4,s             D1*B.H
F5B4 A967             (        forth.asm):03525 (4+1)           adca    7,s             D2*B.L
F5B6 A745             (        forth.asm):03526 (4+1)           sta     5,u             D1H.L
                      (        forth.asm):03527         *
F5B8 A666             (        forth.asm):03528 (4+1)           lda     6,s             D2*B.H
F5BA A969             (        forth.asm):03529 (4+1)           adca    9,s             D3*B.L
F5BC A744             (        forth.asm):03530 (4+1)           sta     4,u             D1H.H
                      (        forth.asm):03531         *
F5BE 2521             (        forth.asm):03532 (3)             bcs     @cvovf          Out of range error if carry is set
F5C0 6D68             (        forth.asm):03533 (5+1)           tst     8,s             D3*B.H
F5C2 261D             (        forth.asm):03534 (3)             bne     @cvovf          That one should be zero
                      (        forth.asm):03535         *
F5C4 EC46             (        forth.asm):03536 (5+1)           ldd     6,u             D1L
F5C6 E3E4             (        forth.asm):03537 (5+0)           addd    ,s              DIGIT
F5C8 ED46             (        forth.asm):03538 (5+1)           std     6,u
F5CA EC44             (        forth.asm):03539 (5+1)           ldd     4,u             D1H
F5CC 10890000         (        forth.asm):03540 (4)             adcd    #0              Potential carry from lower cell
F5D0 ED44             (        forth.asm):03541 (5+1)           std     4,u
F5D2 326A             (        forth.asm):03542 (4+1)           leas    10,s            Release scratch space
                      (        forth.asm):03543         * Update the count of unconverted characters (ultimately U2)
F5D4 ECC4             (        forth.asm):03544 (5+0)           ldd     ,u
F5D6 104A             (        forth.asm):03545 (2)             decd
F5D8 EDC4             (        forth.asm):03546 (5+0)           std     ,u
F5DA 3001             (        forth.asm):03547 (4+1)           leax    1,x             Point to the next character in the input string
F5DC 208C             (        forth.asm):03548 (3)             bra     @cvloop         Here we go again
F5DE AF42             (        forth.asm):03549 (5+1)   @cvdone stx     2,u             Set C-ADDR2
F5E0 39               (        forth.asm):03550 (4)             rts
F5E1 C6F5             (        forth.asm):03551 (2)     @cvovf  ldb     #EOORNG         Out of range
F5E3 BDEA60           (        forth.asm):03552 (7)             jsr     SYSTHR8         No return
                      (        forth.asm):03553         
F5E6 02               (        forth.asm):03554         CVTE    fcb     2               ANSI (Core)
F5E7 233E             (        forth.asm):03555                 fcc     '#>'            ( xd -- c-addr u )
F5E9 F55B             (        forth.asm):03556                 fdb     TONUMBR
                      (        forth.asm):03557                 RFCS
F5EB BDE812           (        forth.asm):03558 (7)             jsr     NPOP
F5EE BDE812           (        forth.asm):03559 (7)             jsr     NPOP            Drop 2 cells from the data stack
F5F1 8E0307           (        forth.asm):03560 (3)             ldx     #APADBUF
F5F4 3610             (        forth.asm):03561                 UCNPUSH
F5F6 BDE245           (        forth.asm):03562 (7)             jsr     SLEN
F5F9 1F61             (        forth.asm):03563 (4)             tfr     w,x
F5FB 3610             (        forth.asm):03564                 UCNPUSH
F5FD 39               (        forth.asm):03565 (4)             rts
                      (        forth.asm):03566         
F5FE 04               (        forth.asm):03567         SIGN    fcb     4               ANSI (Core)
F5FF 5349474E         (        forth.asm):03568                 fcc     'SIGN'          ( n -- )
F603 F5E6             (        forth.asm):03569                 fdb     CVTE
                      (        forth.asm):03570                 RFCS
F605 BDE812           (        forth.asm):03571 (7)             jsr     NPOP
F608 1F10             (        forth.asm):03572 (4)             tfr     x,d
F60A 104D             (        forth.asm):03573 (2)             tstd
F60C 2C04             (        forth.asm):03574 (3)             bge     @sign1
F60E C62D             (        forth.asm):03575 (2)             ldb     #'-
F610 2066             (        forth.asm):03576 (3)             bra     PREAPAD
F612 39               (        forth.asm):03577 (4)     @sign1  rts
                      (        forth.asm):03578         
F613 04               (        forth.asm):03579         HOLD    fcb     4               ANSI (Core)
F614 484F4C44         (        forth.asm):03580                 fcc     'HOLD'          ( char -- )
F618 F5FE             (        forth.asm):03581                 fdb     SIGN
                      (        forth.asm):03582                 RFCS
F61A BDE812           (        forth.asm):03583 (7)             jsr     NPOP
F61D 1F10             (        forth.asm):03584 (4)             tfr     x,d
F61F 2057             (        forth.asm):03585 (3)             bra     PREAPAD         B is inserted at the beginning of APADBUF.
                      (        forth.asm):03586         
F621 02               (        forth.asm):03587         SHARPS  fcb     2               ANSI (Core)
F622 2353             (        forth.asm):03588                 fcc     '#S'            ( ud1 -- ud2 )
F624 F613             (        forth.asm):03589                 fdb     HOLD
                      (        forth.asm):03590                 RFCS
F626 8601             (        forth.asm):03591 (2)             lda     #1
F628 9745             (        forth.asm):03592 (3)             sta     CVTFCN          CVT function #1 is #S
F62A 2006             (        forth.asm):03593 (3)             bra     CVT0
                      (        forth.asm):03594         
                      (        forth.asm):03595         * Unsigned double on the top of the data stack gets divided by BASE.
                      (        forth.asm):03596         * The division algorithm implemented here is the binary long division.
                      (        forth.asm):03597         * See https://en.wikipedia.org/wiki/Division_algorithm for more information.
                      (        forth.asm):03598         * Remainder (converted to a character) gets prepended to APAD.
F62C 01               (        forth.asm):03599         CVT     fcb     1               ANSI (Core)
F62D 23               (        forth.asm):03600                 fcc     '#'             ( ud1 -- ud2 )
F62E F621             (        forth.asm):03601                 fdb     SHARPS
                      (        forth.asm):03602                 RFCS
F630 0F45             (        forth.asm):03603 (5)             clr     CVTFCN          CVT function 0 is #
F632 BDE812           (        forth.asm):03604 (7)     CVT0    jsr     NPOP
F635 1F12             (        forth.asm):03605 (4)             tfr     x,y
F637 BDE812           (        forth.asm):03606 (7)             jsr     NPOP
                      (        forth.asm):03607         * Stack structure:
                      (        forth.asm):03608         * ,s    Remainder               16 bits
                      (        forth.asm):03609         * 2,s   Bitmask high            16 bits
                      (        forth.asm):03610         * 4,s   Bitmask low             16 bits
                      (        forth.asm):03611         * 6,s   Quotient high           16 bits
                      (        forth.asm):03612         * 8,s   Quotient low            16 bits
                      (        forth.asm):03613         * 10,s  Numerator high          16 bits
                      (        forth.asm):03614         * 12,s  Numerator low           16 bits
                      (        forth.asm):03615         * 14,s  Denominator             16 bits
                      (        forth.asm):03616         * 16,s  Remainder carry         8 bits
F63A 32E8EF           (        forth.asm):03617 (4+1)   CVT1    leas    -17,s
F63D DC2A             (        forth.asm):03618 (4)             ldd     UBASE
F63F ED6E             (        forth.asm):03619 (5+1)           std     14,s            Denominator
F641 AF6C             (        forth.asm):03620 (5+1)           stx     12,s            Numerator least significant cell
F643 10AF6A           (        forth.asm):03621 (6+1)           sty     10,s            Numerator most significant cell
F646 8D44             (        forth.asm):03622 (6)             bsr     DBDIVSG
                      (        forth.asm):03623         * Convert the remainder to a digit expressed in BASE.
F648 E661             (        forth.asm):03624 (4+1)           ldb     1,s
F64A 8630             (        forth.asm):03625 (2)             lda     #'0
F64C C10A             (        forth.asm):03626 (2)             cmpb    #10             B has the digit we want converted to BASE
F64E 2502             (        forth.asm):03627 (3)             bcs     @cvtdgt
F650 8637             (        forth.asm):03628 (2)             lda     #'A-10
F652 103089           (        forth.asm):03629 (4)     @cvtdgt addr    a,b
F655 8D21             (        forth.asm):03630 (6)             bsr     PREAPAD         Prepend B to the string currently in PAD
F657 0D45             (        forth.asm):03631 (4)             tst     CVTFCN
F659 2711             (        forth.asm):03632 (3)             beq     @cvtend         Function 0 is straight #, i.e. we're done here
                      (        forth.asm):03633         * Function 1 is #S, we iterate unless the quotient is 0.
F65B EC68             (        forth.asm):03634 (5+1)           ldd     8,s
F65D 10AA66           (        forth.asm):03635 (6+1)           ord     6,s
F660 270A             (        forth.asm):03636 (3)             beq     @cvtend
F662 AE68             (        forth.asm):03637 (5+1)           ldx     8,s             New numerator low
F664 10AE66           (        forth.asm):03638 (6+1)           ldy     6,s             New numerator high
F667 32E811           (        forth.asm):03639 (4+1)           leas    17,s            Discard the stack frame
F66A 20CE             (        forth.asm):03640 (3)             bra     CVT1            And go at it again
                      (        forth.asm):03641         * Push back the quotient on the data stack (low then high cell).
F66C AE68             (        forth.asm):03642 (5+1)   @cvtend ldx     8,s
F66E 3610             (        forth.asm):03643                 UCNPUSH
F670 AE66             (        forth.asm):03644 (5+1)           ldx     6,s
F672 3610             (        forth.asm):03645                 UCNPUSH
F674 32E811           (        forth.asm):03646 (4+1)           leas    17,s            Discard the stack frame
F677 39               (        forth.asm):03647 (4)             rts
                      (        forth.asm):03648         
                      (        forth.asm):03649         * Insert the character in B in front of the string at APADBUF.
F678 8E0307           (        forth.asm):03650 (3)     PREAPAD ldx     #APADBUF
F67B BDE245           (        forth.asm):03651 (7)             jsr     SLEN
F67E 103061           (        forth.asm):03652 (4)             addr    w,x             X points to the PAD string's NUL terminator
F681 105C             (        forth.asm):03653 (2)             incw                    Include the terminator
F683 3101             (        forth.asm):03654 (4+1)           leay    1,x
F685 113912           (        forth.asm):03655 (6+?)           tfm     x-,y-
F688 F70307           (        forth.asm):03656 (4)             stb     APADBUF
F68B 39               (        forth.asm):03657 (4)             rts
                      (        forth.asm):03658         
                      (        forth.asm):03659         * Double (numerator high/low) gets divided by a single cell number. Please note
                      (        forth.asm):03660         * that this is a strictly unsigned business. Input parameters are supposed to
                      (        forth.asm):03661         * have been set up by the caller on the system stack. The quotient (high/low)
                      (        forth.asm):03662         * and remainder are returned the same way. Current users of this routine are
                      (        forth.asm):03663         * CVT (#) and UMSLMOD (UM/MOD).
                      (        forth.asm):03664         *
                      (        forth.asm):03665         * Stack structure:
                      (        forth.asm):03666         * ,s    Return address          16 bits
                      (        forth.asm):03667         * 2,s   Remainder               16 bits
                      (        forth.asm):03668         * 4,s   Bitmask high            16 bits
                      (        forth.asm):03669         * 6,s   Bitmask low             16 bits
                      (        forth.asm):03670         * 8,s   Quotient high           16 bits
                      (        forth.asm):03671         * 10,s  Quotient low            16 bits
                      (        forth.asm):03672         * 12,s  Numerator high          16 bits
                      (        forth.asm):03673         * 14,s  Numerator low           16 bits
                      (        forth.asm):03674         * 16,s  Denominator             16 bits
                      (        forth.asm):03675         * 18,s  Remainder carry         8 bits
                      (        forth.asm):03676         *
F68C CC8000           (        forth.asm):03677 (3)     DBDIVSG ldd     #$8000
F68F ED64             (        forth.asm):03678 (5+1)           std     4,s             Bitmask high
F691 4F               (        forth.asm):03679 (1)             clra
F692 ED66             (        forth.asm):03680 (5+1)           std     6,s             Bitmask low
F694 ED68             (        forth.asm):03681 (5+1)           std     8,s             Quotient high
F696 ED6A             (        forth.asm):03682 (5+1)           std     10,s            Quotient low
F698 ED62             (        forth.asm):03683 (5+1)           std     2,s             Remainder
F69A 11C61F           (        forth.asm):03684 (3)             ldf     #31             32 bits to go
F69D 6863             (        forth.asm):03685 (6+1)   @cvbeg  lsl     3,s
F69F 6962             (        forth.asm):03686 (6+1)           rol     2,s             R := R << 1
F6A1 1FA8             (        forth.asm):03687 (4)             tfr     cc,a
F6A3 8401             (        forth.asm):03688 (2)             anda    #CFLAG
F6A5 A7E812           (        forth.asm):03689 (4+1)           sta     18,s            Save CFLAG after left shift of the remainder
                      (        forth.asm):03690         * We need to extract bit <f> (i) of the numerator. Since (i) varies from 31
                      (        forth.asm):03691         * downto 0, all we need to do is to shift left a 32 bit quantity and isolate
                      (        forth.asm):03692         * the carry flag as the bit of interest.
F6A8 EC6E             (        forth.asm):03693 (5+1)           ldd     14,s            Numerator low
F6AA 1048             (        forth.asm):03694 (2)             lsld
F6AC ED6E             (        forth.asm):03695 (5+1)           std     14,s
F6AE EC6C             (        forth.asm):03696 (5+1)           ldd     12,s            Numerator high
F6B0 1049             (        forth.asm):03697 (2)             rold
F6B2 ED6C             (        forth.asm):03698 (5+1)           std     12,s
F6B4 1FA8             (        forth.asm):03699 (4)             tfr     cc,a
F6B6 8401             (        forth.asm):03700 (2)             anda    #CFLAG          CFLAG is 1, which is ideal here
F6B8 AA63             (        forth.asm):03701 (4+1)           ora     3,s             R(0) := N(i)
F6BA A763             (        forth.asm):03702 (4+1)           sta     3,s             Update the remainder
F6BC 1F89             (        forth.asm):03703 (4)             tfr     a,b             Remainder LSB
F6BE A662             (        forth.asm):03704 (4+1)           lda     2,s             Remainder MSB
F6C0 6DE812           (        forth.asm):03705 (5+1)           tst     18,s
F6C3 2606             (        forth.asm):03706 (3)             bne     @frcsub         Carry was set on left shift of the remainder
F6C5 10A3E810         (        forth.asm):03707 (6+1)           cmpd    16,s            Denominator
F6C9 2513             (        forth.asm):03708 (3)             blo     @cvshft
F6CB A3E810           (        forth.asm):03709 (5+1)   @frcsub subd    16,s
F6CE ED62             (        forth.asm):03710 (5+1)           std     2,s             R := R - D
                      (        forth.asm):03711         * Q(i) := 1 (use the bitmask).
F6D0 EC68             (        forth.asm):03712 (5+1)           ldd     8,s             Quotient high
F6D2 10AA64           (        forth.asm):03713 (6+1)           ord     4,s             Bitmask high
F6D5 ED68             (        forth.asm):03714 (5+1)           std     8,s
F6D7 EC6A             (        forth.asm):03715 (5+1)           ldd     10,s            Quotient low
F6D9 10AA66           (        forth.asm):03716 (6+1)           ord     6,s             Bitmask low
F6DC ED6A             (        forth.asm):03717 (5+1)           std     10,s
                      (        forth.asm):03718         * Shift the bitmask 1 bit right.
F6DE EC64             (        forth.asm):03719 (5+1)   @cvshft ldd     4,s
F6E0 1044             (        forth.asm):03720 (2)             lsrd
F6E2 ED64             (        forth.asm):03721 (5+1)           std     4,s
F6E4 EC66             (        forth.asm):03722 (5+1)           ldd     6,s
F6E6 1046             (        forth.asm):03723 (2)             rord
F6E8 ED66             (        forth.asm):03724 (5+1)           std     6,s
F6EA 115A             (        forth.asm):03725 (2)             decf
F6EC 2CAF             (        forth.asm):03726 (3)             bge     @cvbeg
F6EE 39               (        forth.asm):03727 (4)             rts
                      (        forth.asm):03728         
F6EF 02               (        forth.asm):03729         CVTB    fcb     2               ANSI (Core)
F6F0 3C23             (        forth.asm):03730                 fcc     '<#'            ( -- )
F6F2 F62C             (        forth.asm):03731                 fdb     CVT
                      (        forth.asm):03732                 RFCS
F6F4 7F0307           (        forth.asm):03733 (6)             clr     APADBUF
F6F7 39               (        forth.asm):03734 (4)             rts
                      (        forth.asm):03735         
F6F8 01               (        forth.asm):03736         DOT     fcb     1               ANSI (Core)
F6F9 2E               (        forth.asm):03737                 fcc     '.'             ( n -- )
F6FA F6EF             (        forth.asm):03738                 fdb     CVTB
                      (        forth.asm):03739                 RFCS
F6FC 8601             (        forth.asm):03740 (2)             lda     #1
F6FE 9748             (        forth.asm):03741 (3)             sta     CVISSGN         Force a signed number conversion
F700 BDE812           (        forth.asm):03742 (7)     PTOP0   jsr     NPOP            N to X
F703 BDE479           (        forth.asm):03743 (7)             jsr     CVNSTR
F706 8E0197           (        forth.asm):03744 (3)             ldx     #TBUFF
F709 8620             (        forth.asm):03745 (2)             lda     #SP
F70B A180             (        forth.asm):03746 (4+1)   @ptop1  cmpa    ,x+             Skip leading spaces
F70D 27FC             (        forth.asm):03747 (3)             beq     @ptop1
F70F 301F             (        forth.asm):03748 (4+1)           leax    -1,x            Point to actual string start address
F711 BDE2F4           (        forth.asm):03749 (7)             jsr     PUTS
F714 7EE2E2           (        forth.asm):03750 (3)             jmp     PUTCH           Extra space after printing a number
                      (        forth.asm):03751         
F717 02               (        forth.asm):03752         UDOT    fcb     2               ANSI (Core)
F718 552E             (        forth.asm):03753                 fcc     'U.'            ( u -- )
F71A F6F8             (        forth.asm):03754                 fdb     DOT
                      (        forth.asm):03755                 RFCS
F71C 0F48             (        forth.asm):03756 (5)             clr     CVISSGN         Conversion is unsigned
F71E 20E0             (        forth.asm):03757 (3)             bra     PTOP0
                      (        forth.asm):03758         
F720 02               (        forth.asm):03759         DOTR    fcb     2               ANSI (Core ext)
F721 2E52             (        forth.asm):03760                 fcc     '.R'
F723 F717             (        forth.asm):03761                 fdb     UDOT
                      (        forth.asm):03762                 RFCS
F725 8601             (        forth.asm):03763 (2)             lda     #1
F727 9748             (        forth.asm):03764 (3)             sta     CVISSGN
F729 BDE812           (        forth.asm):03765 (7)     DOTR0   jsr     NPOP
F72C 3410             (        forth.asm):03766 (4+2)           pshs    x               Length parameter value
F72E BDE812           (        forth.asm):03767 (7)             jsr     NPOP
F731 BDE479           (        forth.asm):03768 (7)             jsr     CVNSTR
F734 8E0197           (        forth.asm):03769 (3)             ldx     #TBUFF
F737 8620             (        forth.asm):03770 (2)             lda     #SP
F739 A180             (        forth.asm):03771 (4+1)   @dotr1  cmpa    ,x+
F73B 27FC             (        forth.asm):03772 (3)             beq     @dotr1          Skip leading spaces
F73D 301F             (        forth.asm):03773 (4+1)           leax    -1,x
F73F BDE245           (        forth.asm):03774 (7)             jsr     SLEN            String length is returned in W
F742 3506             (        forth.asm):03775 (4+2)           puls    d
F744 1E06             (        forth.asm):03776 (5)             exg     d,w
F746 103206           (        forth.asm):03777 (4)             subr    d,w
F749 2F0D             (        forth.asm):03778 (3)             ble     @dotr3
F74B 8620             (        forth.asm):03779 (2)             lda     #SP
F74D 105D             (        forth.asm):03780 (2)     @dotr2  tstw
F74F 2707             (        forth.asm):03781 (3)             beq     @dotr3
F751 BDE2E2           (        forth.asm):03782 (7)             jsr     PUTCH
F754 105A             (        forth.asm):03783 (2)             decw
F756 20F5             (        forth.asm):03784 (3)             bra     @dotr2
F758 7EE2F4           (        forth.asm):03785 (3)     @dotr3  jmp     PUTS
                      (        forth.asm):03786         
F75B 03               (        forth.asm):03787         UDOTR   fcb     3               ANSI (Core ext)
F75C 552E52           (        forth.asm):03788                 fcc     'U.R'
F75F F720             (        forth.asm):03789                 fdb     DOTR
                      (        forth.asm):03790                 RFCS
F761 0F48             (        forth.asm):03791 (5)             clr     CVISSGN
F763 20C4             (        forth.asm):03792 (3)             bra     DOTR0
                      (        forth.asm):03793         
F765 02               (        forth.asm):03794         BL      fcb     2               ANSI (Core)
F766 424C             (        forth.asm):03795                 fcc     'BL'            ( -- char )
F768 F75B             (        forth.asm):03796                 fdb     UDOTR
                      (        forth.asm):03797                 RFCS
F76A 8E0020           (        forth.asm):03798 (3)             ldx     #SP
F76D 7EE803           (        forth.asm):03799 (3)             jmp     NPUSH
                      (        forth.asm):03800         
F770 05               (        forth.asm):03801         SPACE   fcb     5               ANSI (Core)
F771 5350414345       (        forth.asm):03802                 fcc     'SPACE'         ( -- )
F776 F765             (        forth.asm):03803                 fdb     BL
                      (        forth.asm):03804                 RFCS
F778 7EE2DA           (        forth.asm):03805 (3)             jmp     PUTSP
                      (        forth.asm):03806         
F77B 06               (        forth.asm):03807         SPACES  fcb     6               ANSI (Core)
F77C 535041434553     (        forth.asm):03808                 fcc     'SPACES'        ( n -- )
F782 F770             (        forth.asm):03809                 fdb     SPACE
                      (        forth.asm):03810                 RFCS
F784 BDE812           (        forth.asm):03811 (7)             jsr     NPOP
F787 8620             (        forth.asm):03812 (2)             lda     #SP
F789 1F16             (        forth.asm):03813 (4)             tfr     x,w
F78B 105D             (        forth.asm):03814 (2)             tstw
F78D 2601             (        forth.asm):03815 (3)     @loop   bne     @cont
F78F 39               (        forth.asm):03816 (4)             rts
F790 BDE2E2           (        forth.asm):03817 (7)     @cont   jsr     PUTCH
F793 105A             (        forth.asm):03818 (2)             decw
F795 20F6             (        forth.asm):03819 (3)             bra     @loop
                      (        forth.asm):03820         
F797 04               (        forth.asm):03821         PAGE    fcb     4               ANSI (Facility)
F798 50414745         (        forth.asm):03822                 fcc     'PAGE'
F79C F77B             (        forth.asm):03823                 fdb     SPACES
                      (        forth.asm):03824                 RFCS
F79E 8EFE80           (        forth.asm):03825 (3)             ldx     #CSVT100
F7A1 7EE2F4           (        forth.asm):03826 (3)             jmp     PUTS
                      (        forth.asm):03827         
F7A4 02               (        forth.asm):03828         CRLF    fcb     2               ANSI (Core)
F7A5 4352             (        forth.asm):03829                 fcc     'CR'            ( -- )
F7A7 F797             (        forth.asm):03830                 fdb     PAGE
                      (        forth.asm):03831                 RFCS
F7A9 7EE300           (        forth.asm):03832 (3)             jmp     PUTCR
                      (        forth.asm):03833         
F7AC 03               (        forth.asm):03834         PAD     fcb     3               ANSI (Core ext)
F7AD 504144           (        forth.asm):03835                 fcc     'PAD'
F7B0 F7A4             (        forth.asm):03836                 fdb     CRLF
                      (        forth.asm):03837                 RFCS
F7B2 8E02B3           (        forth.asm):03838 (3)             ldx     #PADBUF
F7B5 7EE803           (        forth.asm):03839 (3)             jmp     NPUSH
                      (        forth.asm):03840         
F7B8 04               (        forth.asm):03841         TYPE    fcb     4               ANSI (Core)
F7B9 54595045         (        forth.asm):03842                 fcc     'TYPE'          ( c-addr u -- )
F7BD F7AC             (        forth.asm):03843                 fdb     PAD
                      (        forth.asm):03844                 RFCS
F7BF BDE812           (        forth.asm):03845 (7)             jsr     NPOP            Character count (signed)
F7C2 1F16             (        forth.asm):03846 (4)             tfr     x,w
F7C4 BDE812           (        forth.asm):03847 (7)             jsr     NPOP            Buffer address
F7C7 105D             (        forth.asm):03848 (2)             tstw                    
F7C9 2601             (        forth.asm):03849 (3)     @loop   bne     @cont
F7CB 39               (        forth.asm):03850 (4)             rts
F7CC A680             (        forth.asm):03851 (4+1)   @cont   lda     ,x+
F7CE BDE2E2           (        forth.asm):03852 (7)             jsr     PUTCH
F7D1 105A             (        forth.asm):03853 (2)             decw
F7D3 20F4             (        forth.asm):03854 (3)             bra     @loop
                      (        forth.asm):03855         
F7D5 05               (        forth.asm):03856         COUNT   fcb     5               ANSI (Core)
F7D6 434F554E54       (        forth.asm):03857                 fcc     'COUNT'         ( c-addr1 -- c-addr2 u )
F7DB F7B8             (        forth.asm):03858                 fdb     TYPE
                      (        forth.asm):03859                 RFCS
F7DD BDE812           (        forth.asm):03860 (7)             jsr     NPOP            C-ADDR1 to X
F7E0 E680             (        forth.asm):03861 (4+1)           ldb     ,x+             B has LSB(U) and X has C-ADDR2
F7E2 3610             (        forth.asm):03862                 UCNPUSH                 C-ADDR2 to the data stack (B is preserved)
F7E4 4F               (        forth.asm):03863 (1)             clra
F7E5 1F01             (        forth.asm):03864 (4)             tfr     d,x
F7E7 7EE803           (        forth.asm):03865 (3)             jmp     NPUSH           U to the data stack
                      (        forth.asm):03866         
F7EA 06               (        forth.asm):03867         ACCEPT  fcb     6               ANSI (Core)
F7EB 414343455054     (        forth.asm):03868                 fcc     'ACCEPT'        ( c-addr +n1 -- +n2 )
F7F1 F7D5             (        forth.asm):03869                 fdb     COUNT
                      (        forth.asm):03870                 RFCS
F7F3 BDE812           (        forth.asm):03871 (7)             jsr     NPOP
F7F6 1F10             (        forth.asm):03872 (4)             tfr     x,d             Buffer length to B
F7F8 BDE812           (        forth.asm):03873 (7)             jsr     NPOP            Buffer address to X. B is preserved
F7FB BDE315           (        forth.asm):03874 (7)             jsr     GETS            Input character count is returned via B
F7FE 4F               (        forth.asm):03875 (1)             clra
F7FF 3606             (        forth.asm):03876 (4+2)           pshu    d               This saves us "tfr d,x" and "UCNPUSH"
F801 39               (        forth.asm):03877 (4)             rts
                      (        forth.asm):03878         
F802 49               (        forth.asm):03879         TERPRET fcb     $49             79-STANDARD (REF) I make this compile time only
F803 494E544552505245 (        forth.asm):03880                 fcc     'INTERPRET'     ( -- )
     54
F80C F7EA             (        forth.asm):03881                 fdb     ACCEPT
                      (        forth.asm):03882                 RFCS
                      (        forth.asm):03883         * Obtain a base buffer address based on the value of BLK.
F80E 9E34             (        forth.asm):03884 (4)             ldx     UBLK
F810 260B             (        forth.asm):03885 (3)             bne     @isblk
                      (        forth.asm):03886         * A Zero BLK value indicates the console OR a counted string set up by EVALUATE.
F812 8E022F           (        forth.asm):03887 (3)             ldx     #CMDBUF         Base buffer address for serial line input
F815 0D51             (        forth.asm):03888 (4)             tst     SRCID           Counted string?
F817 2710             (        forth.asm):03889 (3)             beq     @rsolvd         No. Back to the serial console
F819 9E28             (        forth.asm):03890 (4)             ldx     BSBFADR         BSBFADR and ISLEN have been set up previously
F81B 200C             (        forth.asm):03891 (3)             bra     @rsolvd
                      (        forth.asm):03892         * BLK is NZ, map the block in memory.
F81D BDE803           (        forth.asm):03893 (7)     @isblk  jsr     NPUSH           X has the target block number
F820 BDEB94           (        forth.asm):03894                 RFXT    jsr,BLOCK+8     XT for BLOCK. Map the block in
F823 3710             (        forth.asm):03895                 UCNPOP                  Retrieve buffer address (to X)
                      (        forth.asm):03896         * The physical address of the current block might have changed. This should be
                      (        forth.asm):03897         * reflected by clearing ISEADDR.
F825 104F             (        forth.asm):03898 (2)             clrd
F827 DD30             (        forth.asm):03899 (4)             std     ISEADDR
F829 9F28             (        forth.asm):03900 (4)     @rsolvd stx     BSBFADR
                      (        forth.asm):03901         * Note: >IN is supposed to have been set by the caller!
F82B DC32             (        forth.asm):03902 (4)             ldd     UTOIN
F82D 308B             (        forth.asm):03903 (4+2)           leax    d,x
F82F 7EE0C5           (        forth.asm):03904 (3)             jmp     _INTERP         Finally invoke _INTERP.
                      (        forth.asm):03905         
F832 04               (        forth.asm):03906         LOAD    fcb     4               ANSI (Block)
F833 4C4F4144         (        forth.asm):03907                 fcc     'LOAD'          ( i*x u -- j*x )
F837 F802             (        forth.asm):03908                 fdb     TERPRET
                      (        forth.asm):03909                 RFCS
F839 BDE812           (        forth.asm):03910 (7)             jsr     NPOP            ZFLAG is set by NPOP
F83C 2601             (        forth.asm):03911 (3)             bne     LOAD1
F83E 39               (        forth.asm):03912 (4)             rts                     Block 0 is _not_ loadable
F83F BDE894           (        forth.asm):03913 (7)     LOAD1   jsr     SAVINP          SAVE-INPUT. X is preserved
F842 9F34             (        forth.asm):03914 (4)             stx     UBLK            Update BLK with the LOAD argument
F844 CC0400           (        forth.asm):03915 (3)             ldd     #BLKSIZ         1024 bytes
F847 DD2E             (        forth.asm):03916 (4)             std     ISLEN           Set input stream length
F849 104F             (        forth.asm):03917 (2)             clrd
F84B 9751             (        forth.asm):03918 (3)             sta     SRCID           Not invoked in EVALUATE context
F84D DD32             (        forth.asm):03919 (4)     LOAD2   std     UTOIN           Clear >IN
F84F DD30             (        forth.asm):03920 (4)             std     ISEADDR         End of input stream address (excluded)
                      (        forth.asm):03921         * Map the new BLK in, interpret code from there.
F851 8EF80E           (        forth.asm):03922                 RFXT    ldx,#TERPRET+12 XT for INTERPRET
F854 BDE803           (        forth.asm):03923 (7)             jsr     NPUSH           to the data stack
F857 BDEAAC           (        forth.asm):03924                 RFXT    jsr,CATCH+8     ['] INTERPRET CATCH
F85A BDE8AF           (        forth.asm):03925 (7)             jsr     RSTINP          RESTORE-INPUT
F85D BDE8C9           (        forth.asm):03926 (7)             jsr     BKIN2PT         Map BLK in (if needed) and update BSBFADR
                      (        forth.asm):03927         * We need to throw back the caught exception (if any) before returning.
F860 7EEA56           (        forth.asm):03928                 RFXT    jmp,THROW+8
                      (        forth.asm):03929         
F863 08               (        forth.asm):03930         EVAL    fcb     8               ANSI (Core/Block)
F864 4556414C55415445 (        forth.asm):03931                 fcc     'EVALUATE'      ( i * x c-addr u -- j * x )
F86C F832             (        forth.asm):03932                 fdb     LOAD
                      (        forth.asm):03933                 RFCS
F86E BDEA1E           (        forth.asm):03934 (7)             jsr     MIN2PST         Need at least 2 parameters on the data stack
                      (        forth.asm):03935         * The whole thing looks like LOAD1 except we do not need to map a block in.
F871 BDE894           (        forth.asm):03936 (7)             jsr     SAVINP          SAVE-INPUT. X and Y are preserved
F874 3710             (        forth.asm):03937                 UCNPOP                  U to X
F876 9F2E             (        forth.asm):03938 (4)             stx     ISLEN           Set ISLEN from U
F878 3710             (        forth.asm):03939                 UCNPOP                  C-ADDR to X
F87A 9F28             (        forth.asm):03940 (4)             stx     BSBFADR         Set BSBFADR from C-ADDR
F87C 86FF             (        forth.asm):03941 (2)             lda     #$FF
F87E 9751             (        forth.asm):03942 (3)             sta     SRCID           -1 (byte) to SRCID. Invoked in EVALUATE context
F880 104F             (        forth.asm):03943 (2)             clrd                    Future value for >IN
F882 DD34             (        forth.asm):03944 (4)             std     UBLK            Target block number is zero
F884 20C7             (        forth.asm):03945 (3)             bra     LOAD2           Interpret, restore input context and proceed
                      (        forth.asm):03946         
F886 04               (        forth.asm):03947         THRU    fcb     4               ANSI (Block ext)
F887 54485255         (        forth.asm):03948                 fcc     'THRU'          ( u1 u2 -- )
F88B F863             (        forth.asm):03949                 fdb     EVAL
                      (        forth.asm):03950                 RFCS
F88D BDE812           (        forth.asm):03951 (7)             jsr     NPOP
F890 1F12             (        forth.asm):03952 (4)             tfr     x,y             Y has U2 (highblk)
F892 BDE812           (        forth.asm):03953 (7)             jsr     NPOP            X has U1 (lowblk)--both are unsigned numbers
F895 103712           (        forth.asm):03954 (4)     @thrlop cmpr    x,y
F898 2401             (        forth.asm):03955 (3)             bhs     @cont           Limit is >= to the loop index
F89A 39               (        forth.asm):03956 (4)             rts
F89B 3430             (        forth.asm):03957 (4+4)   @cont   pshs    x,y             Backup loop parameters
F89D 3610             (        forth.asm):03958                 UCNPUSH                 Current block number to the data stack
F89F 8D98             (        forth.asm):03959                 RFXT    bsr,LOAD+7      XT for LOAD
F8A1 3530             (        forth.asm):03960 (4+4)           puls    y,x             Retrieve loop parameters
F8A3 3001             (        forth.asm):03961 (4+1)           leax    1,x             Iterate over to the next screen
F8A5 20EE             (        forth.asm):03962 (3)             bra     @thrlop
                      (        forth.asm):03963         
F8A7 02               (        forth.asm):03964         MILLIS  fcb     2               ANSI (Facility ext)
F8A8 4D53             (        forth.asm):03965                 fcc     'MS'            ( u -- )
F8AA F886             (        forth.asm):03966                 fdb     THRU
                      (        forth.asm):03967                 RFCS
F8AC BDE812           (        forth.asm):03968 (7)             jsr     NPOP            ZFLAG is set by NPOP
F8AF 270B             (        forth.asm):03969 (3)             beq     @ms3
F8B1 CC031A           (        forth.asm):03970 (3)     MILLIS1 ldd     #MSLCNT
F8B4 104A             (        forth.asm):03971 (2)     @ms2    decd
F8B6 26FC             (        forth.asm):03972 (3)             bne     @ms2
F8B8 301F             (        forth.asm):03973 (4+1)           leax    -1,x
F8BA 26F5             (        forth.asm):03974 (3)             bne     MILLIS1
F8BC 39               (        forth.asm):03975 (4)     @ms3    rts
                      (        forth.asm):03976         
F8BD 04               (        forth.asm):03977         KEYP    fcb     4               ANSI (Facility)
F8BE 4B45593F         (        forth.asm):03978                 fcc     'KEY?'          ( -- flag )
F8C2 F8A7             (        forth.asm):03979                 fdb     MILLIS
                      (        forth.asm):03980                 RFCS
F8C4 1FC1             (        forth.asm):03981 (4)             tfr     0,x
F8C6 0D55             (        forth.asm):03982 (4)             tst     SERBCNT
F8C8 2702             (        forth.asm):03983 (3)             beq     @done
F8CA 301F             (        forth.asm):03984 (4+1)           leax    -1,x            Return the ANSI true
F8CC 7EE803           (        forth.asm):03985 (3)     @done   jmp     NPUSH
                      (        forth.asm):03986         
F8CF 03               (        forth.asm):03987         KEY     fcb     3               ANSI (Core)
F8D0 4B4559           (        forth.asm):03988                 fcc     'KEY'           ( -- char )
F8D3 F8BD             (        forth.asm):03989                 fdb     KEYP
                      (        forth.asm):03990                 RFCS
F8D5 BDE2AF           (        forth.asm):03991 (7)             jsr     GETCH
F8D8 1F89             (        forth.asm):03992 (4)             tfr     a,b
F8DA 4F               (        forth.asm):03993 (1)             clra
F8DB 1F01             (        forth.asm):03994 (4)             tfr     d,x
F8DD 7EE803           (        forth.asm):03995 (3)             jmp     NPUSH
                      (        forth.asm):03996         
F8E0 04               (        forth.asm):03997         EMIT    fcb     4               ANSI (Core)
F8E1 454D4954         (        forth.asm):03998                 fcc     'EMIT'          ( x -- )
F8E5 F8CF             (        forth.asm):03999                 fdb     KEY
                      (        forth.asm):04000                 RFCS
F8E7 BDE812           (        forth.asm):04001 (7)             jsr     NPOP
F8EA 1F10             (        forth.asm):04002 (4)             tfr     x,d
F8EC 1F98             (        forth.asm):04003 (4)             tfr     b,a
F8EE 7EE2E2           (        forth.asm):04004 (3)             jmp     PUTCH
                      (        forth.asm):04005         
F8F1 01               (        forth.asm):04006         PLUS    fcb     1               ANSI (Core)
F8F2 2B               (        forth.asm):04007                 fcc     '+'             ( n1 | u1 n2 | u2 -- n3 | u3 )
F8F3 F8E0             (        forth.asm):04008                 fdb     EMIT
                      (        forth.asm):04009                 RFCS
F8F5 BDEA1E           (        forth.asm):04010 (7)             jsr     MIN2PST         We need at least two cells stacked up
F8F8 EC42             (        forth.asm):04011 (5+1)           ldd     2,u             N1 to D
F8FA E3C4             (        forth.asm):04012 (5+0)           addd    ,u              D has N1+N2
F8FC ED42             (        forth.asm):04013 (5+1)           std     2,u             D to N3
F8FE 3342             (        forth.asm):04014 (4+1)           leau    2,u             Drop the top cell
F900 39               (        forth.asm):04015 (4)             rts
                      (        forth.asm):04016         
F901 02               (        forth.asm):04017         ONEM    fcb     2               ANSI (Core)
F902 312D             (        forth.asm):04018                 fcc     '1-'            ( n1|u1 -- n2|u2 )
F904 F8F1             (        forth.asm):04019                 fdb     PLUS
                      (        forth.asm):04020                 RFCS
F906 BDEA19           (        forth.asm):04021 (7)             jsr     MIN1PST         We need at least one cell stacked up
F909 ECC4             (        forth.asm):04022 (5+0)           ldd     ,u
F90B 104A             (        forth.asm):04023 (2)             decd
F90D EDC4             (        forth.asm):04024 (5+0)           std     ,u
F90F 39               (        forth.asm):04025 (4)             rts
                      (        forth.asm):04026         
F910 02               (        forth.asm):04027         ONEP    fcb     2               ANSI (Core)
F911 312B             (        forth.asm):04028                 fcc     '1+'            ( n1|u1 -- n2|u2 )
F913 F901             (        forth.asm):04029                 fdb     ONEM
                      (        forth.asm):04030                 RFCS
F915 BDEA19           (        forth.asm):04031 (7)             jsr     MIN1PST         We need at least one cell stacked up
F918 ECC4             (        forth.asm):04032 (5+0)           ldd     ,u
F91A 104C             (        forth.asm):04033 (2)             incd
F91C EDC4             (        forth.asm):04034 (5+0)           std     ,u
F91E 39               (        forth.asm):04035 (4)             rts
                      (        forth.asm):04036         
F91F 01               (        forth.asm):04037         MINUS   fcb     1               ANSI (Core)
F920 2D               (        forth.asm):04038                 fcc     '-'             ( n1|u1 n2|u2 -- n3|u3 )
F921 F910             (        forth.asm):04039                 fdb     ONEP
                      (        forth.asm):04040                 RFCS
F923 BDEA1E           (        forth.asm):04041 (7)             jsr     MIN2PST         We need at least two cells stacked up
F926 EC42             (        forth.asm):04042 (5+1)           ldd     2,u             N1 to D
F928 A3C4             (        forth.asm):04043 (5+0)           subd    ,u              D has N1-N2
F92A ED42             (        forth.asm):04044 (5+1)           std     2,u             Store D to N3
F92C 3342             (        forth.asm):04045 (4+1)           leau    2,u             Drop the top cell
F92E 39               (        forth.asm):04046 (4)             rts
                      (        forth.asm):04047         
F92F 05               (        forth.asm):04048         FALSE   fcb     5               ANSI (Core ext)
F930 46414C5345       (        forth.asm):04049                 fcc     'FALSE'
F935 F91F             (        forth.asm):04050                 fdb     MINUS
                      (        forth.asm):04051                 RFCS
F937 1FC1             (        forth.asm):04052 (4)             tfr     0,x
F939 7EE803           (        forth.asm):04053 (3)             jmp     NPUSH
                      (        forth.asm):04054         
F93C 04               (        forth.asm):04055         TRUE    fcb     4               ANSI (Core ext)
F93D 54525545         (        forth.asm):04056                 fcc     'TRUE'
F941 F92F             (        forth.asm):04057                 fdb     FALSE
                      (        forth.asm):04058                 RFCS
F943 8EFFFF           (        forth.asm):04059 (3)             ldx     #-1
F946 7EE803           (        forth.asm):04060 (3)             jmp     NPUSH
                      (        forth.asm):04061         
F949 05               (        forth.asm):04062         SHIFT   fcb     5               79-STANDARD (REF)
F94A 5348494654       (        forth.asm):04063                 fcc     'SHIFT'
F94F F93C             (        forth.asm):04064                 fdb     TRUE
                      (        forth.asm):04065                 RFCS
F951 BDEA1E           (        forth.asm):04066 (7)             jsr     MIN2PST         Two cells need to be stacked up
F954 10A6C4           (        forth.asm):04067 (6+0)           ldw     ,u              Shift bitcount
F957 EC42             (        forth.asm):04068 (5+1)           ldd     2,u             The data itself
F959 105D             (        forth.asm):04069 (2)     @shftlp tstw
F95B 2712             (        forth.asm):04070 (3)             beq     @shfdon
F95D 2D08             (        forth.asm):04071 (3)             blt     @shftrg
F95F 1048             (        forth.asm):04072 (2)             lsld                    Shift left (W is positive)
F961 270C             (        forth.asm):04073 (3)             beq     @shfdon         Done if outcome is zero
F963 105A             (        forth.asm):04074 (2)             decw
F965 20F2             (        forth.asm):04075 (3)             bra     @shftlp
F967 1044             (        forth.asm):04076 (2)     @shftrg lsrd                    Shift right (W is negative)
F969 2704             (        forth.asm):04077 (3)             beq     @shfdon         Done if outcome is zero
F96B 105C             (        forth.asm):04078 (2)             incw
F96D 20EA             (        forth.asm):04079 (3)             bra     @shftlp
F96F ED42             (        forth.asm):04080 (5+1)   @shfdon std     2,u             Return value stored there
F971 3342             (        forth.asm):04081 (4+1)           leau    2,u             Drop one cell from the data stack
F973 39               (        forth.asm):04082 (4)             rts
                      (        forth.asm):04083         
                      (        forth.asm):04084         * Signed multiplication by hardware support.
F974 01               (        forth.asm):04085         MULT    fcb     1               ANSI (Core)
F975 2A               (        forth.asm):04086                 fcc     '*'             ( n1|u1 n2|u2 -- n3|u3 [n4|u4] )
F976 F949             (        forth.asm):04087                 fdb     SHIFT
                      (        forth.asm):04088                 RFCS
F978 0F42             (        forth.asm):04089 (5)             clr     MULFCN          Function 0 is *
F97A BDEA1E           (        forth.asm):04090 (7)     MULT1   jsr     MIN2PST         Two cells need to be stacked up
F97D EC42             (        forth.asm):04091 (5+1)           ldd     2,u             N1 to D
F97F 11AFC4           (        forth.asm):04092 (30+0)          muld    ,u              D:W has N1*N2
F982 10A742           (        forth.asm):04093 (6+1)           stw     2,u             LSC to N3
F985 0D42             (        forth.asm):04094 (4)             tst     MULFCN
F987 2603             (        forth.asm):04095 (3)             bne     @mstsem
                      (        forth.asm):04096         * Semantics: return only the LSC.
F989 3342             (        forth.asm):04097 (4+1)           leau    2,u             Drop one cell from the data stack
F98B 39               (        forth.asm):04098 (4)             rts
                      (        forth.asm):04099         * M* semantics, also return the MSC.
F98C EDC4             (        forth.asm):04100 (5+0)   @mstsem std     ,u              MSC to N4
F98E 39               (        forth.asm):04101 (4)             rts
                      (        forth.asm):04102         
F98F 02               (        forth.asm):04103         MSTAR   fcb     2               ANSI (Core)
F990 4D2A             (        forth.asm):04104                 fcc     'M*'            ( n1 n2 -- d )
F992 F974             (        forth.asm):04105                 fdb     MULT
F994 8601             (        forth.asm):04106 (2)             lda     #1
F996 9742             (        forth.asm):04107 (3)             sta     MULFCN          Function 1 is M*
F998 20E0             (        forth.asm):04108 (3)             bra     MULT1
                      (        forth.asm):04109         
                      (        forth.asm):04110         * The algorithm implemented here is similar to Donald's Knuth algorithm M,
                      (        forth.asm):04111         * as described in "The Art of Computer Programming", Volume II, 3rd edition,
                      (        forth.asm):04112         * section 4.3.1, pp 268. It is not as generic as algorithm M but fits our
                      (        forth.asm):04113         * particular purpose here: a 16x16 bit unsigned multiplication that yields
                      (        forth.asm):04114         * a 32 bit result. A simpler description of algorithm M can be found in
                      (        forth.asm):04115         * Henry S. Warren Junior's "Hacker's Delight", second edition, section 8-1,
                      (        forth.asm):04116         * pp 171. A C prototype implementation for a little endian host is provided
                      (        forth.asm):04117         * in SW/util/umstar.c.
                      (        forth.asm):04118         * In essence we reduce the problem to a 2 digit by 2 digit (expressed in
                      (        forth.asm):04119         * base 256) multiplication and use the 6809 MUL (A * B -> D) instruction.
F99A 03               (        forth.asm):04120         UMSTAR  fcb     3               ANSI (Core)
F99B 554D2A           (        forth.asm):04121                 fcc     'UM*'           ( u1 u2 -- ud )
F99E F98F             (        forth.asm):04122                 fdb     MSTAR
                      (        forth.asm):04123                 RFCS
F9A0 BDEA1E           (        forth.asm):04124 (7)             jsr     MIN2PST         2 parameters need to be stacked up
                      (        forth.asm):04125         * Register allocation notes:
                      (        forth.asm):04126         * X: pointer to ud1 (ARG_U/p in the C code).
                      (        forth.asm):04127         * Y: pointer to ud2 (ARG_V/q in the C code).
                      (        forth.asm):04128         * E: Inner loop index (i in the C code).
                      (        forth.asm):04129         * F: Outer loop index (j in the C code).
                      (        forth.asm):04130         *
                      (        forth.asm):04131         * We save U to the system stack and use it to point to a scratch area allocated
                      (        forth.asm):04132         * from the system stack that will contain the 4 bytes (double cell) ultimately
                      (        forth.asm):04133         * holding the result (MSB first, what else?).
                      (        forth.asm):04134         *
                      (        forth.asm):04135         * System stack structure:
                      (        forth.asm):04136         * ,S    Result scratch area (Result MSB)
                      (        forth.asm):04137         * 2,S   Result scratch area (Result LSB)
                      (        forth.asm):04138         * 4,S   Saved U register
                      (        forth.asm):04139         * Total: 6 bytes.
F9A3 327A             (        forth.asm):04140 (4+1)           leas    -6,s            Allocate system stack scratch space
F9A5 EF64             (        forth.asm):04141 (5+1)           stu     4,s             Save the U register
F9A7 104F             (        forth.asm):04142 (2)             clrd
F9A9 EDE4             (        forth.asm):04143 (5+0)           std     ,s              Initialize the result's MSB
F9AB ED62             (        forth.asm):04144 (5+1)           std     2,s             Initialize the result's LSB
F9AD 3141             (        forth.asm):04145 (4+1)           leay    1,u             Initialize outer loop pointer (q in the C code)
F9AF 3363             (        forth.asm):04146 (4+1)           leau    3,s             Initialize the result pointer (r in the C code)
F9B1 11C602           (        forth.asm):04147 (3)             ldf     #2              Outer loop index
F9B4 AE64             (        forth.asm):04148 (5+1)   @outer  ldx     4,s             Saved U register
F9B6 3003             (        forth.asm):04149 (4+1)           leax    3,x             Initialize inner loop pointer (p in the C code)
F9B8 118602           (        forth.asm):04150 (3)             lde     #2              Inner loop index
F9BB A684             (        forth.asm):04151 (4+0)   @inner  lda     ,x              *p to A
F9BD E6A4             (        forth.asm):04152 (4+0)           ldb     ,y              *q to B
F9BF 3D               (        forth.asm):04153 (10)            mul                     *p * *q to D (tmpval in the C code)
F9C0 E35F             (        forth.asm):04154 (5+1)           addd    -1,u            r[-1] += tmpval
F9C2 ED5F             (        forth.asm):04155 (5+1)           std     -1,u
F9C4 2402             (        forth.asm):04156 (3)             bcc     @ncarry
F9C6 6C5E             (        forth.asm):04157 (6+1)           inc     -2,u            r[-2] += carry (propagate carry from ADDD above)
F9C8 335F             (        forth.asm):04158 (4+1)   @ncarry leau    -1,u            r--
F9CA 301F             (        forth.asm):04159 (4+1)           leax    -1,x            p--
F9CC 114A             (        forth.asm):04160 (2)             dece                    i--
F9CE 26EB             (        forth.asm):04161 (3)             bne     @inner
F9D0 3341             (        forth.asm):04162 (4+1)           leau    1,u             r++
F9D2 313F             (        forth.asm):04163 (4+1)           leay    -1,y            q--
F9D4 115A             (        forth.asm):04164 (2)             decf                    j--
F9D6 26DC             (        forth.asm):04165 (3)             bne     @outer
F9D8 EE64             (        forth.asm):04166 (5+1)           ldu     4,s             Restore the U register
F9DA 10ECE4           (        forth.asm):04167 (8+0)           ldq     ,s
F9DD 10EDC4           (        forth.asm):04168 (8+0)           stq     ,u              Result to the data stack (in place)
F9E0 3266             (        forth.asm):04169 (4+1)           leas    6,s             Release system stack scratch space
F9E2 39               (        forth.asm):04170 (4)             rts
                      (        forth.asm):04171         
F9E3 05               (        forth.asm):04172         CELLS   fcb     5               ANSI (Core)
F9E4 43454C4C53       (        forth.asm):04173                 fcc     'CELLS'         ( n1 -- n2 )
F9E9 F99A             (        forth.asm):04174                 fdb     UMSTAR
                      (        forth.asm):04175                 RFCS
F9EB 2005             (        forth.asm):04176                 RFXT    bra,TWOTIM+5
                      (        forth.asm):04177         
F9ED 02               (        forth.asm):04178         TWOTIM  fcb     2               ANSI (Core)
F9EE 322A             (        forth.asm):04179                 fcc     '2*'            ( x1 -- x2 )
F9F0 F9E3             (        forth.asm):04180                 fdb     CELLS
                      (        forth.asm):04181                 RFCS
F9F2 BDEA19           (        forth.asm):04182 (7)             jsr     MIN1PST         One cell needs to be stacked up
F9F5 ECC4             (        forth.asm):04183 (5+0)           ldd     ,u
F9F7 1048             (        forth.asm):04184 (2)             asld
F9F9 EDC4             (        forth.asm):04185 (5+0)           std     ,u
F9FB 39               (        forth.asm):04186 (4)             rts
                      (        forth.asm):04187         
F9FC 02               (        forth.asm):04188         TWODIV  fcb     2               ANSI (Core)
F9FD 322F             (        forth.asm):04189                 fcc     '2/'            ( x1 -- x2 )
F9FF F9ED             (        forth.asm):04190                 fdb     TWOTIM
                      (        forth.asm):04191                 RFCS
FA01 BDEA19           (        forth.asm):04192 (7)             jsr     MIN1PST         One cell needs to be stacked up
FA04 ECC4             (        forth.asm):04193 (5+0)           ldd     ,u
FA06 1047             (        forth.asm):04194 (2)             asrd
FA08 EDC4             (        forth.asm):04195 (5+0)           std     ,u
FA0A 39               (        forth.asm):04196 (4)             rts
                      (        forth.asm):04197         
FA0B 03               (        forth.asm):04198         MOD     fcb     3               ANSI (Core)
FA0C 4D4F44           (        forth.asm):04199                 fcc     'MOD'           ( N1 N2 -- N3 )
FA0F F9FC             (        forth.asm):04200                 fdb     TWODIV
                      (        forth.asm):04201                 RFCS
FA11 8601             (        forth.asm):04202 (2)             lda     #DVFMOD
FA13 973F             (        forth.asm):04203 (3)             sta     DIVFCN          Function 1: return only the modulo
FA15 2031             (        forth.asm):04204 (3)             bra     DIV1
                      (        forth.asm):04205         
FA17 04               (        forth.asm):04206         SLMOD   fcb     4               ANSI (Core)
FA18 2F4D4F44         (        forth.asm):04207                 fcc     '/MOD'          ( N1 N2 -- N3 N4 )
FA1C FA0B             (        forth.asm):04208                 fdb     MOD
                      (        forth.asm):04209                 RFCS
FA1E 0F3F             (        forth.asm):04210 (5)             clr     DIVFCN          Function 0: return the quotient and the modulo
FA20 2026             (        forth.asm):04211 (3)             bra     DIV1
                      (        forth.asm):04212         
FA22 06               (        forth.asm):04213         FMSLMOD fcb     6               ANSI (Core)
FA23 464D2F4D4F44     (        forth.asm):04214                 fcc     'FM/MOD'        ( D1 N1 -- N2 N3 )
FA29 FA17             (        forth.asm):04215                 fdb     SLMOD
                      (        forth.asm):04216                 RFCS
FA2B 8608             (        forth.asm):04217 (2)             lda     #(DVFSLMD|DVOA1D) Function 0, arg #1 is double
FA2D 973F             (        forth.asm):04218 (3)             sta     DIVFCN
FA2F 2017             (        forth.asm):04219 (3)             bra     DIV1
                      (        forth.asm):04220         
FA31 06               (        forth.asm):04221         SMSLREM fcb     6               ANSI (Core)
FA32 534D2F52454D     (        forth.asm):04222                 fcc     'SM/REM'        ( D1 N1 -- N2 N3 )
FA38 FA22             (        forth.asm):04223                 fdb     FMSLMOD
                      (        forth.asm):04224                 RFCS
                      (        forth.asm):04225         * Function 0, arg #1 is double, want symmetric division.
FA3A 8618             (        forth.asm):04226 (2)             lda     #(DVFSLMD|DVOA1D|DVOWSYM)
FA3C 973F             (        forth.asm):04227 (3)             sta     DIVFCN
FA3E 2008             (        forth.asm):04228 (3)             bra     DIV1
                      (        forth.asm):04229         
                      (        forth.asm):04230         * /, MOD and /MOD are essentially the same function returning
                      (        forth.asm):04231         * the different parts returned by DIVQ.
                      (        forth.asm):04232         * We use a global variable to distinguish which functionality
                      (        forth.asm):04233         * is being requested:
                      (        forth.asm):04234         * 0: return the modulo and the quotient (/MOD).
                      (        forth.asm):04235         * 1: return the modulo only (MOD).
                      (        forth.asm):04236         * 2: return the quotient only (/).
FA40 01               (        forth.asm):04237         DIV     fcb     1               ANSI (Core)
FA41 2F               (        forth.asm):04238                 fcc     '/'             ( n1|d1 n2 -- n3 [n4] )
FA42 FA31             (        forth.asm):04239                 fdb     SMSLREM
                      (        forth.asm):04240                 RFCS
FA44 8602             (        forth.asm):04241 (2)             lda     #DVFDIV
FA46 973F             (        forth.asm):04242 (3)             sta     DIVFCN          Function 2: return only the quotient
FA48 0F43             (        forth.asm):04243 (5)     DIV1    clr     F83DIVF         Assume no adjustment required for floored div.
                      (        forth.asm):04244         
                      (        forth.asm):04245         * Split function code options into individual flags, extract base function code.
FA4A 0F40             (        forth.asm):04246 (5)             clr     DIVDBL
FA4C 0F41             (        forth.asm):04247 (5)             clr     DIVSYM
FA4E 8601             (        forth.asm):04248 (2)             lda     #1
FA50 D63F             (        forth.asm):04249 (3)             ldb     DIVFCN
FA52 C508             (        forth.asm):04250 (2)             bitb    #DVOA1D
FA54 2702             (        forth.asm):04251 (3)             beq     *+4
FA56 9740             (        forth.asm):04252 (3)             sta     DIVDBL
FA58 C510             (        forth.asm):04253 (2)             bitb    #DVOWSYM
FA5A 2702             (        forth.asm):04254 (3)             beq     *+4
FA5C 9741             (        forth.asm):04255 (3)             sta     DIVSYM
FA5E C407             (        forth.asm):04256 (2)             andb    #DVFMASK
FA60 D73F             (        forth.asm):04257 (3)             stb     DIVFCN
                      (        forth.asm):04258         
FA62 0D40             (        forth.asm):04259 (4)             tst     DIVDBL          Numerator is double cell?
FA64 2605             (        forth.asm):04260 (3)             bne     *+7             Yes
FA66 BDEA1E           (        forth.asm):04261 (7)             jsr     MIN2PST         Assert single cell division reqs are met
FA69 2003             (        forth.asm):04262 (3)             bra     *+5             Stacked parameters reqs verified OK
FA6B BDEA23           (        forth.asm):04263 (7)             jsr     MIN3PST         Assert double cell division reqs are met
                      (        forth.asm):04264         
FA6E 0D41             (        forth.asm):04265 (4)             tst     DIVSYM
FA70 2608             (        forth.asm):04266 (3)             bne     @dvsym          Symmetric division is wanted
FA72 A642             (        forth.asm):04267 (4+1)           lda     2,u             Numerator's MSB
FA74 A8C4             (        forth.asm):04268 (4+0)           eora    ,u              Different sign from the denominator's MSB?
FA76 2A02             (        forth.asm):04269 (3)             bpl     @dvsym          No, proceed to the division code
FA78 0C43             (        forth.asm):04270 (5)             inc     F83DIVF         Numerator and denominator have different signs
FA7A 0D40             (        forth.asm):04271 (4)     @dvsym  tst     DIVDBL
FA7C 2705             (        forth.asm):04272 (3)             beq     @dvsgn
FA7E 10EC42           (        forth.asm):04273 (8+1)           ldq     2,u             Double cell numerator to D:W
FA81 2009             (        forth.asm):04274 (3)             bra     @dvactu
                      (        forth.asm):04275         * Division by zero conditions are dealt with through the trap handler.
FA83 104F             (        forth.asm):04276 (2)     @dvsgn  clrd                    Clear the numerator's MSC
FA85 10A642           (        forth.asm):04277 (6+1)           ldw     2,u             Numerator's LSC
FA88 2A02             (        forth.asm):04278 (3)             bpl     @dvactu         Branch if no sign extension is needed
                      (        forth.asm):04279         * Sign extension from W to Q.
FA8A 1043             (        forth.asm):04280 (2)             comd                    -1 to D (numerator's MSC)
FA8C 11AEC4           (        forth.asm):04281 (36)    @dvactu divq    ,u              ,u has the denominator
FA8F 8D1F             (        forth.asm):04282 (6)             bsr     FDIVADJ         Perform floored division adjustment, if needed
                      (        forth.asm):04283         
FA91 0D40             (        forth.asm):04284 (4)             tst     DIVDBL
FA93 2702             (        forth.asm):04285 (3)             beq     *+4
FA95 3342             (        forth.asm):04286 (4+1)           leau    2,u             Drop one cell from the data stack
                      (        forth.asm):04287         
FA97 0D3F             (        forth.asm):04288 (4)             tst     DIVFCN
FA99 2606             (        forth.asm):04289 (3)             bne     @div4
FA9B ED42             (        forth.asm):04290 (5+1)           std     2,u             Function 0: return the modulo and the quotient
FA9D 10A7C4           (        forth.asm):04291 (6+0)   @div3   stw     ,u              Function 2: return only the quotient
FAA0 39               (        forth.asm):04292 (4)             rts
FAA1 3342             (        forth.asm):04293 (4+1)   @div4   leau    2,u             Drop one cell from the data stack
FAA3 1F07             (        forth.asm):04294 (4)             tfr     d,v             Backup the modulo
FAA5 963F             (        forth.asm):04295 (3)             lda     DIVFCN
FAA7 8101             (        forth.asm):04296 (2)             cmpa    #1
FAA9 26F2             (        forth.asm):04297 (3)             bne     @div3
FAAB 1F70             (        forth.asm):04298 (4)             tfr     v,d             Restore the modulo
FAAD EDC4             (        forth.asm):04299 (5+0)           std     ,u              Function 1: return only the modulo
FAAF 39               (        forth.asm):04300 (4)             rts
                      (        forth.asm):04301         
                      (        forth.asm):04302         * Quotient is returned in W, modulo in D but this is symmetric division :-(
                      (        forth.asm):04303         * Need to return a floored division result for compat. with F83 and ANSI impls.
FAB0 104D             (        forth.asm):04304 (2)     FDIVADJ tstd                    Is the remainder zero?
FAB2 2708             (        forth.asm):04305 (3)             beq     @no83ad         Yes. No adjusment required for floored division
FAB4 0D43             (        forth.asm):04306 (4)             tst     F83DIVF         Different signs for numerator and denominator?
FAB6 2704             (        forth.asm):04307 (3)             beq     @no83ad         No. Adjusment not needed for floored division
                      (        forth.asm):04308         * Adjusment for F83 floored division.
FAB8 105A             (        forth.asm):04309 (2)             decw                    Decrement the quotient
FABA E3C4             (        forth.asm):04310 (5+0)           addd    ,u              Add the denominator to the modulo
FABC 39               (        forth.asm):04311 (4)     @no83ad rts
                      (        forth.asm):04312         
FABD 02               (        forth.asm):04313         STRSLSH fcb     2               ANSI (Core)
FABE 2A2F             (        forth.asm):04314                 fcc     '*/'            ( N1 N2 N3 -- N4 [N5] )
FAC0 FA40             (        forth.asm):04315                 fdb     DIV
                      (        forth.asm):04316                 RFCS
FAC2 8601             (        forth.asm):04317 (2)             lda     #1
FAC4 9744             (        forth.asm):04318 (3)             sta     STSLFCN
FAC6 BDEA23           (        forth.asm):04319 (7)     STRSL1  jsr     MIN3PST         Three cells need to be stacked up
FAC9 0F43             (        forth.asm):04320 (5)             clr     F83DIVF         Assume no adjustment required for floored div.
                      (        forth.asm):04321         * Division by zero conditions are dealt with through the trap handler.
FACB EC44             (        forth.asm):04322 (5+1)           ldd     4,u             N1
FACD 11AF42           (        forth.asm):04323 (30+1)          muld    2,u             N2 (N1 * N2 -> D:W)
FAD0 3402             (        forth.asm):04324 (4+1)           pshs    a               Product's MSC's MSB
FAD2 A8C4             (        forth.asm):04325 (4+0)           eora    ,u              Different sign from the denominator's?
FAD4 2A02             (        forth.asm):04326 (3)             bpl     @stslpr         No. Floored division adjustment not needed
FAD6 0C43             (        forth.asm):04327 (5)             inc     F83DIVF
FAD8 3502             (        forth.asm):04328 (4+1)   @stslpr puls    a
FADA 11AEC4           (        forth.asm):04329 (36)            divq    ,u              N3
FADD 8DD1             (        forth.asm):04330 (6)             bsr     FDIVADJ         Perform floored division adjustment, if needed
FADF 3342             (        forth.asm):04331 (4+1)           leau    2,u
FAE1 0D44             (        forth.asm):04332 (4)             tst     STSLFCN
FAE3 2606             (        forth.asm):04333 (3)             bne     @strsl2         Just the quotient, Ma'am!
FAE5 ED42             (        forth.asm):04334 (5+1)           std     2,u             N4: the modulo
FAE7 10A7C4           (        forth.asm):04335 (6+0)           stw     ,u              N5: the quotient
FAEA 39               (        forth.asm):04336 (4)             rts
FAEB 3342             (        forth.asm):04337 (4+1)   @strsl2 leau    2,u
FAED 10A7C4           (        forth.asm):04338 (6+0)           stw     ,u              N4
FAF0 39               (        forth.asm):04339 (4)             rts
                      (        forth.asm):04340         
FAF1 05               (        forth.asm):04341         STRSLMD fcb     5               ANSI (Core)
FAF2 2A2F4D4F44       (        forth.asm):04342                 fcc     '*/MOD'         ( N1 N2 N3 -- N4 N5 )
FAF7 FABD             (        forth.asm):04343                 fdb     STRSLSH
                      (        forth.asm):04344                 RFCS
FAF9 0F44             (        forth.asm):04345 (5)             clr     STSLFCN
FAFB 20C9             (        forth.asm):04346 (3)             bra     STRSL1
                      (        forth.asm):04347         
FAFD 06               (        forth.asm):04348         UMSLMOD fcb     6               ANSI (Core)
FAFE 554D2F4D4F44     (        forth.asm):04349                 fcc     'UM/MOD'        ( ud u1 -- u2 u3 )
FB04 FAF1             (        forth.asm):04350                 fdb     STRSLMD
                      (        forth.asm):04351                 RFCS
FB06 BDEA23           (        forth.asm):04352 (7)             jsr     MIN3PST
FB09 ECC4             (        forth.asm):04353 (5+0)           ldd     ,u              Is U1 zero?
FB0B 2605             (        forth.asm):04354 (3)             bne     @cont           No
FB0D C6F5             (        forth.asm):04355 (2)     @oor    ldb     #EOORNG         Division by zero/Out of range
FB0F BDEA60           (        forth.asm):04356 (7)             jsr     SYSTHR8         No return
FB12 BDE812           (        forth.asm):04357 (7)     @cont   jsr     NPOP
FB15 1F10             (        forth.asm):04358 (4)             tfr     x,d             U1 (denominator) to D
FB17 BDE812           (        forth.asm):04359 (7)             jsr     NPOP
FB1A 1F12             (        forth.asm):04360 (4)             tfr     x,y             Numerator MSC TO Y
FB1C BDE812           (        forth.asm):04361 (7)             jsr     NPOP            Numerator LSC to X
FB1F 32E8EF           (        forth.asm):04362 (4+1)           leas    -17,s
FB22 ED6E             (        forth.asm):04363 (5+1)           std     14,s            Denominator
FB24 AF6C             (        forth.asm):04364 (5+1)           stx     12,s            Numerator least significant cell
FB26 10AF6A           (        forth.asm):04365 (6+1)           sty     10,s            Numerator most significant cell
FB29 BDF68C           (        forth.asm):04366 (7)             jsr     DBDIVSG
FB2C EC66             (        forth.asm):04367 (5+1)           ldd     6,s             Quotient high
FB2E 26DD             (        forth.asm):04368 (3)             bne     @oor            Out of range
FB30 AEE4             (        forth.asm):04369 (5+0)           ldx     ,s              Remainder (U2)
FB32 3610             (        forth.asm):04370                 UCNPUSH
FB34 AE68             (        forth.asm):04371 (5+1)           ldx     8,s             Quotient low (U3)
FB36 3610             (        forth.asm):04372                 UCNPUSH
FB38 32E811           (        forth.asm):04373 (4+1)           leas    17,s
FB3B 39               (        forth.asm):04374 (4)             rts
                      (        forth.asm):04375         
                      (        forth.asm):04376         * Returns the current value of the Sreg register (informational only).
                      (        forth.asm):04377         * This word is either called (JSROPC) or jumped to (JMPOPC), as a result
                      (        forth.asm):04378         * of the tail call optimization process. There is no way to tell the
                      (        forth.asm):04379         * difference. Here we assume that it is called and return Sreg.
FB3C 01               (        forth.asm):04380         SYSSTK  fcb     1               Non-standard
FB3D 53               (        forth.asm):04381                 fcc     'S'
FB3E FAFD             (        forth.asm):04382                 fdb     UMSLMOD
                      (        forth.asm):04383                 RFCS
FB40 1F41             (        forth.asm):04384 (4)             tfr     s,x
FB42 7EE803           (        forth.asm):04385 (3)             jmp     NPUSH
                      (        forth.asm):04386         
FB45 02               (        forth.asm):04387         SYSSTAT fcb     2               Non-standard
FB46 5340             (        forth.asm):04388                 fcc     'S@'
FB48 FB3C             (        forth.asm):04389                 fdb     SYSSTK
                      (        forth.asm):04390                 RFCS
FB4A AEE4             (        forth.asm):04391 (5+0)           ldx     ,s
FB4C 7EE803           (        forth.asm):04392 (3)             jmp     NPUSH
                      (        forth.asm):04393         
FB4F 07               (        forth.asm):04394         PAYLOAD fcb     7               Non standard
FB50 5041594C4F4144   (        forth.asm):04395                 fcc     'PAYLOAD'       ( -- len ) where len is the code payload
FB57 FB45             (        forth.asm):04396                 fdb     SYSSTAT         of the word located by FIND (or NULL)
                      (        forth.asm):04397                 RFCS
FB59 9E18             (        forth.asm):04398 (4)             ldx     FNDPLD          Code payload reported by FIND
FB5B 7EE803           (        forth.asm):04399 (3)             jmp     NPUSH
                      (        forth.asm):04400         
                      (        forth.asm):04401         * Differences from the original code (WORDS):
                      (        forth.asm):04402         * - display number in HEX rather than in the current base.
                      (        forth.asm):04403         * - dropped feat: the original stuff was interactively paged by 15 line screens.
                      (        forth.asm):04404         * - added feat: display code implementation payload.
                      (        forth.asm):04405         * - added feat: display the immedediate and define (compile time only) flags.
                      (        forth.asm):04406         * - added feat: display the forgettable status (R/W). Everything user
                      (        forth.asm):04407         *   defined is forgettable (i.e. RAM resident).
FB5E 05               (        forth.asm):04408         WORDS   fcb     5               ANSI (Programming tools)
FB5F 574F524453       (        forth.asm):04409                 fcc     'WORDS'         ( -- )
FB64 FB4F             (        forth.asm):04410                 fdb     PAYLOAD
                      (        forth.asm):04411                 RFCS
FB66 9E10             (        forth.asm):04412 (4)             ldx     DICEND
FB68 9F22             (        forth.asm):04413 (4)             stx     VLPRVEP         Last word code address + 1
FB6A 9E0E             (        forth.asm):04414 (4)             ldx     LSTWAD
FB6C 9F24             (        forth.asm):04415 (4)     @vlist1 stx     VLPRVHD         Last word header pointer
FB6E 108E0197         (        forth.asm):04416 (4)             ldy     #TBUFF
FB72 E680             (        forth.asm):04417 (4+1)           ldb     ,x+
FB74 3404             (        forth.asm):04418 (4+1)           pshs    b
FB76 C41F             (        forth.asm):04419 (2)             andb    #WRLNMSK        Mask out word length
FB78 4F               (        forth.asm):04420 (1)             clra
FB79 3404             (        forth.asm):04421 (4+1)           pshs    b               Preserve word length
FB7B 1F06             (        forth.asm):04422 (4)             tfr     d,w
FB7D 113812           (        forth.asm):04423 (6+?)           tfm     x+,y+
FB80 3502             (        forth.asm):04424 (4+1)           puls    a               Restore word length to A
FB82 C620             (        forth.asm):04425 (2)             ldb     #WRLNMSK+1
FB84 103289           (        forth.asm):04426 (4)             subr    a,b             Number of spaces we want to emit
FB87 8620             (        forth.asm):04427 (2)             lda     #SP
FB89 A7A0             (        forth.asm):04428 (4+1)   @vlist2 sta     ,y+
FB8B 5A               (        forth.asm):04429 (1)             decb
FB8C 26FB             (        forth.asm):04430 (3)             bne     @vlist2
FB8E 6FA0             (        forth.asm):04431 (6+1)           clr     ,y+             Terminate formatted output string
FB90 3410             (        forth.asm):04432 (4+2)           pshs    x               Address of the current word backlink address
FB92 BDE300           (        forth.asm):04433 (7)             jsr     PUTCR           Carriage return is output before anything else
FB95 8E0197           (        forth.asm):04434 (3)             ldx     #TBUFF
FB98 BDE2F4           (        forth.asm):04435 (7)             jsr     PUTS            Output word name formatted on 17 chars + SP
FB9B AEE4             (        forth.asm):04436 (5+0)           ldx     ,s
                      (        forth.asm):04437                 IFNE    RELFEAT
                      (        forth.asm):04438                 leax    3,x             Word XT to X (Skip backlink and checksum)
                      (        forth.asm):04439                 ELSE
FB9D 3002             (        forth.asm):04440 (4+1)           leax    2,x             Word XT to X (Skip backlink)
                      (        forth.asm):04441                 ENDC                    RELFEAT
FB9F 1F10             (        forth.asm):04442 (4)             tfr     x,d             CVNSTR depends on UBASE and we want HEX output
FBA1 108E0197         (        forth.asm):04443 (4)             ldy     #TBUFF
FBA5 BDE197           (        forth.asm):04444 (7)             jsr     HDMP4           So we use trusted debugging code
FBA8 8E0197           (        forth.asm):04445 (3)             ldx     #TBUFF
FBAB BDE2F4           (        forth.asm):04446 (7)             jsr     PUTS
                      (        forth.asm):04447         * Now to display word implementation length.
                      (        forth.asm):04448         * Implementation code length is from ,s+3 (or 2) to VLPRVEP
FBAE 8609             (        forth.asm):04449 (2)             lda     #HT
FBB0 BDE2E2           (        forth.asm):04450 (7)             jsr     PUTCH
FBB3 9E22             (        forth.asm):04451 (4)             ldx     VLPRVEP
FBB5 10AEE4           (        forth.asm):04452 (6+0)           ldy     ,s
                      (        forth.asm):04453                 IFNE    RELFEAT
                      (        forth.asm):04454                 leay    3,y             Current word code entry address
                      (        forth.asm):04455                 ELSE
FBB8 3122             (        forth.asm):04456 (4+1)           leay    2,y             Current word code entry address
                      (        forth.asm):04457                 ENDC                    RELFEAT
FBBA 103221           (        forth.asm):04458 (4)             subr    y,x
FBBD 1F10             (        forth.asm):04459 (4)             tfr     x,d
FBBF 108E0197         (        forth.asm):04460 (4)             ldy     #TBUFF
FBC3 BDE197           (        forth.asm):04461 (7)             jsr     HDMP4
FBC6 8E0197           (        forth.asm):04462 (3)             ldx     #TBUFF
FBC9 BDE2F4           (        forth.asm):04463 (7)             jsr     PUTS
                      (        forth.asm):04464         # Display attribute flags.
FBCC 8609             (        forth.asm):04465 (2)             lda     #HT
FBCE BDE2E2           (        forth.asm):04466 (7)             jsr     PUTCH
FBD1 8E0197           (        forth.asm):04467 (3)             ldx     #TBUFF
FBD4 E662             (        forth.asm):04468 (4+1)           ldb     2,s             Word attribute to B
FBD6 862D             (        forth.asm):04469 (2)             lda     #'-
FBD8 C580             (        forth.asm):04470 (2)             bitb    #IMDFLM         Check for immediate
FBDA 2702             (        forth.asm):04471 (3)             beq     @vlist4
FBDC 8649             (        forth.asm):04472 (2)             lda     #'I
FBDE A780             (        forth.asm):04473 (4+1)   @vlist4 sta     ,x+
FBE0 862D             (        forth.asm):04474 (2)             lda     #'-
FBE2 C540             (        forth.asm):04475 (2)             bitb    #DEFFLM         Check for define (compile time only)
FBE4 2702             (        forth.asm):04476 (3)             beq     @vlist5
FBE6 8643             (        forth.asm):04477 (2)             lda     #'C
FBE8 A780             (        forth.asm):04478 (4+1)   @vlist5 sta     ,x+
                      (        forth.asm):04479                 IFNE    RELFEAT
                      (        forth.asm):04480                 lda     #'-
                      (        forth.asm):04481                 bitb    #MONFLM         Check for monitored status
                      (        forth.asm):04482                 beq     @vlst51
                      (        forth.asm):04483                 lda     #'M
FBEA                  (        forth.asm):04484         @vlst51 sta     ,x+
                      (        forth.asm):04485                 ENDC                    RELFEAT
                      (        forth.asm):04486         * Check for forgettable also. In ROM => R else W unless we just processed '@'.
FBEA 8652             (        forth.asm):04487 (2)             lda     #'R
FBEC 10AEE4           (        forth.asm):04488 (6+0)           ldy     ,s
                      (        forth.asm):04489                 IFNE    RELFEAT
                      (        forth.asm):04490                 leay    3,y             Word entry point to Y
                      (        forth.asm):04491                 ELSE
FBEF 3122             (        forth.asm):04492 (4+1)           leay    2,y             Word entry point to Y
                      (        forth.asm):04493                 ENDC                    RELFEAT
FBF1 108C0E34         (        forth.asm):04494 (4)             cmpy    #RAMFTCH        @ in RAM is unforgettable
FBF5 2708             (        forth.asm):04495 (3)             beq     @vlist6
FBF7 108CE000         (        forth.asm):04496 (4)             cmpy    #ROMSTRT        as are all ROM resident words
FBFB 2402             (        forth.asm):04497 (3)             bcc     @vlist6
FBFD 8657             (        forth.asm):04498 (2)             lda     #'W
FBFF A780             (        forth.asm):04499 (4+1)   @vlist6 sta     ,x+
FC01 6F84             (        forth.asm):04500 (6+0)           clr     ,x
FC03 8E0197           (        forth.asm):04501 (3)             ldx     #TBUFF
FC06 BDE2F4           (        forth.asm):04502 (7)             jsr     PUTS
                      (        forth.asm):04503         * The point at which VLPRVHD==WDICSPC is a singularity (RAM to ROM transition).
FC09 9E24             (        forth.asm):04504 (4)             ldx     VLPRVHD
FC0B 8C0E30           (        forth.asm):04505 (3)             cmpx    #WDICSPC
FC0E 2608             (        forth.asm):04506 (3)             bne     @vlist7
FC10 8EFE6A           (        forth.asm):04507 (3)             ldx     #QMARK          Word just before @ (ROM flavor)
FC13 9F24             (        forth.asm):04508 (4)             stx     VLPRVHD
FC15 8EFE74           (        forth.asm):04509 (3)             ldx     #THEEND
FC18 9F22             (        forth.asm):04510 (4)     @vlist7 stx     VLPRVEP
FC1A 3510             (        forth.asm):04511 (4+2)           puls    x
FC1C 3504             (        forth.asm):04512 (4+1)           puls    b
FC1E AE84             (        forth.asm):04513 (5+0)           ldx     ,x              Point to previous word
FC20 1026FF48         (        forth.asm):04514 (5)             lbne    @vlist1
FC24 39               (        forth.asm):04515 (4)             rts
                      (        forth.asm):04516         
FC25 05               (        forth.asm):04517         STATE   fcb     5               ANSI (Core/Programming tools ext)
FC26 5354415445       (        forth.asm):04518                 fcc     'STATE'         ( -- a-addr )
FC2B FB5E             (        forth.asm):04519                 fdb     WORDS
                      (        forth.asm):04520                 RFCS
FC2D 8E012C           (        forth.asm):04521 (3)             ldx     #USTATE
FC30 7EE803           (        forth.asm):04522 (3)             jmp     NPUSH
                      (        forth.asm):04523         
FC33 04               (        forth.asm):04524         BASE    fcb     4               ANSI (Core)
FC34 42415345         (        forth.asm):04525                 fcc     'BASE'          ( -- a-addr )
FC38 FC25             (        forth.asm):04526                 fdb     STATE
                      (        forth.asm):04527                 RFCS
FC3A 8E012A           (        forth.asm):04528 (3)             ldx     #UBASE
FC3D 7EE803           (        forth.asm):04529 (3)             jmp     NPUSH
                      (        forth.asm):04530         
FC40 07               (        forth.asm):04531         DECIMAL fcb     7               ANSI (Core)
FC41 444543494D414C   (        forth.asm):04532                 fcc     'DECIMAL'       ( -- )
FC48 FC33             (        forth.asm):04533                 fdb     BASE
                      (        forth.asm):04534                 RFCS
FC4A CC000A           (        forth.asm):04535 (3)             ldd     #10
FC4D DD2A             (        forth.asm):04536 (4)     BASESET std     UBASE
FC4F 39               (        forth.asm):04537 (4)             rts
                      (        forth.asm):04538         
FC50 03               (        forth.asm):04539         HEX     fcb     3               ANSI (Core)
FC51 484558           (        forth.asm):04540                 fcc     'HEX'           ( -- )
FC54 FC40             (        forth.asm):04541                 fdb     DECIMAL
                      (        forth.asm):04542                 RFCS
FC56 CC0010           (        forth.asm):04543 (3)             ldd     #16
FC59 20F2             (        forth.asm):04544 (3)             bra     BASESET
                      (        forth.asm):04545         
FC5B 02               (        forth.asm):04546         DOTTICK fcb     2               Non-standard (SwiftForth)
FC5C 2E27             (        forth.asm):04547                 fcb     $2E,$27         .' ( memaddr -- )
FC5E FC50             (        forth.asm):04548                 fdb     HEX
                      (        forth.asm):04549                 RFCS
                      (        forth.asm):04550                 IFNE    SSDFEAT
FC60 BDE812           (        forth.asm):04551 (7)             jsr     NPOP
FC63 1F12             (        forth.asm):04552 (4)             tfr     x,y
FC65 8E01DF           (        forth.asm):04553 (3)             ldx     #HEXBUF
FC68 BDE637           (        forth.asm):04554 (7)             jsr     FINDSYM
                      (        forth.asm):04555                 ELSE
                      (        forth.asm):04556                 lda     #'$
                      (        forth.asm):04557                 jsr     PUTCH
                      (        forth.asm):04558                 jsr     NPOP
                      (        forth.asm):04559                 tfr     x,d
                      (        forth.asm):04560                 ldy     #HEXBUF
                      (        forth.asm):04561                 jsr     HDMP4
                      (        forth.asm):04562                 ENDC                    SSDFEAT
FC6B 8E01DF           (        forth.asm):04563 (3)             ldx     #HEXBUF
FC6E 7EE2F4           (        forth.asm):04564 (3)             jmp     PUTS
                      (        forth.asm):04565         
                      (        forth.asm):04566         * Display a dump of the data stack in the current BASE. In Leo Brodie's
                      (        forth.asm):04567         * "Starting Forth" the data stack is printed from the bottom up. So it is here.
FC71 02               (        forth.asm):04568         DDUMP   fcb     2               ANSI (Programming tools)
FC72 2E53             (        forth.asm):04569                 fcc     '.S'            ( -- )
FC74 FC5B             (        forth.asm):04570                 fdb     DOTTICK
                      (        forth.asm):04571                 RFCS
FC76 CC045E           (        forth.asm):04572 (3)             ldd     #NSTBOT
FC79 103230           (        forth.asm):04573 (4)             subr    u,d
FC7C 1044             (        forth.asm):04574 (2)             lsrd                    DEPTH is in D
FC7E 2728             (        forth.asm):04575 (3)             beq     @ndump3         Data stack is empty
FC80 3440             (        forth.asm):04576 (4+2)           pshs    u
FC82 CE045E           (        forth.asm):04577 (3)             ldu     #NSTBOT         Pointing to the bottom of the data stack
FC85 8601             (        forth.asm):04578 (2)             lda     #1
FC87 9748             (        forth.asm):04579 (3)             sta     CVISSGN         Force a signed number conversion
FC89 3404             (        forth.asm):04580 (4+1)   @ndump1 pshs    b
FC8B AEC3             (        forth.asm):04581 (5+2)           ldx     ,--u
FC8D BDE479           (        forth.asm):04582 (7)             jsr     CVNSTR
FC90 8E0197           (        forth.asm):04583 (3)             ldx     #TBUFF
                      (        forth.asm):04584         # Skip leading spaces.
FC93 A680             (        forth.asm):04585 (4+1)   @ndump2 lda     ,x+
FC95 8120             (        forth.asm):04586 (2)             cmpa    #SP
FC97 27FA             (        forth.asm):04587 (3)             beq     @ndump2
FC99 301F             (        forth.asm):04588 (4+1)           leax    -1,x
FC9B BDE2F4           (        forth.asm):04589 (7)             jsr     PUTS
FC9E BDE2DA           (        forth.asm):04590 (7)             jsr     PUTSP
FCA1 3504             (        forth.asm):04591 (4+1)           puls    b
FCA3 5A               (        forth.asm):04592 (1)             decb
FCA4 26E3             (        forth.asm):04593 (3)             bne     @ndump1
FCA6 3540             (        forth.asm):04594 (4+2)           puls    u
FCA8 39               (        forth.asm):04595 (4)     @ndump3 rts
                      (        forth.asm):04596         
FCA9 04               (        forth.asm):04597         QRYDUP  fcb     4               ANSI (Core)
FCAA 3F445550         (        forth.asm):04598                 fcc     '?DUP'          ( x -- 0 | x x )
FCAE FC71             (        forth.asm):04599                 fdb     DDUMP
                      (        forth.asm):04600                 RFCS
FCB0 BDE812           (        forth.asm):04601 (7)             jsr     NPOP            ZFLAG is set by NPOP
FCB3 3610             (        forth.asm):04602                 UCNPUSH                 Push back the original parameter
FCB5 1026EB4A         (        forth.asm):04603 (5)             lbne    NPUSH           And DUP if NZ
FCB9 39               (        forth.asm):04604 (4)             rts
                      (        forth.asm):04605         
FCBA 04               (        forth.asm):04606         TUCK    fcb     4               ANSI (Core ext)
FCBB 5455434B         (        forth.asm):04607                 fcc     'TUCK'          ( x1 x2 -- x2 x1 x2 ) i.e. SWAP OVER
FCBF FCA9             (        forth.asm):04608                 fdb     QRYDUP
                      (        forth.asm):04609                 RFCS
FCC1 8D2B             (        forth.asm):04610                 RFXT    bsr,SWAP+7      XT for SWAP
FCC3 2065             (        forth.asm):04611                 RFXT    bra,OVER+7      XT for OVER
                      (        forth.asm):04612         
FCC5 03               (        forth.asm):04613         NIP     fcb     3               ANSI (Core ext)
FCC6 4E4950           (        forth.asm):04614                 fcc     'NIP'           ( x1 x2 -- x2 ) i.e. SWAP DROP
FCC9 FCBA             (        forth.asm):04615                 fdb     TUCK
                      (        forth.asm):04616                 RFCS
FCCB 8D21             (        forth.asm):04617                 RFXT    bsr,SWAP+7      XT for SWAP
FCCD 2015             (        forth.asm):04618                 RFXT    bra,DROP+7      XT for DROP
                      (        forth.asm):04619         
FCCF 03               (        forth.asm):04620         DUP     fcb     3               ANSI (Core)
FCD0 445550           (        forth.asm):04621                 fcc     'DUP'           ( x -- x x )
FCD3 FCC5             (        forth.asm):04622                 fdb     NIP
                      (        forth.asm):04623                 RFCS
FCD5 BDEA19           (        forth.asm):04624 (7)             jsr     MIN1PST         At least one cell needs to be stacked up
FCD8 AEC4             (        forth.asm):04625 (5+0)           ldx     ,u
FCDA 7EE803           (        forth.asm):04626 (3)             jmp     NPUSH
                      (        forth.asm):04627         
FCDD 04               (        forth.asm):04628         DROP    fcb     4               ANSI (Core)
FCDE 44524F50         (        forth.asm):04629                 fcc     'DROP'          ( x -- )
FCE2 FCCF             (        forth.asm):04630                 fdb     DUP
                      (        forth.asm):04631                 RFCS
FCE4 7EE812           (        forth.asm):04632 (3)             jmp     NPOP
                      (        forth.asm):04633         
FCE7 04               (        forth.asm):04634         SWAP    fcb     4               ANSI (Core)
FCE8 53574150         (        forth.asm):04635                 fcc     'SWAP'          ( x1 x2 -- x2 x1 )
FCEC FCDD             (        forth.asm):04636                 fdb     DROP
                      (        forth.asm):04637                 RFCS
FCEE BDEA1E           (        forth.asm):04638 (7)             jsr     MIN2PST         We need at least two cells stacked up
FCF1 10ECC4           (        forth.asm):04639 (8+0)           ldq     ,u              In place SWAP
FCF4 1E06             (        forth.asm):04640 (5)             exg     d,w
FCF6 10EDC4           (        forth.asm):04641 (8+0)           stq     ,u
FCF9 39               (        forth.asm):04642 (4)             rts
                      (        forth.asm):04643         
FCFA 04               (        forth.asm):04644         PICK    fcb     4               ANSI (Core ext)
FCFB 5049434B         (        forth.asm):04645                 fcc     'PICK'          ( xu ... x1 x0 u -- xu ... x1 x0 xu )
FCFF FCE7             (        forth.asm):04646                 fdb     SWAP
                      (        forth.asm):04647                 RFCS
FD01 BDE812           (        forth.asm):04648 (7)             jsr     NPOP            Arg <u> to X (expressed in cells)
FD04 CC045E           (        forth.asm):04649 (3)     PICK1   ldd     #NSTBOT
FD07 103230           (        forth.asm):04650 (4)             subr    u,d
FD0A 1044             (        forth.asm):04651 (2)             lsrd                    D has the data stack depth in cells
FD0C 103701           (        forth.asm):04652 (4)             cmpr    d,x             We need to make sure (unsigned) X < D
FD0F 240D             (        forth.asm):04653 (3)             bhs     @pick1
FD11 1F10             (        forth.asm):04654 (4)             tfr     x,d
FD13 1048             (        forth.asm):04655 (2)             lsld                    Arg <u> cells byte count to D
FD15 30CB             (        forth.asm):04656 (4+2)           leax    d,u
FD17 1F12             (        forth.asm):04657 (4)             tfr     x,y             For the sake of ROLL's implementation
FD19 AE84             (        forth.asm):04658 (5+0)           ldx     ,x
FD1B 3610             (        forth.asm):04659                 UCNPUSH
FD1D 39               (        forth.asm):04660 (4)             rts
FD1E C6F7             (        forth.asm):04661 (2)     @pick1  ldb     #ESSEGV         Argument is greater than or equal to DEPTH
FD20 BDEA60           (        forth.asm):04662 (7)             jsr     SYSTHR8         No return
                      (        forth.asm):04663         
FD23 04               (        forth.asm):04664         OVER    fcb     4               ANSI (Core)
FD24 4F564552         (        forth.asm):04665                 fcc     'OVER'          ( x1 x2 -- x1 x2 x1 )
FD28 FCFA             (        forth.asm):04666                 fdb     PICK
                      (        forth.asm):04667                 RFCS
FD2A 8E0001           (        forth.asm):04668 (3)             ldx     #1
FD2D 20D5             (        forth.asm):04669 (3)             bra     PICK1
                      (        forth.asm):04670         
FD2F 04               (        forth.asm):04671         ROLL    fcb     4               ANSI (Core ext)
FD30 524F4C4C         (        forth.asm):04672                 fcc     'ROLL'          ( xu xu-1 ... x0 u -- xu-1 ... x0 xu )
FD34 FD23             (        forth.asm):04673                 fdb     OVER
                      (        forth.asm):04674                 RFCS
FD36 BDE812           (        forth.asm):04675 (7)             jsr     NPOP
FD39 1F16             (        forth.asm):04676 (4)     ROLL1   tfr     x,w             Backup arg <u> to W
FD3B 8DC7             (        forth.asm):04677 (6)             bsr     PICK1           Let PICK do the error handling
FD3D 3121             (        forth.asm):04678 (4+1)           leay    1,y             Point to the LSB of the cell being picked
FD3F 303E             (        forth.asm):04679 (4+1)           leax    -2,y
FD41 105C             (        forth.asm):04680 (2)             incw
FD43 103066           (        forth.asm):04681 (4)             addr    w,w
FD46 113912           (        forth.asm):04682 (6+?)           tfm     x-,y-
FD49 7EE812           (        forth.asm):04683 (3)             jmp     NPOP
                      (        forth.asm):04684         
FD4C 03               (        forth.asm):04685         ROT     fcb     3               ANSI (Core)
FD4D 524F54           (        forth.asm):04686                 fcc     'ROT'           ( x1 x2 x3 -- x2 x3 x1 )
FD50 FD2F             (        forth.asm):04687                 fdb     ROLL
                      (        forth.asm):04688                 RFCS
FD52 8E0002           (        forth.asm):04689 (3)             ldx     #2
FD55 20E2             (        forth.asm):04690 (3)             bra     ROLL1
                      (        forth.asm):04691         
FD57 04               (        forth.asm):04692         MROT    fcb     4               Non-standard
FD58 2D524F54         (        forth.asm):04693                 fcc     '-ROT'
FD5C FD4C             (        forth.asm):04694                 fdb     ROT
                      (        forth.asm):04695                 RFCS
FD5E 8DF2             (        forth.asm):04696                 RFXT    bsr,ROT+6       XT for ROT
FD60 20F0             (        forth.asm):04697                 RFXT    bra,ROT+6       XT for ROT
                      (        forth.asm):04698         
FD62 02               (        forth.asm):04699         CCOMMA  fcb     2               ANSI (Core)
FD63 432C             (        forth.asm):04700                 fcc     'C,'            ( char -- )
FD65 FD57             (        forth.asm):04701                 fdb     MROT
                      (        forth.asm):04702                 RFCS
FD67 BDE812           (        forth.asm):04703 (7)             jsr     NPOP
FD6A 1F10             (        forth.asm):04704 (4)             tfr     x,d
FD6C 109E10           (        forth.asm):04705 (5)             ldy     DICEND
FD6F E7A0             (        forth.asm):04706 (4+1)           stb     ,y+
FD71 109F10           (        forth.asm):04707 (5)             sty     DICEND
FD74 39               (        forth.asm):04708 (4)             rts
                      (        forth.asm):04709         
FD75 01               (        forth.asm):04710         COMMA   fcb     1               ANSI (Core)
FD76 2C               (        forth.asm):04711                 fcc     ','             ( x -- )
FD77 FD62             (        forth.asm):04712                 fdb     CCOMMA
                      (        forth.asm):04713                 RFCS
FD79 BDE812           (        forth.asm):04714 (7)             jsr     NPOP
FD7C 109E10           (        forth.asm):04715 (5)             ldy     DICEND
FD7F AFA1             (        forth.asm):04716 (5+2)           stx     ,y++
FD81 109F10           (        forth.asm):04717 (5)             sty     DICEND
FD84 39               (        forth.asm):04718 (4)             rts
                      (        forth.asm):04719         
FD85 05               (        forth.asm):04720         ALLOT   fcb     5               ANSI (Core)
FD86 414C4C4F54       (        forth.asm):04721                 fcc     'ALLOT'         ( n -- )
FD8B FD75             (        forth.asm):04722                 fdb     COMMA
                      (        forth.asm):04723                 RFCS
FD8D BDE812           (        forth.asm):04724 (7)             jsr     NPOP            N to X
FD90 DC10             (        forth.asm):04725 (4)             ldd     DICEND
FD92 308B             (        forth.asm):04726 (4+2)           leax    d,x
FD94 9F10             (        forth.asm):04727 (4)             stx     DICEND          Adjust HERE
FD96 39               (        forth.asm):04728 (4)             rts
                      (        forth.asm):04729         
FD97 04               (        forth.asm):04730         FILL    fcb     4               ANSI (Core)
FD98 46494C4C         (        forth.asm):04731                 fcc     'FILL'          ( c-addr u char -- )
FD9C FD85             (        forth.asm):04732                 fdb     ALLOT
                      (        forth.asm):04733                 RFCS
FD9E BDE812           (        forth.asm):04734 (7)             jsr     NPOP
FDA1 1F16             (        forth.asm):04735 (4)             tfr     x,w             Byte fill value to W
FDA3 BDE812           (        forth.asm):04736 (7)     FILL1   jsr     NPOP
FDA6 1F12             (        forth.asm):04737 (4)             tfr     x,y             Byte count to Y
FDA8 1E26             (        forth.asm):04738 (5)             exg     y,w             Byte count to W, byte fill value to Y
FDAA BDE812           (        forth.asm):04739 (7)             jsr     NPOP            Destination address to X
FDAD 105D             (        forth.asm):04740 (2)             tstw
FDAF 2F0B             (        forth.asm):04741 (3)             ble     @filend
FDB1 1F20             (        forth.asm):04742 (4)             tfr     y,d             Byte fill value to B
FDB3 E784             (        forth.asm):04743 (4+0)           stb     ,x
FDB5 105A             (        forth.asm):04744 (2)             decw
FDB7 3101             (        forth.asm):04745 (4+1)           leay    1,x
FDB9 113812           (        forth.asm):04746 (6+?)           tfm     x+,y+
FDBC 39               (        forth.asm):04747 (4)     @filend rts
                      (        forth.asm):04748         
FDBD 05               (        forth.asm):04749         BLANK   fcb     5               ANSI (String)
FDBE 424C414E4B       (        forth.asm):04750                 fcc     'BLANK'         ( c-addr u -- )
FDC3 FD97             (        forth.asm):04751                 fdb     FILL
                      (        forth.asm):04752                 RFCS
FDC5 10860020         (        forth.asm):04753 (4)             ldw     #SP
FDC9 20D8             (        forth.asm):04754 (3)             bra     FILL1
                      (        forth.asm):04755         
FDCB 06               (        forth.asm):04756         CMOVED  fcb     6               ANSI (String)
FDCC 434D4F56453E     (        forth.asm):04757                 fcc     'CMOVE>'
FDD2 FDBD             (        forth.asm):04758                 fdb     BLANK
                      (        forth.asm):04759                 RFCS
FDD4 BDE5B9           (        forth.asm):04760 (7)             jsr     ACQMOVP
FDD7 105D             (        forth.asm):04761 (2)             tstw
FDD9 270D             (        forth.asm):04762 (3)             beq     @cmovd1
FDDB 105A             (        forth.asm):04763 (2)     CMOVD1  decw
FDDD 103061           (        forth.asm):04764 (4)             addr    w,x
FDE0 103062           (        forth.asm):04765 (4)             addr    w,y
FDE3 105C             (        forth.asm):04766 (2)             incw
FDE5 113912           (        forth.asm):04767 (6+?)           tfm     x-,y-
FDE8 39               (        forth.asm):04768 (4)     @cmovd1 rts
                      (        forth.asm):04769         
FDE9 05               (        forth.asm):04770         CMOVE   fcb     5               ANSI (String)
FDEA 434D4F5645       (        forth.asm):04771                 fcc     'CMOVE'
FDEF FDCB             (        forth.asm):04772                 fdb     CMOVED
                      (        forth.asm):04773                 RFCS
FDF1 BDE5B9           (        forth.asm):04774 (7)             jsr     ACQMOVP
FDF4 113812           (        forth.asm):04775 (6+?)           tfm     x+,y+
FDF7 39               (        forth.asm):04776 (4)             rts
                      (        forth.asm):04777         
                      (        forth.asm):04778         * Functionally:
                      (        forth.asm):04779         * : MOVE ( addr1 addr2 u -- )      \ u is expressed in bytes
                      (        forth.asm):04780         *   DUP 2OVER                      \ addr1 addr2 u u addr1 addr2
                      (        forth.asm):04781         *   SWAP -                         \ addr1 addr2 u u addr2-addr1
                      (        forth.asm):04782         *   SWAP                           \ addr1 addr2 u addr2-addr1 u
                      (        forth.asm):04783         *   U< IF CMOVE> ELSE CMOVE THEN ;
                      (        forth.asm):04784         * For those who care to read the 1994 specification, arg <u> is expressed in
                      (        forth.asm):04785         * address units. For the rest of us, mere mortals, this is just a byte count.
                      (        forth.asm):04786         * As an aside, this is functionality provided by the glibc memmove function.
FDF8 04               (        forth.asm):04787         MOVE    fcb     4               ANSI (Core)
FDF9 4D4F5645         (        forth.asm):04788                 fcc     'MOVE'          ( addr1 addr2 u -- )
FDFD FDE9             (        forth.asm):04789                 fdb     CMOVE
                      (        forth.asm):04790                 RFCS
FDFF BDE5B9           (        forth.asm):04791 (7)             jsr     ACQMOVP         ADDR1 -> X, ADDR2 -> Y, U -> W
FE02 105D             (        forth.asm):04792 (2)             tstw
FE04 270D             (        forth.asm):04793 (3)             beq     @movend
                      (        forth.asm):04794         * addr2 addr1 - u U< IF CMOVE> ELSE CMOVE THEN
FE06 1F20             (        forth.asm):04795 (4)             tfr     y,d             D has addr2 (dest)
FE08 103210           (        forth.asm):04796 (4)             subr    x,d             D has addr2 - addr1 (dest - src)
FE0B 103760           (        forth.asm):04797 (4)             cmpr    w,d
FE0E 25CB             (        forth.asm):04798 (3)             blo     CMOVD1          CMOVE>
FE10 113812           (        forth.asm):04799 (6+?)           tfm     x+,y+           CMOVE
FE13 39               (        forth.asm):04800 (4)     @movend rts
                      (        forth.asm):04801         
FE14 04               (        forth.asm):04802         LAST    fcb     4               79-STANDARD (REF)
FE15 4C415354         (        forth.asm):04803                 fcc     'LAST'
FE19 FDF8             (        forth.asm):04804                 fdb     MOVE
                      (        forth.asm):04805                 RFCS
FE1B 9E0E             (        forth.asm):04806 (4)             ldx     LSTWAD
FE1D 7EE803           (        forth.asm):04807 (3)             jmp     NPUSH
                      (        forth.asm):04808         
FE20 04               (        forth.asm):04809         HERE    fcb     4               ANSI (Core)
FE21 48455245         (        forth.asm):04810                 fcc     'HERE'          ( -- addr )
FE25 FE14             (        forth.asm):04811                 fdb     LAST
                      (        forth.asm):04812                 RFCS
FE27 9E10             (        forth.asm):04813 (4)             ldx     DICEND
FE29 7EE803           (        forth.asm):04814 (3)             jmp     NPUSH
                      (        forth.asm):04815         
FE2C 02               (        forth.asm):04816         PLUSST  fcb     2               ANSI (Core)
FE2D 2B21             (        forth.asm):04817                 fcc     '+!'            ( n|u a-addr -- )
FE2F FE20             (        forth.asm):04818                 fdb     HERE
                      (        forth.asm):04819                 RFCS
FE31 BDEA1E           (        forth.asm):04820 (7)             jsr     MIN2PST         We need at least two cells stacked up
FE34 AEC4             (        forth.asm):04821 (5+0)           ldx     ,u              ADDR to X
FE36 EC84             (        forth.asm):04822 (5+0)           ldd     ,x              @ADDR to D
FE38 E342             (        forth.asm):04823 (5+1)           addd    2,u             Add INCR to D
FE3A ED84             (        forth.asm):04824 (5+0)           std     ,x              Store the sum back to ADDR
FE3C 3344             (        forth.asm):04825 (4+1)           leau    4,u             Drop two cells from the data stack
FE3E 39               (        forth.asm):04826 (4)             rts
                      (        forth.asm):04827         
FE3F 02               (        forth.asm):04828         CSTORE  fcb     2               ANSI (Core)
FE40 4321             (        forth.asm):04829                 fcc     'C!'            ( char c-addr -- )
FE42 FE2C             (        forth.asm):04830                 fdb     PLUSST
                      (        forth.asm):04831                 RFCS
FE44 BDEA1E           (        forth.asm):04832 (7)             jsr     MIN2PST         We need at least two cells stacked up
FE47 A643             (        forth.asm):04833 (4+1)           lda     3,u             CHAR to A
FE49 A7D4             (        forth.asm):04834 (4+3)           sta     [,u]            Actual store to C-ADDR
FE4B 3344             (        forth.asm):04835 (4+1)           leau    4,u             Drop two cells from the data stack
FE4D 39               (        forth.asm):04836 (4)             rts
                      (        forth.asm):04837         
FE4E 01               (        forth.asm):04838         STORE   fcb     1               ANSI (Core)
FE4F 21               (        forth.asm):04839                 fcc     '!'             ( x a-addr -- )
FE50 FE3F             (        forth.asm):04840                 fdb     CSTORE
                      (        forth.asm):04841                 RFCS
FE52 BDEA1E           (        forth.asm):04842 (7)             jsr     MIN2PST         At least two cells need to be stacked up
FE55 EC42             (        forth.asm):04843 (5+1)           ldd     2,u             X to D
FE57 EDD4             (        forth.asm):04844 (5+3)           std     [,u]            Actual store to A-ADDR
FE59 3344             (        forth.asm):04845 (4+1)           leau    4,u             Drop two cells from the user stack
FE5B 39               (        forth.asm):04846 (4)             rts
                      (        forth.asm):04847         
FE5C 02               (        forth.asm):04848         CFETCH  fcb     2               ANSI (Core)
FE5D 4340             (        forth.asm):04849                 fcc     'C@'            ( c-addr -- char )
FE5F FE4E             (        forth.asm):04850                 fdb     STORE
                      (        forth.asm):04851                 RFCS
FE61 BDEA19           (        forth.asm):04852 (7)             jsr     MIN1PST         We need at least one cell stacked up
FE64 4F               (        forth.asm):04853 (1)             clra
FE65 E6D4             (        forth.asm):04854 (4+3)           ldb     [,u]
FE67 EDC4             (        forth.asm):04855 (5+0)           std     ,u
FE69 39               (        forth.asm):04856 (4)             rts
                      (        forth.asm):04857         
FE6A 01               (        forth.asm):04858         QMARK   fcb     1               ANSI (Programming tools)
FE6B 3F               (        forth.asm):04859                 fcc     '?'
FE6C FE5C             (        forth.asm):04860                 fdb     CFETCH
                      (        forth.asm):04861                 RFCS
FE6E BD0E34           (        forth.asm):04862 (7)             jsr     RAMFTCH         Call the RAM based incarnation of @
FE71 7EF6FC           (        forth.asm):04863                 RFXT    jmp,DOT+4       XT for .
                      (        forth.asm):04864         
                      (        forth.asm):04865         * End of ROM part of the builtin dictionary.
     FE74             (        forth.asm):04866         THEEND  equ     *               This is the end, Beautiful friend
                      (        forth.asm):04867         *                               This is the end, My only friend
                      (        forth.asm):04868         
                      (        forth.asm):04869         * This word is relocated to RAM, so that we can compile new definitions.
                      (        forth.asm):04870         * FORTHIN will take care of that and adjust the relevant pointers.
FE74 01               (        forth.asm):04871         FETCH   fcb     1               ANSI (Core)
FE75 40               (        forth.asm):04872                 fcc     '@'             ( a-addr -- x )
FE76 FE6A             (        forth.asm):04873                 fdb     QMARK
                      (        forth.asm):04874                 RFCS
FE78 BDEA19           (        forth.asm):04875 (7)             jsr     MIN1PST         At least one cell needs to be stacked up
FE7B ECD4             (        forth.asm):04876 (5+3)           ldd     [,u]
FE7D EDC4             (        forth.asm):04877 (5+0)           std     ,u              Returned through the data stack
FE7F 39               (        forth.asm):04878 (4)             rts
                      (        forth.asm):04879         
     FE80             (        forth.asm):04880         REALEND equ     *
                      (        forth.asm):04881         
                      (        forth.asm):04882         *******************************************************************************
                      (        forth.asm):04883         * String literals.
                      (        forth.asm):04884         
                      (        forth.asm):04885         * Using CR+LF as it is Minicom's default.
                      (        forth.asm):04886         
                      (        forth.asm):04887         * Clear the screen, VT100 style.
FE80 1B5B481B5B4A0D00 (        forth.asm):04888         CSVT100 fcb     $1B,'[','H',$1B,'[','J',CR,NUL
                      (        forth.asm):04889         
FE88 0D0A             (        forth.asm):04890         BOOTMSG fcb     CR,LF
                      (        forth.asm):04891                 IFNE    RTCFEAT
                      (        forth.asm):04892                 fcc     'Z79Forth/AR 6309 ANS Forth System'
                      (        forth.asm):04893                 ELSE
FE8A 5A3739466F727468 (        forth.asm):04894                 fcc     'Z79Forth/AE 6309 ANS Forth System'
     2F41452036333039
     20414E5320466F72
     7468205379737465
     6D
                      (        forth.asm):04895                 ENDC                    RTCFEAT
FEAB 0D0A             (        forth.asm):04896                 fcb     CR,LF
FEAD 3230323630393136 (        forth.asm):04897                 fcc     '20260916 (C) Francois Laagel 2019'
     2028432920467261
     6E636F6973204C61
     6167656C20323031
     39
FECE 0D0A0D0A00       (        forth.asm):04898                 fcb     CR,LF,CR,LF,NUL
                      (        forth.asm):04899         
FED3 52414D204F4B3A20 (        forth.asm):04900         RAMOKM  fcc     'RAM OK: 32 KB'
     3332204B42
FEE0 0D0A00           (        forth.asm):04901         CRLFSTR fcb     CR,LF,NUL
                      (        forth.asm):04902         
FEE3 52414D2063686563 (        forth.asm):04903         RAMFM   fcc     'RAM check failed'
     6B206661696C6564
FEF3 0D0A00           (        forth.asm):04904                 fcb     CR,LF,NUL
                      (        forth.asm):04905         
                      (        forth.asm):04906                 IFNE    RTCFEAT
FEF6                  (        forth.asm):04907         RTPRESM fcc     'MC146818 RTC'
                      (        forth.asm):04908                 fcb     CR,LF,NUL
                      (        forth.asm):04909                 ENDC
                      (        forth.asm):04910         
                      (        forth.asm):04911                 IFEQ    CSSNTVE
FEF6 206F6B           (        forth.asm):04912         OKFEEDB fcc     ' ok'           As per GNU Forth's implementation...
                      (        forth.asm):04913                 ELSE
FEF9                  (        forth.asm):04914         OKFEEDB fcc     ' OK'
                      (        forth.asm):04915                 ENDC                    CSSNTVE
FEF9 0D0A00           (        forth.asm):04916                 fcb     CR,LF,NUL
                      (        forth.asm):04917         
FEFC 0D0A             (        forth.asm):04918         SANRST  fcb     CR,LF
FEFE 0F               (        forth.asm):04919                 fcb     $0F             ASCII Shift in (restore dflt charset)
FEFF 1B5B3F32356800   (        forth.asm):04920                 fcb     $1B,'[','?','2','5','h',NUL     Cursor back on
FF06 556E636175676874 (        forth.asm):04921         UNCEXC  fcn     'Uncaught #'
     202300
                      (        forth.asm):04922         
                      (        forth.asm):04923         * Error messages for IODZHDL.
FF11 494C4F504000     (        forth.asm):04924         IOPERRM fcn     'ILOP@'
FF17 444956304000     (        forth.asm):04925         DV0ERRM fcn     'DIV0@'
                      (        forth.asm):04926         
                      (        forth.asm):04927         * A note about the weirdness of ABORT" (-2). If caught, no message is
                      (        forth.asm):04928         * displayed. If uncaught, a user defined message is displayed...
FF1D 41424F525400     (        forth.asm):04929         ERRMTBL fcn     'ABORT'                 -1
FF23 00               (        forth.asm):04930                 fcn     ''                      -2
FF24 4453206F766600   (        forth.asm):04931                 fcn     'DS ovf'                -3
FF2B 44532075646600   (        forth.asm):04932                 fcn     'DS udf'                -4
FF32 5253206F766600   (        forth.asm):04933                 fcn     'RS ovf'                -5
FF39 52532075646600   (        forth.asm):04934                 fcn     'RS udf'                -6
FF40 00               (        forth.asm):04935                 fcn     ''                      -7: Not implemented
FF41 00               (        forth.asm):04936                 fcn     ''                      -8: Not implemented
FF42 5349475345475600 (        forth.asm):04937                 fcn     'SIGSEGV'               -9
FF4A 4469766973696F6E (        forth.asm):04938                 fcn     'Division by 0'         -10: Division by zero
     206279203000
FF58 4F7574206F662072 (        forth.asm):04939                 fcn     'Out of range'          -11: Out of range error
     616E676500
FF65 00               (        forth.asm):04940                 fcn     ''                      -12: Not implemented
FF66 3F00             (        forth.asm):04941                 fcn     '?'                     -13
FF68 496E636F72726563 (        forth.asm):04942                 fcn     'Incorrect STATE'       -14
     7420535441544500
FF78 00               (        forth.asm):04943                 fcn     ''                      -15: Not implemented
FF79 4D697373696E6720 (        forth.asm):04944                 fcn     'Missing name'          -16
     6E616D6500
FF86 00               (        forth.asm):04945                 fcn     ''                      -17: Not implemented
FF87 00               (        forth.asm):04946                 fcn     ''                      -18: Not implemented
FF88 4E616D6520746F6F (        forth.asm):04947                 fcn     'Name too long'         -19
     206C6F6E6700
FF96 524F20776F726400 (        forth.asm):04948                 fcn     'RO word'               -20
FF9E 494F6572722F5452 (        forth.asm):04949                 fcn     'IOerr/TRAP'            -21
     415000
FFA9 496C6C6567616C20 (        forth.asm):04950                 fcn     'Illegal construct'     -22
     636F6E7374727563
     7400
FFBB 00               (        forth.asm):04951                 fcn     ''                      -23: Not implemented
FFBC 00               (        forth.asm):04952                 fcn     ''                      -24: Not implemented
FFBD 00               (        forth.asm):04953                 fcn     ''                      -25: Not implemented
FFBE 00               (        forth.asm):04954                 fcn     ''                      -26: Not implemented
FFBF 00               (        forth.asm):04955                 fcn     ''                      -27: Not implemented
FFC0 534947494E5400   (        forth.asm):04956                 fcn     'SIGINT'                -28
FFC7 00               (        forth.asm):04957                 fcn     ''                      -29: Not implemented
FFC8 00               (        forth.asm):04958                 fcn     ''                      -30: Not implemented
FFC9 4E6F742043524541 (        forth.asm):04959                 fcn     'Not CREATEd'           -31
     54456400
                      (        forth.asm):04960         * Allocated against the standard specification...
FFD5 3E494E204F6F5200 (        forth.asm):04961                 fcn     '>IN OoR'               -32
FFDD 4553206F766600   (        forth.asm):04962                 fcn     'ES ovf'                -33
                      (        forth.asm):04963         
                      (        forth.asm):04964         * A-list used for numeric literal base prefixes. Standard material only.
FFE4 24               (        forth.asm):04965         BASALST fcc     '$'             Hexadecimal prefix
FFE5 10               (        forth.asm):04966                 fcb     16
FFE6 23               (        forth.asm):04967                 fcc     '#'             Decimal prefix
FFE7 0A               (        forth.asm):04968                 fcb     10
FFE8 25               (        forth.asm):04969                 fcc     '%'             Binary prefix
FFE9 02               (        forth.asm):04970                 fcb     2
FFEA 00               (        forth.asm):04971                 fcb     0               End of list marker
                      (        forth.asm):04972         
                      (        forth.asm):04973         * Under no circumstance should the following symbol be negative!
     0005             (        forth.asm):04974         AVL     equ     VECTBL-*        Available EEPROM space left
                      (        forth.asm):04975         
                      (        forth.asm):04976         *******************************************************************************
                      (        forth.asm):04977         * Interrupt vector table
                      (        forth.asm):04978                 org     VECTBL
                      (        forth.asm):04979         
FFF0 E000             (        forth.asm):04980                 fdb     IODZHDL         Illegal opcode/Division by zero trap
FFF2 E03C             (        forth.asm):04981                 fdb     SWI3HDL         SWI 3 interrupt vector address
FFF4 E03C             (        forth.asm):04982                 fdb     SWI2HDL         SWI 2 interrupt vector address
FFF6 E253             (        forth.asm):04983                 fdb     FIRQHDL         FIRQ interrupt vector address
FFF8 E03C             (        forth.asm):04984                 fdb     IRQHDL          IRQ interrupt vector address
FFFA E03C             (        forth.asm):04985                 fdb     SWIHDL          SWI interrupt vector address
FFFC E1DC             (        forth.asm):04986                 fdb     NMIHDL          NMI vector address
FFFE E03D             (        forth.asm):04987                 fdb     RSTHDL          RESET vector address
                      (        forth.asm):04988         

Symbol Table:
[ G] _BS                              E309
[ G] _INTERP                          E0C5
[ G] ABORT                            F188
[ G] ABS                              F033
[ G] AC8N1                            0014
[ G] ACCEPT                           F7EA
[ G] ACDIV16                          0001
[ G] ACIACTL                          D800
[ G] ACIADAT                          D801
[ G] ACIISVC                          0080
[ G] ACIOVRN                          0020
[ G] ACIRDRF                          0001
[ G] ACIRSET                          0043
[ G] ACIRTS0                          0095
[ G] ACIRTS1                          00D5
[ G] ACITDRE                          0002
[ G] ACQMOVP                          E5B9
[ G] ACQVMRA                          E5BC
[ G] ACRDINT                          0080
[ G] ACRST                            0003
[ G] ACRTS0                           0000
[ G] ACRTS1                           0040
[ G] ADDS                             E1BD
[ G] ADIV16                           E192
[ G] AGAIN                            F070
[ G] AGAIN1                           F088
[ G] AHEAD                            EE61
[ G] AHEAD1                           EE6C
[ G] ALIGN                            EC3F
[ G] ALLOT                            FD85
[ G] ANCMPF                           013C
[ G] AND                              EF59
[ G] APADBUF                          0307
[ G] AVL                              0005
[ G] BALCHK                           E88A
[ G] BALERR                           E88F
[ G] BALNCD                           013D
[ G] BASALST                          FFE4
[ G] BASBKUP                          013E
[ G] BASE                             FC33
[ G] BASESET                          FC4D
[ G] BCSOPC                           2503
[ G] BDICEND                          0114
[ G] BDIRTY                           0004
[ G] BEGIN                            F05C
[ G] BFDISP                           0410
[ G] BINUSE                           0001
[ G] BKCHAR                           F33C
[ G] BKIN2PT                          E8C9
[ G] BKQUOT                           F211
[ G] BKSLSH                           F3D4
[ G] BL                               F765
[ G] BLANK                            FDBD
[ G] BLK                              EBDD
[ G] BLKSIZ                           0400
[ G] BLOCK                            EB8C
[ G] BLSTWAD                          0112
[ G] BMAPPD                           0002
[ G] BNEOPC                           2603
[ G] BOBLKNO                          0402
[ G] BOFLAGS                          0401
[ G] BOOTMSG                          FE88
[ G] BS                               0008
[ G] BSBFADR                          0128
[ G] BUF0                             0610
[ G] BUF1                             0A20
[ G] BUFFER                           EB44
[ G] BYE                              F333
[ G] CATCH                            EAA4
[ G] CCLR                             E35C
[ G] CCOMMA                           FD62
[ G] CCREGM                           E21F
[ G] CELLP                            EAD1
[ G] CELLS                            F9E3
[ G] CF1BKRD                          E9E3
[ G] CF1BKWR                          E9F9
[ G] CF1BPRE                          E9C6
[ G] CF1SRD                           E992
[ G] CF1SWR                           E9B1
[ G] CFANTHS                          E93D
[ G] CFBASE                           C000
[ G] CFBSYB                           0080
[ G] CFCARDP                          014E
[ G] CFCHIGR                          C005
[ G] CFCLOWR                          C004
[ G] CFCMDIS                          E922
[ G] CFCMMIR                          014F
[ G] CFCOMDR                          C007
[ G] CFDATAR                          C000
[ G] CFDRHDR                          C006
[ G] CFDRQB                           0008
[ G] CFDRSEL                          E934
[ G] CFDSCB                           0010
[ G] CFDWFB                           0020
[ G] CFERRB                           0001
[ G] CFERRCD                          0150
[ G] CFERRCK                          E915
[ G] CFERROR                          C001
[ G] CFETCH                           FE5C
[ G] CFFEATR                          C001
[ G] CFIDDEV                          00EC
[ G] CFINIAB                          E991
[ G] CFINIT                           E95B
[ G] CFLAG                            0001
[ G] CFR1SRA                          E9B0
[ G] CFRDY                            E8FF
[ G] CFRDYB                           0040
[ G] CFRSCTS                          0020
[ G] CFSCNTR                          C002
[ G] CFSCSZ                           0200
[ G] CFSETFT                          00EF
[ G] CFSNUMR                          C003
[ G] CFSTATR                          C007
[ G] CFWAIT                           E8F7
[ G] CFWSCTS                          0030
[ G] CHAR                             F34A
[ G] CHKNDPT                          EA0F
[ G] CKDPTRA                          EA19
[ G] CKNBPFX                          E3D6
[ G] CMDBFSZ                          0084
[ G] CMDBUF                           022F
[ G] CMOVD1                           FDDB
[ G] CMOVE                            FDE9
[ G] CMOVED                           FDCB
[ G] CMP2                             E5A5
[ G] CMP2RA                           E5A8
[ G] CMPCOMA                          F256
[ G] COMMA                            FD75
[ G] COMP                             E11B
[ G] COMPC                            F267
[ G] COMPC1                           F26D
[ G] COMPLRA                          E12D
[ G] COMPR                            F298
[ G] CONS                             ECF2
[ G] COUNT                            F7D5
[ G] CPOP                             E875
[ G] CPUSH                            E85E
[ G] CPUSH1                           E870
[ G] CR                               000D
[ G] CREAT1                           EC97
[ G] CREATE                           EC76
[ G] CRLF                             F7A4
[ G] CRLFSTR                          FEE0
[ G] CSP                              0102
[ G] CSROL1                           EEA6
[ G] CSSNTVE                          0000
[ G] CSTBOT                           05DE
[ G] CSTKSZ                           0080
[ G] CSTORE                           FE3F
[ G] CSTTOP                           055E
[ G] CSVT100                          FE80
[ G] CURTOKL                          0149
[ G] CVISSGN                          0148
[ G] CVNSTR                           E479
[ G] CVT                              F62C
[ G] CVT0                             F632
[ G] CVT1                             F63A
[ G] CVTB                             F6EF
[ G] CVTE                             F5E6
[ G] CVTFCN                           0145
[ G] DBDIVSG                          F68C
[ G] DDUMP                            FC71
[SG] DEBUG                            0000
[SG] DEBUG                            0000
[ G] DECIMAL                          FC40
[ G] DEFFLG                           014C
[ G] DEFFLM                           0040
[ G] DEPTH                            EC61
[ G] DEV0                             C000
[ G] DEV1                             C400
[ G] DEV2                             C800
[ G] DEV3                             CC00
[ G] DEV4                             D000
[ G] DEV5                             D400
[ G] DEV6                             D800
[ G] DEV7                             DC00
[ G] DICEND                           0110
[ G] DIFF                             EEFD
[ G] DIV                              FA40
[ G] DIV1                             FA48
[ G] DIVDBL                           0140
[ G] DIVFCN                           013F
[ G] DIVSYM                           0141
[ G] DLESS                            F4B8
[ G] DMINUS                           F494
[ G] DNEG                             F472
[ G] DO                               EDAD
[ G] DOES                             EC9F
[ G] DOESEX                           ECB1
[ G] DOEX                             EDC4
[ G] DOT                              F6F8
[ G] DOTR                             F720
[ G] DOTR0                            F729
[ G] DOTTICK                          FC5B
[ G] DPLUS                            F45A
[ G] DPOPRA                           E823
[ G] DPREGM                           E22B
[ G] DPSHRA                           E811
[ G] DREGM                            E223
[ G] DROP                             FCDD
[ G] DUP                              FCCF
[ G] DV0ERRM                          FF17
[ G] DVFDIV                           0002
[ G] DVFMASK                          0007
[ G] DVFMOD                           0001
[ G] DVFSLMD                          0000
[ G] DVOA1D                           0008
[ G] DVOWSYM                          0010
[ G] DZEQ                             F4AC
[ G] EABORT                           FFFFFFFF
[ G] EABRTQ                           FFFFFFFE
[ G] EBUFS                            EA2D
[ G] ECLR                             E362
[ G] EDIVZR                           FFFFFFF6
[ G] EDSOVF                           FFFFFFFD
[ G] EDSUDF                           FFFFFFFC
[ G] EESOVF                           FFFFFFDF
[ G] EILCST                           FFFFFFEA
[ G] EINOOR                           FFFFFFE0
[ G] ELSE                             EE94
[ G] EMIT                             F8E0
[ G] EMPTYB                           EA3D
[ G] EMXASXT                          E158
[ G] ENAMLN                           FFFFFFED
[ G] ENOCRE                           FFFFFFE1
[ G] ENONAM                           FFFFFFF0
[ G] ENOSUP                           FFFFFFEB
[ G] EOORNG                           FFFFFFF5
[ G] EPOP                             EA9B
[ G] EPUSH                            EA83
[ G] EQ                               EEE5
[ G] ERONLY                           FFFFFFEC
[ G] ERRHDLR                          E749
[ G] ERRMTBL                          FF1D
[ G] ERSOVF                           FFFFFFFB
[ G] ERSUDF                           FFFFFFFA
[ G] ESP                              0104
[ G] ESSEGV                           FFFFFFF7
[ G] ESTATE                           FFFFFFF2
[ G] ESTBOT                           060E
[ G] ESTKSZ                           0030
[ G] ESTTOP                           05DE
[ G] ETX                              0003
[ G] EUINTR                           FFFFFFE4
[ G] EUNDEF                           FFFFFFF3
[ G] EVAL                             F863
[ G] EVRDPTH                          E823
[ G] EXCT                             F31D
[ G] EXIT                             F093
[ G] F83DIVF                          0143
[ G] FALSE                            F92F
[ G] FDCTSYM                          E5C7
[ G] FDIVADJ                          FAB0
[ G] FETCH                            FE74
[ G] FFLAG                            0040
[ G] FILL                             FD97
[ G] FILL1                            FDA3
[ G] FIND                             F195
[ G] FINDSYM                          E637
[ G] FIRQHDL                          E253
[ G] FLUSH                            EB1F
[ G] FMSLMOD                          FA22
[ G] FNDPLD                           0118
[ G] FORTHIN                          E368
[ G] FWDREF                           011E
[ G] GETCH                            E2AF
[ G] GETS                             E315
[ G] HDMP2                            E1AF
[ G] HDMP4                            E197
[ G] HERE                             FE20
[ G] HEX                              FC50
[ G] HEX1D                            E17F
[ G] HEXBFSZ                          0050
[ G] HEXBUF                           01DF
[ G] HOLD                             F613
[ G] HT                               0009
[ G] HVNMI                            0001
[ G] HVNMI2                           0000
[ G] ICHECK                           ED5E
[ G] IF                               EE82
[ G] IFLAG                            0010
[ G] ILLOPC                           00C7
[ G] IMDFLG                           014B
[ G] IMDFLM                           0080
[ G] IMMED                            ED1F
[ G] IMMED1                           ED2D
[ G] INDI                             F123
[ G] INDIP                            F14C
[ G] INDJ                             F156
[ G] INDJP                            F15F
[ G] INDK                             F169
[ G] INF                              EFF5
[ G] INIT                             E04D
[ G] INTERP                           E0B8
[ G] INTISRA                          E0F8
[ G] INTRPRA                          E101
[ G] INVERT                           EF6C
[ G] IODZHDL                          E000
[ G] IOERR                            E9AB
[ G] IOPERRM                          FF11
[ G] IOSTRT                           C000
[ G] IRQHDL                           E03C
[ G] ISDBLF                           0147
[ G] ISEADDR                          0130
[ G] ISERCHD                          E38A
[ G] ISLEN                            012E
[ G] ISNEGF                           0146
[ G] JMPOPC                           007E
[ G] JSRLAST                          011C
[ G] JSROPC                           00BD
[ G] KEY                              F8CF
[ G] KEYP                             F8BD
[ G] LAST                             FE14
[ G] LBRACK                           F1E3
[ G] LDXOPC                           008E
[ G] LEAVE                            F105
[ G] LF                               000A
[ G] LIST                             EC01
[ G] LITER                            E589
[ G] LITERAL                          ECCF
[ G] LOAD                             F832
[ G] LOAD1                            F83F
[ G] LOAD2                            F84D
[ G] LOCWRT                           E52E
[ G] LOOP                             EDCD
[ G] LOOP1                            EDD7
[ G] LOOPEX                           EE14
[ G] LPAR                             F3B2
[ G] LSTWAD                           010E
[ G] LWMNRA                           E545
[ G] MARKER                           F2E9
[ G] MAX                              F003
[SG] MCCABE                           0000
[ G] MILLIS                           F8A7
[ G] MILLIS1                          F8B1
[ G] MIN                              F01B
[ G] MIN1PST                          EA19
[ G] MIN2PST                          EA1E
[ G] MIN3PST                          EA23
[ G] MIN4PST                          EA28
[ G] MINTLRA                          E0C3
[ G] MINUS                            F91F
[ G] MOD                              FA0B
[ G] MONITOR                          ED53
[ G] MOVE                             FDF8
[ G] MROT                             FD57
[ G] MRUBUFA                          0126
[ G] MSLCNT                           031A
[ G] MSTAR                            F98F
[ G] MULFCN                           0142
[ G] MULT                             F974
[ G] MULT1                            F97A
[ G] NAK                              0015
[ G] NCLR                             E352
[ G] NDCTWKS                          E65C
[ G] NEGATE                           F049
[ G] NIP                              FCC5
[ G] NMCVCRA                          E13F
[ G] NMCVIRA                          E0D6
[ G] NMI2DM                           E1C7
[ G] NMI4DM                           E1CD
[ G] NMIDML                           E1D3
[ G] NMIHDL                           E1DC
[ G] NONAME                           F288
[ G] NOT                              EFC1
[ G] NPOP                             E812
[ G] NPUSH                            E803
[ G] NSTBOT                           045E
[ G] NSTKSZ                           0100
[ G] NSTTOP                           035E
[ G] NUL                              0000
[ G] NULP                             EFA6
[ G] NUMCVRA                          E472
[ G] NUMCVT                           E3FC
[ G] NXTCHAR                          E3CF
[ G] OKFEEDB                          FEF6
[ G] ONEM                             F901
[ G] ONEP                             F910
[ G] OR                               EF47
[ G] OVER                             FD23
[ G] PAD                              F7AC
[ G] PADBSZ                           0054
[ G] PADBUF                           02B3
[ G] PAGE                             F797
[ G] PAYLOAD                          FB4F
[ G] PCREGM                           E23C
[ G] PICK                             FCFA
[ G] PICK1                            FD04
[ G] PLOAD                            0116
[ G] PLOOP                            EE19
[ G] PLOOPEX                          EE26
[ G] PLOPEX1                          EE29
[ G] PLUS                             F8F1
[ G] PLUSST                           FE2C
[ G] POSTPON                          F21C
[ G] pragma                           0000
[ G] PRBLKIN                          E724
[ G] PREAPAD                          F678
[ G] PSTR                             F3F1
[ G] PTOP0                            F700
[ G] PUTCH                            E2E2
[ G] PUTCR                            E300
[ G] PUTS                             E2F4
[ G] PUTSP                            E2DA
[ G] QDO                              ED68
[ G] QDO1                             ED8C
[ G] QDOEX                            ED93
[ G] QMARK                            FE6A
[ G] QRYDUP                           FCA9
[ G] QUAD                             0106
[ G] QUIT                             F172
[ G] RAKEVAR                          0120
[ G] RAMCHK                           E05D
[ G] RAMFAIL                          E06F
[ G] RAMFM                            FEE3
[SG] RAMFTCH                          0E34
[ G] RAMOK                            E081
[ G] RAMOKM                           FED3
[ G] RAMSIZE                          8000
[ G] RAMSTRT                          0000
[ G] RBRACK                           F1DA
[ G] RBRACK1                          F1E0
[ G] RCLR                             E356
[ G] READLN                           E16C
[ G] REALEND                          FE80
[ G] RECADDR                          011A
[ G] RECURSE                          F2DA
[ G] REFILL                           EBBA
[SG] RELFEAT                          0000
[SG] RELFEAT                          0001
[ G] REPEAT                           F0E1
[ G] RFETCH                           F145
[ G] RFROM                            F0EF
[ G] ROLL                             FD2F
[ G] ROLL1                            FD39
[ G] ROMSTRT                          E000
[ G] ROT                              FD4C
[ G] RPICKN                           F129
[ G] RPOP                             E846
[ G] RPOPRA                           E85E
[ G] RPSHRA                           E845
[ G] RPUSH                            E82B
[ G] RSBSPFX                          E472
[ G] RSP                              0100
[ G] RSTBOT                           055E
[ G] RSTHDL                           E03D
[ G] RSTINP                           E8AF
[ G] RSTKSZ                           0100
[ G] RSTRCT                           ED37
[ G] RSTTOP                           045E
[ G] RTCAVL                           014D
[ G] RTCFEAT                          0000
[ G] RTSOPC                           0039
[ G] SANRST                           FEFC
[ G] SAVBUF                           EAE3
[ G] SAVINP                           E894
[ G] SCNETOK                          E3B7
[ G] SCNSTOK                          E3A4
[ G] SCR                              EBF5
[ G] SERBCNT                          0155
[ G] SERBDEQ                          0154
[ G] SERBENQ                          0153
[ G] SERBSZ                           0040
[ G] SERBUF                           0157
[ G] SHARPS                           F621
[ G] SHIFT                            F949
[ G] SIGN                             F5FE
[ G] SINFEQ                           EF16
[ G] SLEN                             E245
[ G] SLMOD                            FA17
[ G] SMSLREM                          FA31
[ G] SOURCE                           F3C1
[ G] SP                               0020
[ G] SPACE                            F770
[ G] SPACES                           F77B
[ G] SQUOTE                           F405
[ G] SQUOTFN                          0152
[ G] SRCID                            0151
[ G] SREGM                            E241
[ G] SSDFEAT                          0001
[ G] STATE                            FC25
[ G] STOD                             EC48
[ G] STORE                            FE4E
[ G] STRSL1                           FAC6
[ G] STRSLMD                          FAF1
[ G] STRSLSH                          FABD
[ G] STSLFCN                          0144
[ G] SUP                              EFE7
[ G] SVCTOKL                          014A
[ G] SWAP                             FCE7
[ G] SWDIC                            E4C0
[ G] SWDIC1                           E4C5
[ G] SWI2HDL                          E03C
[ G] SWI3HDL                          E03C
[ G] SWIHDL                           E03C
[ G] SYSSTAT                          FB45
[ G] SYSSTK                           FB3C
[ G] SYSTHR8                          EA60
[ G] SYSTHRO                          EA61
[ G] TBUFF                            0197
[ G] TBUFSZ                           0048
[ G] TERPRET                          F802
[ G] THEEND                           FE74
[ G] THEN                             EEC6
[ G] THROW                            EA4E
[ G] THRU                             F886
[ G] TICK                             F1EA
[ G] TIKSHI                           0138
[ G] TIKSLOW                          013A
[ G] TOIN                             EBE9
[ G] TOKENEP                          010C
[ G] TOKENSP                          010A
[ G] TONUMBR                          F55B
[ G] TOR                              F0FA
[ G] TRUE                             F93C
[ G] TUCK                             FCBA
[ G] TWODIV                           F9FC
[ G] TWODROP                          F512
[ G] TWODUP                           F520
[ G] TWOFTCH                          F548
[ G] TWOOVER                          F4DE
[ G] TWOSTOR                          F537
[ G] TWOSWAP                          F4F6
[ G] TWOTIM                           F9ED
[ G] TYPE                             F7B8
[ G] U2INFRD                          E167
[ G] UBASE                            012A
[ G] UBLK                             0134
[ G] UDOT                             F717
[ G] UDOTR                            F75B
[ G] UINF                             EFD8
[ G] UMSLMOD                          FAFD
[ G] UMSTAR                           F99A
[ G] UNCEXC                           FF06
[ G] UNLOOP                           EE52
[ G] UNMON                            ED46
[ G] UNTIL                            F0B4
[ G] UPDATE                           EB2C
[ G] UREGM                            E238
[ G] USCR                             0136
[ G] USTATE                           012C
[ G] USUP                             EFC9
[ G] UTOIN                            0132
[ G] VARCON                           E59B
[ G] VARCON1                          E59D
[ G] VARCON2                          E5A0
[ G] VARI                             ED08
[ G] VARSPC                           0100
[ G] VECTBL                           FFF0
[ G] VLPRVEP                          0122
[ G] VLPRVHD                          0124
[ G] WBIFDRT                          EAFA
[ G] WDICSPC                          0E30
[ G] WHILE                            F0D3
[ G] WIEN2IN                          E106
[ G] WORD                             F370
[ G] WORD1                            F379
[ G] WORDS                            FB5E
[ G] WREGM                            E227
[ G] WRLNMSK                          001F
[ G] XMITOK                           0156
[ G] XOFF                             0013
[ G] XON                              0011
[ G] XOR                              EF31
[ G] XOR1                             EF42
[ G] XREGM                            E230
[ G] YREGM                            E234
[ G] ZFLAG                            0004
[ G] ZGREAT                           EF81
[ G] ZGRT0                            EF90
[ G] ZGRT1                            EF92
[ G] ZLESS                            EF95
[ G] ZNEQ                             EFB7
